#
# A fatal error has been detected by the Java Runtime Environment:
#
#  EXCEPTION_ACCESS_VIOLATION (0xc0000005) at pc=0x00007ffd3f93879a, pid=34428, tid=19460
#
# JRE version: OpenJDK Runtime Environment Corretto-11.0.22.7.1 (11.0.22+7) (build 11.0.22+7-LTS)
# Java VM: OpenJDK 64-Bit Server VM Corretto-11.0.22.7.1 (11.0.22+7-LTS, mixed mode, tiered, compressed oops, g1 gc, windows-amd64)
# Problematic frame:
# V  [jvm.dll+0x7b879a]
#
# No core dump will be written. Minidumps are not enabled by default on client versions of Windows
#
# If you would like to submit a bug report, please visit:
#   https://github.com/corretto/corretto-11/issues/
#

---------------  S U M M A R Y ------------

Command Line: -Dfile.encoding=UTF-8 -Duser.country=CN -Duser.language=zh -Duser.variant JustinWrapperKt

Host: 12th Gen Intel(R) Core(TM) i7-12700, 20 cores, 15G,  Windows 11 , 64 bit Build 26100 (10.0.26100.7309)
Time: Thu Dec 18 00:30:33 2025  Windows 11 , 64 bit Build 26100 (10.0.26100.7309) elapsed time: 7498.392475 seconds (0d 2h 4m 58s)

---------------  T H R E A D  ---------------

Current thread (0x000001f200253800):  JavaThread "Time-limited test" daemon [_thread_in_vm, id=19460, stack(0x00000034b1700000,0x00000034b1800000)]

Stack: [0x00000034b1700000,0x00000034b1800000],  sp=0x00000034b17fe660,  free space=1017k
Native frames: (J=compiled Java code, j=interpreted, Vv=VM code, C=native code)
V  [jvm.dll+0x7b879a]
C  0x000001f25f2af777

Java frames: (J=compiled Java code, j=interpreted, Vv=VM code)
j  jdk.internal.misc.Unsafe.putShort(Ljava/lang/Object;JS)V+0 java.base@11.0.22
j  sun.misc.Unsafe.putShort(Ljava/lang/Object;JS)V+7 jdk.unsupported@11.0.22
j  com.alibaba.fastjson2.util.IOUtils.putShort([BIS)V+24
j  com.alibaba.fastjson2.util.IOUtils_Test.test_putShort_3_126()V+27
v  ~StubRoutines::call_stub
J 15723  jdk.internal.reflect.NativeMethodAccessorImpl.invoke0(Ljava/lang/reflect/Method;Ljava/lang/Object;[Ljava/lang/Object;)Ljava/lang/Object; java.base@11.0.22 (0 bytes) @ 0x000001f267512dcf [0x000001f267512d40+0x000000000000008f]
J 21771 c2 java.util.concurrent.FutureTask.run()V java.base@11.0.22 (123 bytes) @ 0x000001f269070228 [0x000001f26906fc00+0x0000000000000628]
J 21243 c2 java.lang.Thread.run()V java.base@11.0.22 (17 bytes) @ 0x000001f268dd0a6c [0x000001f268dd0a20+0x000000000000004c]
v  ~StubRoutines::call_stub

siginfo: EXCEPTION_ACCESS_VIOLATION (0xc0000005), writing address 0x000000082f83b0ec


Register to memory mapping:

RIP=0x00007ffd3f93879a jvm.dll
RAX=0x0000000000007fff is an unknown value
RBX=0x000001f200253800 is a thread
RCX=0x00000007f0c80838 is an oop: [B 
{0x00000007f0c80838} - klass: {type array byte}
 - length: 3
RDX=0x00000034b17fe768 is pointing into the stack for thread: 0x000001f200253800
RSP=0x00000034b17fe660 is pointing into the stack for thread: 0x000001f200253800
RBP=0x00000034b17fe728 is pointing into the stack for thread: 0x000001f200253800
RSI=0x000000003ebba8b4 is an unknown value
RDI=0x00000034b17fe760 is pointing into the stack for thread: 0x000001f200253800
R8 =0x00000034b17fe760 is pointing into the stack for thread: 0x000001f200253800
R9 =0x000000003ebba8b4 is an unknown value
R10=0x000001f25f2af748 is at code_begin+1000 in an Interpreter codelet
method entry point (kind = native)  [0x000001f25f2af360, 0x000001f25f2afe00]  2720 bytes
R11=0x0000000000000101 is an unknown value
R12=0x0 is NULL
R13=0x000001f27be70c30 is pointing into metadata
R14=0x00000034b17fe768 is pointing into the stack for thread: 0x000001f200253800
R15=0x000001f200253800 is a thread


Registers:
RAX=0x0000000000007fff, RBX=0x000001f200253800, RCX=0x00000007f0c80838, RDX=0x00000034b17fe768
RSP=0x00000034b17fe660, RBP=0x00000034b17fe728, RSI=0x000000003ebba8b4, RDI=0x00000034b17fe760
R8 =0x00000034b17fe760, R9 =0x000000003ebba8b4, R10=0x000001f25f2af748, R11=0x0000000000000101
R12=0x0000000000000000, R13=0x000001f27be70c30, R14=0x00000034b17fe768, R15=0x000001f200253800
RIP=0x00007ffd3f93879a, EFLAGS=0x0000000000010202

Top of Stack: (sp=0x00000034b17fe660)
0x00000034b17fe660:   0000000000000003 0000000100000003
0x00000034b17fe670:   0000000000000000 00007ffd3f93147f
0x00000034b17fe680:   0000000000000001 000001f25f2af777
0x00000034b17fe690:   000001f27be70c38 00000034b17fed70
0x00000034b17fe6a0:   0000000000000001 000001f200253800
0x00000034b17fe6b0:   000001f200007fff 00007ffd3f794f45
0x00000034b17fe6c0:   0000000000000000 000001f200253800
0x00000034b17fe6d0:   0000000000000000 0000000000000000
0x00000034b17fe6e0:   00000034b17fe6e0 0000000000000000
0x00000034b17fe6f0:   00000034b17fe768 000001f27bec2c38
0x00000034b17fe700:   0000000000000000 00000007051b72e8
0x00000034b17fe710:   000001f27be70c38 0000000000000000
0x00000034b17fe720:   00000034b17fe748 00000034b17fe7b8
0x00000034b17fe730:   000001f25f2aa527 0000000000000000
0x00000034b17fe740:   000001f25f2ac6f8 0000000000007fff
0x00000034b17fe750:   000000003ebba8b4 0000000000000000 

Instructions: (pc=0x00007ffd3f93879a)
0x00007ffd3f93869a:   00 00 48 8b 5c 24 30 48 83 c4 20 5f c3 cc cc cc
0x00007ffd3f9386aa:   cc cc cc cc cc cc 48 89 5c 24 08 48 89 74 24 10
0x00007ffd3f9386ba:   57 48 83 ec 20 8b 81 90 00 00 00 48 8d 99 b8 fc
0x00007ffd3f9386ca:   ff ff 05 55 21 ff ff 49 8b f1 49 8b f8 83 f8 01
0x00007ffd3f9386da:   76 0a 48 8b cb e8 7c b3 fd ff 33 db c7 83 c0 03
0x00007ffd3f9386ea:   00 00 05 00 00 00 80 3d 99 c2 2c 00 00 75 09 83
0x00007ffd3f9386fa:   3d e0 8b 34 00 01 74 19 80 3d 88 c2 2c 00 00 74
0x00007ffd3f93870a:   08 e8 20 e2 e7 ff 90 eb 08 48 8b cb e8 75 e1 95
0x00007ffd3f93871a:   ff 83 3d 6e d4 34 00 01 75 1b 48 8b 03 48 8b cb
0x00007ffd3f93872a:   ff 50 20 84 c0 74 0e 48 8b 83 08 01 00 00 c0 e8
0x00007ffd3f93873a:   03 24 01 eb 0b 8b 05 db d0 34 00 85 c0 0f 95 c0
0x00007ffd3f93874a:   84 c0 75 0d 8b 83 d8 00 00 00 a9 00 00 00 30 74
0x00007ffd3f93875a:   08 48 8b cb e8 ed b9 fd ff c7 83 c0 03 00 00 06
0x00007ffd3f93876a:   00 00 00 48 85 ff 74 2e 40 f6 c7 01 74 0c 48 8d
0x00007ffd3f93877a:   4f ff ff 15 d6 96 2c 00 eb 09 48 8b cf ff 15 c3
0x00007ffd3f93878a:   96 2c 00 48 8b c8 48 85 c0 74 0b 0f b7 44 24 50
0x00007ffd3f93879a:   66 89 04 31 eb 16 0f b7 44 24 50 c6 83 e4 03 00
0x00007ffd3f9387aa:   00 01 66 89 06 c6 83 e4 03 00 00 00 48 8b bb f0
0x00007ffd3f9387ba:   00 00 00 48 8b 47 10 48 8b 77 08 48 83 38 00 74
0x00007ffd3f9387ca:   19 48 8b 57 28 48 8b ce e8 39 9e 90 ff 48 8b 4f
0x00007ffd3f9387da:   10 e8 a0 9d 90 ff 48 8b 47 10 48 89 46 10 48 8b
0x00007ffd3f9387ea:   47 18 48 89 46 18 48 8b 47 20 48 89 46 20 c7 83
0x00007ffd3f9387fa:   c0 03 00 00 07 00 00 00 80 3d 87 c1 2c 00 00 75
0x00007ffd3f93880a:   09 83 3d ce 8a 34 00 01 74 19 80 3d 76 c1 2c 00
0x00007ffd3f93881a:   00 74 08 e8 0e e1 e7 ff 90 eb 08 48 8b cb e8 63
0x00007ffd3f93882a:   e0 95 ff 83 3d 5c d3 34 00 01 75 0e 48 8b 83 08
0x00007ffd3f93883a:   01 00 00 c0 e8 03 a8 01 74 08 48 8b cb e8 d4 7c
0x00007ffd3f93884a:   ef ff 48 8b 74 24 38 c7 83 c0 03 00 00 04 00 00
0x00007ffd3f93885a:   00 48 8b 5c 24 30 48 83 c4 20 5f c3 cc cc cc cc
0x00007ffd3f93886a:   cc cc cc cc cc cc 48 89 5c 24 08 48 89 6c 24 10
0x00007ffd3f93887a:   48 89 74 24 18 57 48 83 ec 20 8b 81 90 00 00 00
0x00007ffd3f93888a:   48 8d 99 b8 fc ff ff 05 55 21 ff ff 49 8b f1 49 


Stack slot to memory mapping:
stack at sp + 0 slots: 0x0000000000000003 is an unknown value
stack at sp + 1 slots: 0x0000000100000003 is an unknown value
stack at sp + 2 slots: 0x0 is NULL
stack at sp + 3 slots: 0x00007ffd3f93147f jvm.dll
stack at sp + 4 slots: 0x0000000000000001 is an unknown value
stack at sp + 5 slots: 0x000001f25f2af777 is at code_begin+1047 in an Interpreter codelet
method entry point (kind = native)  [0x000001f25f2af360, 0x000001f25f2afe00]  2720 bytes
stack at sp + 6 slots: {method} {0x000001f27be70c40} 'putShort' '(Ljava/lang/Object;JS)V' in 'jdk/internal/misc/Unsafe'
stack at sp + 7 slots: 0x00000034b17fed70 is pointing into the stack for thread: 0x000001f200253800


---------------  P R O C E S S  ---------------

Threads class SMR info:
_java_thread_list=0x000001f20f9d5d00, length=22, elements={
0x000001f255571800, 0x000001f27c683000, 0x000001f27c686800, 0x000001f27c6f7000,
0x000001f27c6f8000, 0x000001f27c6fb000, 0x000001f27c6fe800, 0x000001f27c6ff800,
0x000001f27c700800, 0x000001f27c8b4000, 0x000001f20718a800, 0x000001f207188000,
0x000001f20a616000, 0x000001f20a616800, 0x000001f20a614800, 0x000001f20a615000,
0x000001f20d6b6000, 0x000001f20d6b6800, 0x000001f2092dc000, 0x000001f206c02800,
0x000001f209607800, 0x000001f200253800
}

Java Threads: ( => current thread )
  0x000001f255571800 JavaThread "main" [_thread_blocked, id=5308, stack(0x00000034adf00000,0x00000034ae000000)]
  0x000001f27c683000 JavaThread "Reference Handler" daemon [_thread_blocked, id=14740, stack(0x00000034ae600000,0x00000034ae700000)]
  0x000001f27c686800 JavaThread "Finalizer" daemon [_thread_blocked, id=5596, stack(0x00000034ae700000,0x00000034ae800000)]
  0x000001f27c6f7000 JavaThread "Signal Dispatcher" daemon [_thread_blocked, id=36460, stack(0x00000034ae800000,0x00000034ae900000)]
  0x000001f27c6f8000 JavaThread "Attach Listener" daemon [_thread_blocked, id=36440, stack(0x00000034ae900000,0x00000034aea00000)]
  0x000001f27c6fb000 JavaThread "Service Thread" daemon [_thread_blocked, id=3364, stack(0x00000034aea00000,0x00000034aeb00000)]
  0x000001f27c6fe800 JavaThread "C2 CompilerThread0" daemon [_thread_blocked, id=4048, stack(0x00000034aeb00000,0x00000034aec00000)]
  0x000001f27c6ff800 JavaThread "C1 CompilerThread0" daemon [_thread_blocked, id=9440, stack(0x00000034aec00000,0x00000034aed00000)]
  0x000001f27c700800 JavaThread "Sweeper thread" daemon [_thread_blocked, id=20580, stack(0x00000034aed00000,0x00000034aee00000)]
  0x000001f27c8b4000 JavaThread "Common-Cleaner" daemon [_thread_blocked, id=32088, stack(0x00000034af000000,0x00000034af100000)]
  0x000001f20718a800 JavaThread "Java2D Disposer" daemon [_thread_blocked, id=36804, stack(0x00000034af900000,0x00000034afa00000)]
  0x000001f207188000 JavaThread "AWT-Windows" daemon [_thread_in_native, id=4680, stack(0x00000034afb00000,0x00000034afc00000)]
  0x000001f20a616000 JavaThread "Time-limited test" daemon [_thread_blocked, id=17884, stack(0x00000034ade00000,0x00000034adf00000)]
  0x000001f20a616800 JavaThread "Time-limited test" daemon [_thread_blocked, id=15876, stack(0x00000034aee00000,0x00000034aef00000)]
  0x000001f20a614800 JavaThread "Time-limited test" daemon [_thread_blocked, id=33532, stack(0x00000034af700000,0x00000034af800000)]
  0x000001f20a615000 JavaThread "Time-limited test" daemon [_thread_blocked, id=33884, stack(0x00000034af800000,0x00000034af900000)]
  0x000001f20d6b6000 JavaThread "Time-limited test" daemon [_thread_blocked, id=35948, stack(0x00000034afa00000,0x00000034afb00000)]
  0x000001f20d6b6800 JavaThread "Time-limited test" daemon [_thread_blocked, id=4408, stack(0x00000034b1600000,0x00000034b1700000)]
  0x000001f2092dc000 JavaThread "Thread-1569" [_thread_in_Java, id=18168, stack(0x00000034add00000,0x00000034ade00000)]
  0x000001f206c02800 JavaThread "Thread-2041" [_thread_blocked, id=33632, stack(0x00000034adc00000,0x00000034add00000)]
  0x000001f209607800 JavaThread "pool-350-thread-1" [_thread_blocked, id=38668, stack(0x00000034afc00000,0x00000034afd00000)]
=>0x000001f200253800 JavaThread "Time-limited test" daemon [_thread_in_vm, id=19460, stack(0x00000034b1700000,0x00000034b1800000)]

Other Threads:
  0x000001f27c65d000 VMThread "VM Thread" [stack: 0x00000034ae500000,0x00000034ae600000] [id=32448]
  0x000001f27c8af800 WatcherThread [stack: 0x00000034aef00000,0x00000034af000000] [id=32912]
  0x000001f25558d000 GCTaskThread "GC Thread#0" [stack: 0x00000034ae000000,0x00000034ae100000] [id=33620]
  0x000001f27cf46000 GCTaskThread "GC Thread#1" [stack: 0x00000034af100000,0x00000034af200000] [id=35668]
  0x000001f27ceb5800 GCTaskThread "GC Thread#2" [stack: 0x00000034af200000,0x00000034af300000] [id=23700]
  0x000001f27cf63000 GCTaskThread "GC Thread#3" [stack: 0x00000034af400000,0x00000034af500000] [id=28492]
  0x000001f27d1c0800 GCTaskThread "GC Thread#4" [stack: 0x00000034af500000,0x00000034af600000] [id=23636]
  0x000001f27cd14000 GCTaskThread "GC Thread#5" [stack: 0x00000034af600000,0x00000034af700000] [id=22552]
  0x000001f206818000 GCTaskThread "GC Thread#6" [stack: 0x00000034b0b00000,0x00000034b0c00000] [id=10680]
  0x000001f206808800 GCTaskThread "GC Thread#7" [stack: 0x00000034b0c00000,0x00000034b0d00000] [id=23044]
  0x000001f20433a800 GCTaskThread "GC Thread#8" [stack: 0x00000034b0d00000,0x00000034b0e00000] [id=12820]
  0x000001f27f6d2000 GCTaskThread "GC Thread#9" [stack: 0x00000034b0e00000,0x00000034b0f00000] [id=1200]
  0x000001f204581800 GCTaskThread "GC Thread#10" [stack: 0x00000034b0f00000,0x00000034b1000000] [id=31476]
  0x000001f202104000 GCTaskThread "GC Thread#11" [stack: 0x00000034b1000000,0x00000034b1100000] [id=19940]
  0x000001f200184000 GCTaskThread "GC Thread#12" [stack: 0x00000034b1100000,0x00000034b1200000] [id=4748]
  0x000001f203164800 GCTaskThread "GC Thread#13" [stack: 0x00000034b1200000,0x00000034b1300000] [id=32260]
  0x000001f203164000 GCTaskThread "GC Thread#14" [stack: 0x00000034b1300000,0x00000034b1400000] [id=10944]
  0x000001f2555e9800 ConcurrentGCThread "G1 Main Marker" [stack: 0x00000034ae100000,0x00000034ae200000] [id=16516]
  0x000001f2555f2800 ConcurrentGCThread "G1 Conc#0" [stack: 0x00000034ae200000,0x00000034ae300000] [id=29508]
  0x000001f204361800 ConcurrentGCThread "G1 Conc#1" [stack: 0x00000034b0800000,0x00000034b0900000] [id=31640]
  0x000001f203fac000 ConcurrentGCThread "G1 Conc#2" [stack: 0x00000034b0900000,0x00000034b0a00000] [id=35528]
  0x000001f201d38000 ConcurrentGCThread "G1 Conc#3" [stack: 0x00000034b0a00000,0x00000034b0b00000] [id=36000]
  0x000001f2555eb000 ConcurrentGCThread "G1 Refine#0" [stack: 0x00000034ae300000,0x00000034ae400000] [id=26128]
  0x000001f27c713800 ConcurrentGCThread "G1 Refine#1" [stack: 0x00000034afd00000,0x00000034afe00000] [id=10892]
  0x000001f27c715000 ConcurrentGCThread "G1 Refine#2" [stack: 0x00000034afe00000,0x00000034aff00000] [id=24468]
  0x000001f201fe9800 ConcurrentGCThread "G1 Refine#3" [stack: 0x00000034aff00000,0x00000034b0000000] [id=35156]
  0x000001f201fea800 ConcurrentGCThread "G1 Refine#4" [stack: 0x00000034b0000000,0x00000034b0100000] [id=12456]
  0x000001f201fec000 ConcurrentGCThread "G1 Refine#5" [stack: 0x00000034b0100000,0x00000034b0200000] [id=38028]
  0x000001f201fed800 ConcurrentGCThread "G1 Refine#6" [stack: 0x00000034b0200000,0x00000034b0300000] [id=38116]
  0x000001f201feb000 ConcurrentGCThread "G1 Refine#7" [stack: 0x00000034b0300000,0x00000034b0400000] [id=24596]
  0x000001f201ff0000 ConcurrentGCThread "G1 Refine#8" [stack: 0x00000034b0400000,0x00000034b0500000] [id=38040]
  0x000001f201ff1800 ConcurrentGCThread "G1 Refine#9" [stack: 0x00000034b0500000,0x00000034b0600000] [id=32724]
  0x000001f201ff3000 ConcurrentGCThread "G1 Refine#10" [stack: 0x00000034b0600000,0x00000034b0700000] [id=23100]
  0x000001f201ff5000 ConcurrentGCThread "G1 Refine#11" [stack: 0x00000034b0700000,0x00000034b0800000] [id=32136]
  0x000001f202002800 ConcurrentGCThread "G1 Refine#12" [stack: 0x00000034b1400000,0x00000034b1500000] [id=23292]
  0x000001f202000000 ConcurrentGCThread "G1 Refine#13" [stack: 0x00000034b1500000,0x00000034b1600000] [id=10556]
  0x000001f202004000 ConcurrentGCThread "G1 Refine#14" [stack: 0x00000034af300000,0x00000034af400000] [id=38756]
  0x000001f27bcc8800 ConcurrentGCThread "G1 Young RemSet Sampling" [stack: 0x00000034ae400000,0x00000034ae500000] [id=14104]

Threads with active compile tasks:

VM state:not at safepoint (normal execution)

VM Mutex/Monitor currently owned by a thread: None

OutOfMemory and StackOverflow Exception counts:
OutOfMemoryError java_heap_errors=12
LinkageErrors=1370

Heap address: 0x0000000704c00000, size: 4020 MB, Compressed Oops mode: Zero based, Oop shift amount: 3
Narrow klass base: 0x0000000800000000, Narrow klass shift: 0
Compressed class space size: 1073741824 Address: 0x0000000800000000

Heap:
 garbage-first heap   total 4116480K, used 3411089K [0x0000000704c00000, 0x0000000800000000)
  region size 1024K, 332 young (339968K), 1 survivors (1024K)
 Metaspace       used 54977K, capacity 56024K, committed 64256K, reserved 1107968K
  class space    used 5071K, capacity 5484K, committed 6656K, reserved 1048576K
Heap Regions: E=young(eden), S=young(survivor), O=old, HS=humongous(starts), HC=humongous(continues), CS=collection set, F=free, A=archive, TAMS=top-at-mark-start (previous, next)
|   0|0x0000000704c00000, 0x0000000704cffff0, 0x0000000704d00000| 99%| O|  |TAMS 0x0000000704cffff0, 0x0000000704c00000| Updating 
|   1|0x0000000704d00000, 0x0000000704dffff8, 0x0000000704e00000| 99%| O|  |TAMS 0x0000000704dffff8, 0x0000000704d00000| Updating 
|   2|0x0000000704e00000, 0x0000000704effff0, 0x0000000704f00000| 99%| O|  |TAMS 0x0000000704effff0, 0x0000000704e00000| Updating 
|   3|0x0000000704f00000, 0x0000000705000000, 0x0000000705000000|100%| O|  |TAMS 0x0000000705000000, 0x0000000704f00000| Updating 
|   4|0x0000000705000000, 0x0000000705100000, 0x0000000705100000|100%| O|  |TAMS 0x0000000705100000, 0x0000000705000000| Updating 
|   5|0x0000000705100000, 0x0000000705200000, 0x0000000705200000|100%| O|  |TAMS 0x0000000705200000, 0x0000000705100000| Updating 
|   6|0x0000000705200000, 0x0000000705300000, 0x0000000705300000|100%| O|  |TAMS 0x0000000705300000, 0x0000000705200000| Updating 
|   7|0x0000000705300000, 0x00000007053ffff8, 0x0000000705400000| 99%| O|  |TAMS 0x00000007053ffff8, 0x0000000705300000| Updating 
|   8|0x0000000705400000, 0x00000007054ffff8, 0x0000000705500000| 99%| O|  |TAMS 0x00000007054ffff8, 0x0000000705400000| Updating 
|   9|0x0000000705500000, 0x00000007055ffff8, 0x0000000705600000| 99%| O|  |TAMS 0x00000007055ffff8, 0x0000000705500000| Updating 
|  10|0x0000000705600000, 0x00000007056ffff8, 0x0000000705700000| 99%| O|  |TAMS 0x00000007056ffff8, 0x0000000705600000| Updating 
|  11|0x0000000705700000, 0x0000000705800000, 0x0000000705800000|100%| O|  |TAMS 0x0000000705800000, 0x0000000705700000| Updating 
|  12|0x0000000705800000, 0x00000007058ffff0, 0x0000000705900000| 99%| O|  |TAMS 0x00000007058ffff0, 0x0000000705800000| Updating 
|  13|0x0000000705900000, 0x00000007059ffff0, 0x0000000705a00000| 99%| O|  |TAMS 0x00000007059ffff0, 0x0000000705900000| Updating 
|  14|0x0000000705a00000, 0x0000000705afffe8, 0x0000000705b00000| 99%| O|  |TAMS 0x0000000705afffe8, 0x0000000705a00000| Updating 
|  15|0x0000000705b00000, 0x0000000705c00000, 0x0000000705c00000|100%| O|  |TAMS 0x0000000705c00000, 0x0000000705b00000| Updating 
|  16|0x0000000705c00000, 0x0000000705cffff0, 0x0000000705d00000| 99%| O|  |TAMS 0x0000000705cffff0, 0x0000000705c00000| Updating 
|  17|0x0000000705d00000, 0x0000000705dfffc8, 0x0000000705e00000| 99%| O|  |TAMS 0x0000000705dfffc8, 0x0000000705d00000| Updating 
|  18|0x0000000705e00000, 0x0000000705f00000, 0x0000000705f00000|100%| O|  |TAMS 0x0000000705f00000, 0x0000000705e00000| Updating 
|  19|0x0000000705f00000, 0x0000000705fffff0, 0x0000000706000000| 99%| O|  |TAMS 0x0000000705fffff0, 0x0000000705f00000| Updating 
|  20|0x0000000706000000, 0x00000007060fffe0, 0x0000000706100000| 99%| O|  |TAMS 0x00000007060fffe0, 0x0000000706000000| Updating 
|  21|0x0000000706100000, 0x00000007061ffff0, 0x0000000706200000| 99%| O|  |TAMS 0x00000007061ffff0, 0x0000000706100000| Updating 
|  22|0x0000000706200000, 0x0000000706300000, 0x0000000706300000|100%| O|  |TAMS 0x0000000706300000, 0x0000000706200000| Updating 
|  23|0x0000000706300000, 0x00000007063ffff0, 0x0000000706400000| 99%| O|  |TAMS 0x00000007063ffff0, 0x0000000706300000| Updating 
|  24|0x0000000706400000, 0x0000000706500000, 0x0000000706500000|100%| O|  |TAMS 0x0000000706500000, 0x0000000706400000| Updating 
|  25|0x0000000706500000, 0x00000007065ffff0, 0x0000000706600000| 99%| O|  |TAMS 0x00000007065ffff0, 0x0000000706500000| Updating 
|  26|0x0000000706600000, 0x00000007066ffff0, 0x0000000706700000| 99%| O|  |TAMS 0x00000007066ffff0, 0x0000000706600000| Updating 
|  27|0x0000000706700000, 0x00000007067ffff8, 0x0000000706800000| 99%| O|  |TAMS 0x00000007067ffff8, 0x0000000706700000| Updating 
|  28|0x0000000706800000, 0x0000000706900000, 0x0000000706900000|100%| O|  |TAMS 0x0000000706900000, 0x0000000706800000| Updating 
|  29|0x0000000706900000, 0x0000000706a00000, 0x0000000706a00000|100%| O|  |TAMS 0x0000000706a00000, 0x0000000706900000| Updating 
|  30|0x0000000706a00000, 0x0000000706b00000, 0x0000000706b00000|100%| O|  |TAMS 0x0000000706b00000, 0x0000000706a00000| Updating 
|  31|0x0000000706b00000, 0x0000000706bffff8, 0x0000000706c00000| 99%| O|  |TAMS 0x0000000706bffff8, 0x0000000706b00000| Updating 
|  32|0x0000000706c00000, 0x0000000706cffff8, 0x0000000706d00000| 99%| O|  |TAMS 0x0000000706cffff8, 0x0000000706c00000| Updating 
|  33|0x0000000706d00000, 0x0000000706dffff8, 0x0000000706e00000| 99%| O|  |TAMS 0x0000000706dffff8, 0x0000000706d00000| Updating 
|  34|0x0000000706e00000, 0x0000000706f00000, 0x0000000706f00000|100%| O|  |TAMS 0x0000000706f00000, 0x0000000706e00000| Updating 
|  35|0x0000000706f00000, 0x0000000706fffff0, 0x0000000707000000| 99%| O|  |TAMS 0x0000000706fffff0, 0x0000000706f00000| Updating 
|  36|0x0000000707000000, 0x00000007070ffff0, 0x0000000707100000| 99%| O|  |TAMS 0x00000007070ffff0, 0x0000000707000000| Updating 
|  37|0x0000000707100000, 0x0000000707200000, 0x0000000707200000|100%| O|  |TAMS 0x0000000707200000, 0x0000000707100000| Updating 
|  38|0x0000000707200000, 0x0000000707300000, 0x0000000707300000|100%| O|  |TAMS 0x0000000707300000, 0x0000000707200000| Updating 
|  39|0x0000000707300000, 0x00000007073fffe8, 0x0000000707400000| 99%| O|  |TAMS 0x00000007073fffe8, 0x0000000707300000| Updating 
|  40|0x0000000707400000, 0x00000007074ffff8, 0x0000000707500000| 99%| O|  |TAMS 0x00000007074ffff8, 0x0000000707400000| Updating 
|  41|0x0000000707500000, 0x00000007075fffd8, 0x0000000707600000| 99%| O|  |TAMS 0x00000007075fffd8, 0x0000000707500000| Updating 
|  42|0x0000000707600000, 0x0000000707700000, 0x0000000707700000|100%| O|  |TAMS 0x0000000707700000, 0x0000000707600000| Updating 
|  43|0x0000000707700000, 0x0000000707800000, 0x0000000707800000|100%| O|  |TAMS 0x0000000707800000, 0x0000000707700000| Updating 
|  44|0x0000000707800000, 0x00000007078ffff0, 0x0000000707900000| 99%| O|  |TAMS 0x00000007078ffff0, 0x0000000707800000| Updating 
|  45|0x0000000707900000, 0x00000007079ffff0, 0x0000000707a00000| 99%| O|  |TAMS 0x00000007079ffff0, 0x0000000707900000| Updating 
|  46|0x0000000707a00000, 0x0000000707affff0, 0x0000000707b00000| 99%| O|  |TAMS 0x0000000707affff0, 0x0000000707a00000| Updating 
|  47|0x0000000707b00000, 0x0000000707bffff0, 0x0000000707c00000| 99%| O|  |TAMS 0x0000000707bffff0, 0x0000000707b00000| Updating 
|  48|0x0000000707c00000, 0x0000000707cffff0, 0x0000000707d00000| 99%| O|  |TAMS 0x0000000707cffff0, 0x0000000707c00000| Updating 
|  49|0x0000000707d00000, 0x0000000707e00000, 0x0000000707e00000|100%| O|  |TAMS 0x0000000707e00000, 0x0000000707d00000| Updating 
|  50|0x0000000707e00000, 0x0000000707f00000, 0x0000000707f00000|100%| O|  |TAMS 0x0000000707f00000, 0x0000000707e00000| Updating 
|  51|0x0000000707f00000, 0x0000000707ffffe8, 0x0000000708000000| 99%| O|  |TAMS 0x0000000707ffffe8, 0x0000000707f00000| Updating 
|  52|0x0000000708000000, 0x00000007080ffff0, 0x0000000708100000| 99%| O|  |TAMS 0x00000007080ffff0, 0x0000000708000000| Updating 
|  53|0x0000000708100000, 0x00000007081ffff8, 0x0000000708200000| 99%| O|  |TAMS 0x00000007081ffff8, 0x0000000708100000| Updating 
|  54|0x0000000708200000, 0x00000007082fffb0, 0x0000000708300000| 99%| O|  |TAMS 0x00000007082fffb0, 0x0000000708200000| Updating 
|  55|0x0000000708300000, 0x00000007083fffd8, 0x0000000708400000| 99%| O|  |TAMS 0x00000007083fffd8, 0x0000000708300000| Updating 
|  56|0x0000000708400000, 0x00000007084ffff8, 0x0000000708500000| 99%| O|  |TAMS 0x00000007084ffff8, 0x0000000708400000| Updating 
|  57|0x0000000708500000, 0x00000007085fffe0, 0x0000000708600000| 99%| O|  |TAMS 0x00000007085fffe0, 0x0000000708500000| Updating 
|  58|0x0000000708600000, 0x0000000708700000, 0x0000000708700000|100%| O|  |TAMS 0x0000000708700000, 0x0000000708600000| Updating 
|  59|0x0000000708700000, 0x0000000708800000, 0x0000000708800000|100%| O|  |TAMS 0x0000000708800000, 0x0000000708700000| Updating 
|  60|0x0000000708800000, 0x00000007088ffff8, 0x0000000708900000| 99%| O|  |TAMS 0x00000007088ffff8, 0x0000000708800000| Updating 
|  61|0x0000000708900000, 0x00000007089ffff0, 0x0000000708a00000| 99%| O|  |TAMS 0x00000007089ffff0, 0x0000000708900000| Updating 
|  62|0x0000000708a00000, 0x0000000708b00000, 0x0000000708b00000|100%| O|  |TAMS 0x0000000708b00000, 0x0000000708a00000| Updating 
|  63|0x0000000708b00000, 0x0000000708bffff8, 0x0000000708c00000| 99%| O|  |TAMS 0x0000000708bffff8, 0x0000000708b00000| Updating 
|  64|0x0000000708c00000, 0x0000000708cfffe8, 0x0000000708d00000| 99%| O|  |TAMS 0x0000000708cfffe8, 0x0000000708c00000| Updating 
|  65|0x0000000708d00000, 0x0000000708dfffc8, 0x0000000708e00000| 99%| O|  |TAMS 0x0000000708dfffc8, 0x0000000708d00000| Updating 
|  66|0x0000000708e00000, 0x0000000708effff8, 0x0000000708f00000| 99%| O|  |TAMS 0x0000000708effff8, 0x0000000708e00000| Updating 
|  67|0x0000000708f00000, 0x0000000708ffffe8, 0x0000000709000000| 99%| O|  |TAMS 0x0000000708ffffe8, 0x0000000708f00000| Updating 
|  68|0x0000000709000000, 0x0000000709100000, 0x0000000709100000|100%| O|  |TAMS 0x0000000709100000, 0x0000000709000000| Updating 
|  69|0x0000000709100000, 0x00000007091ffff8, 0x0000000709200000| 99%| O|  |TAMS 0x00000007091ffff8, 0x0000000709100000| Updating 
|  70|0x0000000709200000, 0x00000007092ffff0, 0x0000000709300000| 99%| O|  |TAMS 0x00000007092ffff0, 0x0000000709200000| Updating 
|  71|0x0000000709300000, 0x00000007093fffe8, 0x0000000709400000| 99%| O|  |TAMS 0x00000007093fffe8, 0x0000000709300000| Updating 
|  72|0x0000000709400000, 0x0000000709500000, 0x0000000709500000|100%| O|  |TAMS 0x0000000709500000, 0x0000000709400000| Updating 
|  73|0x0000000709500000, 0x00000007095fffe8, 0x0000000709600000| 99%| O|  |TAMS 0x00000007095fffe8, 0x0000000709500000| Updating 
|  74|0x0000000709600000, 0x00000007096fffe8, 0x0000000709700000| 99%| O|  |TAMS 0x00000007096fffe8, 0x0000000709600000| Updating 
|  75|0x0000000709700000, 0x00000007097ffff0, 0x0000000709800000| 99%| O|  |TAMS 0x00000007097ffff0, 0x0000000709700000| Updating 
|  76|0x0000000709800000, 0x00000007098ffff8, 0x0000000709900000| 99%| O|  |TAMS 0x00000007098ffff8, 0x0000000709800000| Updating 
|  77|0x0000000709900000, 0x0000000709a00000, 0x0000000709a00000|100%| O|  |TAMS 0x0000000709a00000, 0x0000000709900000| Updating 
|  78|0x0000000709a00000, 0x0000000709affff0, 0x0000000709b00000| 99%| O|  |TAMS 0x0000000709affff0, 0x0000000709a00000| Updating 
|  79|0x0000000709b00000, 0x0000000709c00000, 0x0000000709c00000|100%| O|  |TAMS 0x0000000709c00000, 0x0000000709b00000| Updating 
|  80|0x0000000709c00000, 0x0000000709cffff8, 0x0000000709d00000| 99%| O|  |TAMS 0x0000000709cffff8, 0x0000000709c00000| Updating 
|  81|0x0000000709d00000, 0x0000000709dfffe8, 0x0000000709e00000| 99%| O|  |TAMS 0x0000000709dfffe8, 0x0000000709d00000| Updating 
|  82|0x0000000709e00000, 0x0000000709f00000, 0x0000000709f00000|100%| O|  |TAMS 0x0000000709f00000, 0x0000000709e00000| Updating 
|  83|0x0000000709f00000, 0x0000000709fffff0, 0x000000070a000000| 99%| O|  |TAMS 0x0000000709fffff0, 0x0000000709f00000| Updating 
|  84|0x000000070a000000, 0x000000070a100000, 0x000000070a100000|100%| O|  |TAMS 0x000000070a100000, 0x000000070a000000| Updating 
|  85|0x000000070a100000, 0x000000070a200000, 0x000000070a200000|100%| O|  |TAMS 0x000000070a200000, 0x000000070a100000| Updating 
|  86|0x000000070a200000, 0x000000070a2fffd0, 0x000000070a300000| 99%| O|  |TAMS 0x000000070a2fffd0, 0x000000070a200000| Updating 
|  87|0x000000070a300000, 0x000000070a400000, 0x000000070a400000|100%| O|  |TAMS 0x000000070a400000, 0x000000070a300000| Updating 
|  88|0x000000070a400000, 0x000000070a4fffb8, 0x000000070a500000| 99%| O|  |TAMS 0x000000070a4fffb8, 0x000000070a400000| Updating 
|  89|0x000000070a500000, 0x000000070a600000, 0x000000070a600000|100%| O|  |TAMS 0x000000070a600000, 0x000000070a500000| Updating 
|  90|0x000000070a600000, 0x000000070a700000, 0x000000070a700000|100%| O|  |TAMS 0x000000070a700000, 0x000000070a600000| Updating 
|  91|0x000000070a700000, 0x000000070a7ffff0, 0x000000070a800000| 99%| O|  |TAMS 0x000000070a7ffff0, 0x000000070a700000| Updating 
|  92|0x000000070a800000, 0x000000070a8ffff8, 0x000000070a900000| 99%| O|  |TAMS 0x000000070a8ffff8, 0x000000070a800000| Updating 
|  93|0x000000070a900000, 0x000000070a9ffff0, 0x000000070aa00000| 99%| O|  |TAMS 0x000000070a9ffff0, 0x000000070a900000| Updating 
|  94|0x000000070aa00000, 0x000000070aaffff8, 0x000000070ab00000| 99%| O|  |TAMS 0x000000070aaffff8, 0x000000070aa00000| Updating 
|  95|0x000000070ab00000, 0x000000070abffff0, 0x000000070ac00000| 99%| O|  |TAMS 0x000000070abffff0, 0x000000070ab00000| Updating 
|  96|0x000000070ac00000, 0x000000070acfffb8, 0x000000070ad00000| 99%| O|  |TAMS 0x000000070acfffb8, 0x000000070ac00000| Updating 
|  97|0x000000070ad00000, 0x000000070ae00000, 0x000000070ae00000|100%| O|  |TAMS 0x000000070ae00000, 0x000000070ad00000| Updating 
|  98|0x000000070ae00000, 0x000000070aeffff8, 0x000000070af00000| 99%| O|  |TAMS 0x000000070aeffff8, 0x000000070ae00000| Updating 
|  99|0x000000070af00000, 0x000000070afffff8, 0x000000070b000000| 99%| O|  |TAMS 0x000000070afffff8, 0x000000070af00000| Updating 
| 100|0x000000070b000000, 0x000000070b100000, 0x000000070b100000|100%| O|  |TAMS 0x000000070b100000, 0x000000070b000000| Updating 
| 101|0x000000070b100000, 0x000000070b200000, 0x000000070b200000|100%| O|  |TAMS 0x000000070b200000, 0x000000070b100000| Updating 
| 102|0x000000070b200000, 0x000000070b2fffe8, 0x000000070b300000| 99%| O|  |TAMS 0x000000070b2fffe8, 0x000000070b200000| Updating 
| 103|0x000000070b300000, 0x000000070b400000, 0x000000070b400000|100%| O|  |TAMS 0x000000070b400000, 0x000000070b300000| Updating 
| 104|0x000000070b400000, 0x000000070b4ffff8, 0x000000070b500000| 99%| O|  |TAMS 0x000000070b4ffff8, 0x000000070b400000| Updating 
| 105|0x000000070b500000, 0x000000070b5fffe0, 0x000000070b600000| 99%| O|  |TAMS 0x000000070b5fffe0, 0x000000070b500000| Updating 
| 106|0x000000070b600000, 0x000000070b700000, 0x000000070b700000|100%| O|  |TAMS 0x000000070b700000, 0x000000070b600000| Updating 
| 107|0x000000070b700000, 0x000000070b800000, 0x000000070b800000|100%| O|  |TAMS 0x000000070b800000, 0x000000070b700000| Updating 
| 108|0x000000070b800000, 0x000000070b8ffff0, 0x000000070b900000| 99%| O|  |TAMS 0x000000070b8ffff0, 0x000000070b800000| Updating 
| 109|0x000000070b900000, 0x000000070ba00000, 0x000000070ba00000|100%| O|  |TAMS 0x000000070ba00000, 0x000000070b900000| Updating 
| 110|0x000000070ba00000, 0x000000070baffff0, 0x000000070bb00000| 99%| O|  |TAMS 0x000000070baffff0, 0x000000070ba00000| Updating 
| 111|0x000000070bb00000, 0x000000070bc00000, 0x000000070bc00000|100%| O|  |TAMS 0x000000070bc00000, 0x000000070bb00000| Updating 
| 112|0x000000070bc00000, 0x000000070bcffff8, 0x000000070bd00000| 99%| O|  |TAMS 0x000000070bcffff8, 0x000000070bc00000| Updating 
| 113|0x000000070bd00000, 0x000000070be00000, 0x000000070be00000|100%| O|  |TAMS 0x000000070be00000, 0x000000070bd00000| Updating 
| 114|0x000000070be00000, 0x000000070bf00000, 0x000000070bf00000|100%| O|  |TAMS 0x000000070bf00000, 0x000000070be00000| Updating 
| 115|0x000000070bf00000, 0x000000070c000000, 0x000000070c000000|100%| O|  |TAMS 0x000000070c000000, 0x000000070bf00000| Updating 
| 116|0x000000070c000000, 0x000000070c0ffff0, 0x000000070c100000| 99%| O|  |TAMS 0x000000070c0ffff0, 0x000000070c000000| Updating 
| 117|0x000000070c100000, 0x000000070c1fffd8, 0x000000070c200000| 99%| O|  |TAMS 0x000000070c1fffd8, 0x000000070c100000| Updating 
| 118|0x000000070c200000, 0x000000070c300000, 0x000000070c300000|100%| O|  |TAMS 0x000000070c300000, 0x000000070c200000| Updating 
| 119|0x000000070c300000, 0x000000070c400000, 0x000000070c400000|100%| O|  |TAMS 0x000000070c400000, 0x000000070c300000| Updating 
| 120|0x000000070c400000, 0x000000070c500000, 0x000000070c500000|100%| O|  |TAMS 0x000000070c500000, 0x000000070c400000| Updating 
| 121|0x000000070c500000, 0x000000070c5ffff0, 0x000000070c600000| 99%| O|  |TAMS 0x000000070c5ffff0, 0x000000070c500000| Updating 
| 122|0x000000070c600000, 0x000000070c6fffd8, 0x000000070c700000| 99%| O|  |TAMS 0x000000070c6fffd8, 0x000000070c600000| Updating 
| 123|0x000000070c700000, 0x000000070c800000, 0x000000070c800000|100%| O|  |TAMS 0x000000070c800000, 0x000000070c700000| Updating 
| 124|0x000000070c800000, 0x000000070c8fffe8, 0x000000070c900000| 99%| O|  |TAMS 0x000000070c8fffe8, 0x000000070c800000| Updating 
| 125|0x000000070c900000, 0x000000070c9ffff0, 0x000000070ca00000| 99%| O|  |TAMS 0x000000070c9ffff0, 0x000000070c900000| Updating 
| 126|0x000000070ca00000, 0x000000070cb00000, 0x000000070cb00000|100%| O|  |TAMS 0x000000070cb00000, 0x000000070ca00000| Updating 
| 127|0x000000070cb00000, 0x000000070cc00000, 0x000000070cc00000|100%| O|  |TAMS 0x000000070cc00000, 0x000000070cb00000| Updating 
| 128|0x000000070cc00000, 0x000000070ccffff8, 0x000000070cd00000| 99%| O|  |TAMS 0x000000070ccffff8, 0x000000070cc00000| Updating 
| 129|0x000000070cd00000, 0x000000070cdffff0, 0x000000070ce00000| 99%| O|  |TAMS 0x000000070cdffff0, 0x000000070cd00000| Updating 
| 130|0x000000070ce00000, 0x000000070ceffff0, 0x000000070cf00000| 99%| O|  |TAMS 0x000000070ceffff0, 0x000000070ce00000| Updating 
| 131|0x000000070cf00000, 0x000000070cffffd0, 0x000000070d000000| 99%| O|  |TAMS 0x000000070cffffd0, 0x000000070cf00000| Updating 
| 132|0x000000070d000000, 0x000000070d0ffff8, 0x000000070d100000| 99%| O|  |TAMS 0x000000070d0ffff8, 0x000000070d000000| Updating 
| 133|0x000000070d100000, 0x000000070d1fffe8, 0x000000070d200000| 99%| O|  |TAMS 0x000000070d1fffe8, 0x000000070d100000| Updating 
| 134|0x000000070d200000, 0x000000070d300000, 0x000000070d300000|100%| O|  |TAMS 0x000000070d300000, 0x000000070d200000| Updating 
| 135|0x000000070d300000, 0x000000070d3fffe8, 0x000000070d400000| 99%| O|  |TAMS 0x000000070d3fffe8, 0x000000070d300000| Updating 
| 136|0x000000070d400000, 0x000000070d4ffff0, 0x000000070d500000| 99%| O|  |TAMS 0x000000070d4ffff0, 0x000000070d400000| Updating 
| 137|0x000000070d500000, 0x000000070d5ffff0, 0x000000070d600000| 99%| O|  |TAMS 0x000000070d5ffff0, 0x000000070d500000| Updating 
| 138|0x000000070d600000, 0x000000070d700000, 0x000000070d700000|100%| O|  |TAMS 0x000000070d700000, 0x000000070d600000| Updating 
| 139|0x000000070d700000, 0x000000070d800000, 0x000000070d800000|100%| O|  |TAMS 0x000000070d800000, 0x000000070d700000| Updating 
| 140|0x000000070d800000, 0x000000070d900000, 0x000000070d900000|100%| O|  |TAMS 0x000000070d900000, 0x000000070d800000| Updating 
| 141|0x000000070d900000, 0x000000070d9ffff0, 0x000000070da00000| 99%| O|  |TAMS 0x000000070d9ffff0, 0x000000070d900000| Updating 
| 142|0x000000070da00000, 0x000000070daffff8, 0x000000070db00000| 99%| O|  |TAMS 0x000000070daffff8, 0x000000070da00000| Updating 
| 143|0x000000070db00000, 0x000000070dbfffb8, 0x000000070dc00000| 99%| O|  |TAMS 0x000000070dbfffb8, 0x000000070db00000| Updating 
| 144|0x000000070dc00000, 0x000000070dd00000, 0x000000070dd00000|100%| O|  |TAMS 0x000000070dd00000, 0x000000070dc00000| Updating 
| 145|0x000000070dd00000, 0x000000070ddfffd0, 0x000000070de00000| 99%| O|  |TAMS 0x000000070ddfffd0, 0x000000070dd00000| Updating 
| 146|0x000000070de00000, 0x000000070deffff0, 0x000000070df00000| 99%| O|  |TAMS 0x000000070deffff0, 0x000000070de00000| Updating 
| 147|0x000000070df00000, 0x000000070dfffff8, 0x000000070e000000| 99%| O|  |TAMS 0x000000070dfffff8, 0x000000070df00000| Updating 
| 148|0x000000070e000000, 0x000000070e0fffd8, 0x000000070e100000| 99%| O|  |TAMS 0x000000070e0fffd8, 0x000000070e000000| Updating 
| 149|0x000000070e100000, 0x000000070e200000, 0x000000070e200000|100%| O|  |TAMS 0x000000070e200000, 0x000000070e100000| Updating 
| 150|0x000000070e200000, 0x000000070e300000, 0x000000070e300000|100%| O|  |TAMS 0x000000070e300000, 0x000000070e200000| Updating 
| 151|0x000000070e300000, 0x000000070e400000, 0x000000070e400000|100%| O|  |TAMS 0x000000070e400000, 0x000000070e300000| Updating 
| 152|0x000000070e400000, 0x000000070e500000, 0x000000070e500000|100%| O|  |TAMS 0x000000070e500000, 0x000000070e400000| Updating 
| 153|0x000000070e500000, 0x000000070e600000, 0x000000070e600000|100%| O|  |TAMS 0x000000070e600000, 0x000000070e500000| Updating 
| 154|0x000000070e600000, 0x000000070e700000, 0x000000070e700000|100%| O|  |TAMS 0x000000070e700000, 0x000000070e600000| Updating 
| 155|0x000000070e700000, 0x000000070e800000, 0x000000070e800000|100%| O|  |TAMS 0x000000070e800000, 0x000000070e700000| Updating 
| 156|0x000000070e800000, 0x000000070e8ffff8, 0x000000070e900000| 99%| O|  |TAMS 0x000000070e8ffff8, 0x000000070e800000| Updating 
| 157|0x000000070e900000, 0x000000070e9ffff8, 0x000000070ea00000| 99%| O|  |TAMS 0x000000070e9ffff8, 0x000000070e900000| Updating 
| 158|0x000000070ea00000, 0x000000070eafffe8, 0x000000070eb00000| 99%| O|  |TAMS 0x000000070eafffe8, 0x000000070ea00000| Updating 
| 159|0x000000070eb00000, 0x000000070ec00000, 0x000000070ec00000|100%| O|  |TAMS 0x000000070ec00000, 0x000000070eb00000| Updating 
| 160|0x000000070ec00000, 0x000000070ed00000, 0x000000070ed00000|100%| O|  |TAMS 0x000000070ed00000, 0x000000070ec00000| Updating 
| 161|0x000000070ed00000, 0x000000070ee00000, 0x000000070ee00000|100%| O|  |TAMS 0x000000070ee00000, 0x000000070ed00000| Updating 
| 162|0x000000070ee00000, 0x000000070ef00000, 0x000000070ef00000|100%| O|  |TAMS 0x000000070ef00000, 0x000000070ee00000| Updating 
| 163|0x000000070ef00000, 0x000000070f000000, 0x000000070f000000|100%| O|  |TAMS 0x000000070f000000, 0x000000070ef00000| Updating 
| 164|0x000000070f000000, 0x000000070f0ffff8, 0x000000070f100000| 99%| O|  |TAMS 0x000000070f0ffff8, 0x000000070f000000| Updating 
| 165|0x000000070f100000, 0x000000070f1ffff0, 0x000000070f200000| 99%| O|  |TAMS 0x000000070f1ffff0, 0x000000070f100000| Updating 
| 166|0x000000070f200000, 0x000000070f2ffff8, 0x000000070f300000| 99%| O|  |TAMS 0x000000070f2ffff8, 0x000000070f200000| Updating 
| 167|0x000000070f300000, 0x000000070f3ffff8, 0x000000070f400000| 99%| O|  |TAMS 0x000000070f3ffff8, 0x000000070f300000| Updating 
| 168|0x000000070f400000, 0x000000070f4ffff8, 0x000000070f500000| 99%| O|  |TAMS 0x000000070f4ffff8, 0x000000070f400000| Updating 
| 169|0x000000070f500000, 0x000000070f600000, 0x000000070f600000|100%| O|  |TAMS 0x000000070f600000, 0x000000070f500000| Updating 
| 170|0x000000070f600000, 0x000000070f6fffe0, 0x000000070f700000| 99%| O|  |TAMS 0x000000070f6fffe0, 0x000000070f600000| Updating 
| 171|0x000000070f700000, 0x000000070f800000, 0x000000070f800000|100%| O|  |TAMS 0x000000070f800000, 0x000000070f700000| Updating 
| 172|0x000000070f800000, 0x000000070f8fffe0, 0x000000070f900000| 99%| O|  |TAMS 0x000000070f8fffe0, 0x000000070f800000| Updating 
| 173|0x000000070f900000, 0x000000070f9ffff0, 0x000000070fa00000| 99%| O|  |TAMS 0x000000070f9ffff0, 0x000000070f900000| Updating 
| 174|0x000000070fa00000, 0x000000070fb00000, 0x000000070fb00000|100%| O|  |TAMS 0x000000070fb00000, 0x000000070fa00000| Updating 
| 175|0x000000070fb00000, 0x000000070fbffff8, 0x000000070fc00000| 99%| O|  |TAMS 0x000000070fbffff8, 0x000000070fb00000| Updating 
| 176|0x000000070fc00000, 0x000000070fd00000, 0x000000070fd00000|100%| O|  |TAMS 0x000000070fd00000, 0x000000070fc00000| Updating 
| 177|0x000000070fd00000, 0x000000070fdffff8, 0x000000070fe00000| 99%| O|  |TAMS 0x000000070fdffff8, 0x000000070fd00000| Updating 
| 178|0x000000070fe00000, 0x000000070feffff0, 0x000000070ff00000| 99%| O|  |TAMS 0x000000070feffff0, 0x000000070fe00000| Updating 
| 179|0x000000070ff00000, 0x0000000710000000, 0x0000000710000000|100%| O|  |TAMS 0x0000000710000000, 0x000000070ff00000| Updating 
| 180|0x0000000710000000, 0x00000007100ffff0, 0x0000000710100000| 99%| O|  |TAMS 0x00000007100ffff0, 0x0000000710000000| Updating 
| 181|0x0000000710100000, 0x0000000710200000, 0x0000000710200000|100%| O|  |TAMS 0x0000000710200000, 0x0000000710100000| Updating 
| 182|0x0000000710200000, 0x00000007102fff78, 0x0000000710300000| 99%| O|  |TAMS 0x00000007102fff78, 0x0000000710200000| Updating 
| 183|0x0000000710300000, 0x00000007103ffff0, 0x0000000710400000| 99%| O|  |TAMS 0x00000007103ffff0, 0x0000000710300000| Updating 
| 184|0x0000000710400000, 0x00000007104ffff8, 0x0000000710500000| 99%| O|  |TAMS 0x00000007104ffff8, 0x0000000710400000| Updating 
| 185|0x0000000710500000, 0x00000007105fffe8, 0x0000000710600000| 99%| O|  |TAMS 0x00000007105fffe8, 0x0000000710500000| Updating 
| 186|0x0000000710600000, 0x00000007106ffff0, 0x0000000710700000| 99%| O|  |TAMS 0x00000007106ffff0, 0x0000000710600000| Updating 
| 187|0x0000000710700000, 0x0000000710800000, 0x0000000710800000|100%| O|  |TAMS 0x0000000710800000, 0x0000000710700000| Updating 
| 188|0x0000000710800000, 0x00000007108fffe0, 0x0000000710900000| 99%| O|  |TAMS 0x00000007108fffe0, 0x0000000710800000| Updating 
| 189|0x0000000710900000, 0x00000007109fff88, 0x0000000710a00000| 99%| O|  |TAMS 0x00000007109fff88, 0x0000000710900000| Updating 
| 190|0x0000000710a00000, 0x0000000710affff8, 0x0000000710b00000| 99%| O|  |TAMS 0x0000000710affff8, 0x0000000710a00000| Updating 
| 191|0x0000000710b00000, 0x0000000710bfffe8, 0x0000000710c00000| 99%| O|  |TAMS 0x0000000710bfffe8, 0x0000000710b00000| Updating 
| 192|0x0000000710c00000, 0x0000000710cffff0, 0x0000000710d00000| 99%| O|  |TAMS 0x0000000710cffff0, 0x0000000710c00000| Updating 
| 193|0x0000000710d00000, 0x0000000710dffff8, 0x0000000710e00000| 99%| O|  |TAMS 0x0000000710dffff8, 0x0000000710d00000| Updating 
| 194|0x0000000710e00000, 0x0000000710f00000, 0x0000000710f00000|100%| O|  |TAMS 0x0000000710f00000, 0x0000000710e00000| Updating 
| 195|0x0000000710f00000, 0x0000000710fffff8, 0x0000000711000000| 99%| O|  |TAMS 0x0000000710fffff8, 0x0000000710f00000| Updating 
| 196|0x0000000711000000, 0x00000007110ffff0, 0x0000000711100000| 99%| O|  |TAMS 0x00000007110ffff0, 0x0000000711000000| Updating 
| 197|0x0000000711100000, 0x00000007111fffe8, 0x0000000711200000| 99%| O|  |TAMS 0x00000007111fffe8, 0x0000000711100000| Updating 
| 198|0x0000000711200000, 0x0000000711300000, 0x0000000711300000|100%| O|  |TAMS 0x0000000711300000, 0x0000000711200000| Updating 
| 199|0x0000000711300000, 0x0000000711400000, 0x0000000711400000|100%| O|  |TAMS 0x0000000711400000, 0x0000000711300000| Updating 
| 200|0x0000000711400000, 0x00000007114ffff0, 0x0000000711500000| 99%| O|  |TAMS 0x00000007114ffff0, 0x0000000711400000| Updating 
| 201|0x0000000711500000, 0x0000000711600000, 0x0000000711600000|100%| O|  |TAMS 0x0000000711600000, 0x0000000711500000| Updating 
| 202|0x0000000711600000, 0x0000000711700000, 0x0000000711700000|100%| O|  |TAMS 0x0000000711700000, 0x0000000711600000| Updating 
| 203|0x0000000711700000, 0x00000007117ffff0, 0x0000000711800000| 99%| O|  |TAMS 0x00000007117ffff0, 0x0000000711700000| Updating 
| 204|0x0000000711800000, 0x00000007118fffe8, 0x0000000711900000| 99%| O|  |TAMS 0x00000007118fffe8, 0x0000000711800000| Updating 
| 205|0x0000000711900000, 0x00000007119ffff0, 0x0000000711a00000| 99%| O|  |TAMS 0x00000007119ffff0, 0x0000000711900000| Updating 
| 206|0x0000000711a00000, 0x0000000711b00000, 0x0000000711b00000|100%| O|  |TAMS 0x0000000711b00000, 0x0000000711a00000| Updating 
| 207|0x0000000711b00000, 0x0000000711bffff8, 0x0000000711c00000| 99%| O|  |TAMS 0x0000000711bffff8, 0x0000000711b00000| Updating 
| 208|0x0000000711c00000, 0x0000000711d00000, 0x0000000711d00000|100%| O|  |TAMS 0x0000000711d00000, 0x0000000711c00000| Updating 
| 209|0x0000000711d00000, 0x0000000711e00000, 0x0000000711e00000|100%| O|  |TAMS 0x0000000711e00000, 0x0000000711d00000| Updating 
| 210|0x0000000711e00000, 0x0000000711efffe8, 0x0000000711f00000| 99%| O|  |TAMS 0x0000000711efffe8, 0x0000000711e00000| Updating 
| 211|0x0000000711f00000, 0x0000000711ffffe8, 0x0000000712000000| 99%| O|  |TAMS 0x0000000711ffffe8, 0x0000000711f00000| Updating 
| 212|0x0000000712000000, 0x00000007120ffff8, 0x0000000712100000| 99%| O|  |TAMS 0x00000007120ffff8, 0x0000000712000000| Updating 
| 213|0x0000000712100000, 0x00000007121ffff8, 0x0000000712200000| 99%| O|  |TAMS 0x00000007121ffff8, 0x0000000712100000| Updating 
| 214|0x0000000712200000, 0x0000000712300000, 0x0000000712300000|100%| O|  |TAMS 0x0000000712300000, 0x0000000712200000| Updating 
| 215|0x0000000712300000, 0x0000000712400000, 0x0000000712400000|100%| O|  |TAMS 0x0000000712400000, 0x0000000712300000| Updating 
| 216|0x0000000712400000, 0x00000007124ffff0, 0x0000000712500000| 99%| O|  |TAMS 0x00000007124ffff0, 0x0000000712400000| Updating 
| 217|0x0000000712500000, 0x00000007125ffff8, 0x0000000712600000| 99%| O|  |TAMS 0x00000007125ffff8, 0x0000000712500000| Updating 
| 218|0x0000000712600000, 0x0000000712700000, 0x0000000712700000|100%| O|  |TAMS 0x0000000712700000, 0x0000000712600000| Updating 
| 219|0x0000000712700000, 0x00000007127ffff8, 0x0000000712800000| 99%| O|  |TAMS 0x00000007127ffff8, 0x0000000712700000| Updating 
| 220|0x0000000712800000, 0x00000007128ffff8, 0x0000000712900000| 99%| O|  |TAMS 0x00000007128ffff8, 0x0000000712800000| Updating 
| 221|0x0000000712900000, 0x00000007129ffff0, 0x0000000712a00000| 99%| O|  |TAMS 0x00000007129ffff0, 0x0000000712900000| Updating 
| 222|0x0000000712a00000, 0x0000000712affff0, 0x0000000712b00000| 99%| O|  |TAMS 0x0000000712affff0, 0x0000000712a00000| Updating 
| 223|0x0000000712b00000, 0x0000000712c00000, 0x0000000712c00000|100%| O|  |TAMS 0x0000000712c00000, 0x0000000712b00000| Updating 
| 224|0x0000000712c00000, 0x0000000712cfff90, 0x0000000712d00000| 99%| O|  |TAMS 0x0000000712cfff90, 0x0000000712c00000| Updating 
| 225|0x0000000712d00000, 0x0000000712dfffe8, 0x0000000712e00000| 99%| O|  |TAMS 0x0000000712dfffe8, 0x0000000712d00000| Updating 
| 226|0x0000000712e00000, 0x0000000712f00000, 0x0000000712f00000|100%| O|  |TAMS 0x0000000712f00000, 0x0000000712e00000| Updating 
| 227|0x0000000712f00000, 0x0000000712ffffe8, 0x0000000713000000| 99%| O|  |TAMS 0x0000000712ffffe8, 0x0000000712f00000| Updating 
| 228|0x0000000713000000, 0x0000000713100000, 0x0000000713100000|100%| O|  |TAMS 0x0000000713100000, 0x0000000713000000| Updating 
| 229|0x0000000713100000, 0x00000007131fffe8, 0x0000000713200000| 99%| O|  |TAMS 0x00000007131fffe8, 0x0000000713100000| Updating 
| 230|0x0000000713200000, 0x00000007132fffe8, 0x0000000713300000| 99%| O|  |TAMS 0x00000007132fffe8, 0x0000000713200000| Updating 
| 231|0x0000000713300000, 0x00000007133ffff8, 0x0000000713400000| 99%| O|  |TAMS 0x00000007133ffff8, 0x0000000713300000| Updating 
| 232|0x0000000713400000, 0x0000000713500000, 0x0000000713500000|100%| O|  |TAMS 0x0000000713500000, 0x0000000713400000| Updating 
| 233|0x0000000713500000, 0x0000000713600000, 0x0000000713600000|100%| O|  |TAMS 0x0000000713600000, 0x0000000713500000| Updating 
| 234|0x0000000713600000, 0x00000007136ffff0, 0x0000000713700000| 99%| O|  |TAMS 0x00000007136ffff0, 0x0000000713600000| Updating 
| 235|0x0000000713700000, 0x0000000713800000, 0x0000000713800000|100%| O|  |TAMS 0x0000000713800000, 0x0000000713700000| Updating 
| 236|0x0000000713800000, 0x00000007138ffff8, 0x0000000713900000| 99%| O|  |TAMS 0x00000007138ffff8, 0x0000000713800000| Updating 
| 237|0x0000000713900000, 0x00000007139ffff8, 0x0000000713a00000| 99%| O|  |TAMS 0x00000007139ffff8, 0x0000000713900000| Updating 
| 238|0x0000000713a00000, 0x0000000713affff8, 0x0000000713b00000| 99%| O|  |TAMS 0x0000000713affff8, 0x0000000713a00000| Updating 
| 239|0x0000000713b00000, 0x0000000713bffff0, 0x0000000713c00000| 99%| O|  |TAMS 0x0000000713bffff0, 0x0000000713b00000| Updating 
| 240|0x0000000713c00000, 0x0000000713cffff8, 0x0000000713d00000| 99%| O|  |TAMS 0x0000000713cffff8, 0x0000000713c00000| Updating 
| 241|0x0000000713d00000, 0x0000000713e00000, 0x0000000713e00000|100%| O|  |TAMS 0x0000000713e00000, 0x0000000713d00000| Updating 
| 242|0x0000000713e00000, 0x0000000713effff8, 0x0000000713f00000| 99%| O|  |TAMS 0x0000000713effff8, 0x0000000713e00000| Updating 
| 243|0x0000000713f00000, 0x0000000713fffff8, 0x0000000714000000| 99%| O|  |TAMS 0x0000000713fffff8, 0x0000000713f00000| Updating 
| 244|0x0000000714000000, 0x0000000714100000, 0x0000000714100000|100%| O|  |TAMS 0x0000000714100000, 0x0000000714000000| Updating 
| 245|0x0000000714100000, 0x0000000714200000, 0x0000000714200000|100%| O|  |TAMS 0x0000000714200000, 0x0000000714100000| Updating 
| 246|0x0000000714200000, 0x0000000714300000, 0x0000000714300000|100%| O|  |TAMS 0x0000000714300000, 0x0000000714200000| Updating 
| 247|0x0000000714300000, 0x0000000714400000, 0x0000000714400000|100%| O|  |TAMS 0x0000000714400000, 0x0000000714300000| Updating 
| 248|0x0000000714400000, 0x00000007144fffe8, 0x0000000714500000| 99%| O|  |TAMS 0x00000007144fffe8, 0x0000000714400000| Updating 
| 249|0x0000000714500000, 0x00000007145ffff0, 0x0000000714600000| 99%| O|  |TAMS 0x00000007145ffff0, 0x0000000714500000| Updating 
| 250|0x0000000714600000, 0x00000007146ffff0, 0x0000000714700000| 99%| O|  |TAMS 0x00000007146ffff0, 0x0000000714600000| Updating 
| 251|0x0000000714700000, 0x0000000714800000, 0x0000000714800000|100%| O|  |TAMS 0x0000000714800000, 0x0000000714700000| Updating 
| 252|0x0000000714800000, 0x0000000714900000, 0x0000000714900000|100%| O|  |TAMS 0x0000000714900000, 0x0000000714800000| Updating 
| 253|0x0000000714900000, 0x0000000714a00000, 0x0000000714a00000|100%| O|  |TAMS 0x0000000714a00000, 0x0000000714900000| Updating 
| 254|0x0000000714a00000, 0x0000000714b00000, 0x0000000714b00000|100%| O|  |TAMS 0x0000000714b00000, 0x0000000714a00000| Updating 
| 255|0x0000000714b00000, 0x0000000714bffff8, 0x0000000714c00000| 99%| O|  |TAMS 0x0000000714bffff8, 0x0000000714b00000| Updating 
| 256|0x0000000714c00000, 0x0000000714d00000, 0x0000000714d00000|100%| O|  |TAMS 0x0000000714d00000, 0x0000000714c00000| Updating 
| 257|0x0000000714d00000, 0x0000000714dfffd0, 0x0000000714e00000| 99%| O|  |TAMS 0x0000000714dfffd0, 0x0000000714d00000| Updating 
| 258|0x0000000714e00000, 0x0000000714f00000, 0x0000000714f00000|100%| O|  |TAMS 0x0000000714f00000, 0x0000000714e00000| Updating 
| 259|0x0000000714f00000, 0x0000000715000000, 0x0000000715000000|100%| O|  |TAMS 0x0000000715000000, 0x0000000714f00000| Updating 
| 260|0x0000000715000000, 0x00000007150ffe50, 0x0000000715100000| 99%| O|  |TAMS 0x00000007150ffe50, 0x0000000715000000| Updating 
| 261|0x0000000715100000, 0x00000007151fffe8, 0x0000000715200000| 99%| O|  |TAMS 0x00000007151fffe8, 0x0000000715100000| Updating 
| 262|0x0000000715200000, 0x00000007152fffd8, 0x0000000715300000| 99%| O|  |TAMS 0x00000007152fffd8, 0x0000000715200000| Updating 
| 263|0x0000000715300000, 0x0000000715400000, 0x0000000715400000|100%| O|  |TAMS 0x0000000715400000, 0x0000000715300000| Updating 
| 264|0x0000000715400000, 0x00000007154ffff0, 0x0000000715500000| 99%| O|  |TAMS 0x00000007154ffff0, 0x0000000715400000| Updating 
| 265|0x0000000715500000, 0x0000000715600000, 0x0000000715600000|100%| O|  |TAMS 0x0000000715600000, 0x0000000715500000| Updating 
| 266|0x0000000715600000, 0x00000007156ffff8, 0x0000000715700000| 99%| O|  |TAMS 0x00000007156ffff8, 0x0000000715600000| Updating 
| 267|0x0000000715700000, 0x0000000715800000, 0x0000000715800000|100%| O|  |TAMS 0x0000000715800000, 0x0000000715700000| Updating 
| 268|0x0000000715800000, 0x00000007158ffff0, 0x0000000715900000| 99%| O|  |TAMS 0x00000007158ffff0, 0x0000000715800000| Updating 
| 269|0x0000000715900000, 0x00000007159fffe8, 0x0000000715a00000| 99%| O|  |TAMS 0x00000007159fffe8, 0x0000000715900000| Updating 
| 270|0x0000000715a00000, 0x0000000715affe50, 0x0000000715b00000| 99%| O|  |TAMS 0x0000000715affe50, 0x0000000715a00000| Updating 
| 271|0x0000000715b00000, 0x0000000715c00000, 0x0000000715c00000|100%| O|  |TAMS 0x0000000715c00000, 0x0000000715b00000| Updating 
| 272|0x0000000715c00000, 0x0000000715d00000, 0x0000000715d00000|100%| O|  |TAMS 0x0000000715d00000, 0x0000000715c00000| Updating 
| 273|0x0000000715d00000, 0x0000000715e00000, 0x0000000715e00000|100%| O|  |TAMS 0x0000000715e00000, 0x0000000715d00000| Updating 
| 274|0x0000000715e00000, 0x0000000715f00000, 0x0000000715f00000|100%| O|  |TAMS 0x0000000715f00000, 0x0000000715e00000| Updating 
| 275|0x0000000715f00000, 0x0000000716000000, 0x0000000716000000|100%| O|  |TAMS 0x0000000716000000, 0x0000000715f00000| Updating 
| 276|0x0000000716000000, 0x0000000716100000, 0x0000000716100000|100%| O|  |TAMS 0x0000000716100000, 0x0000000716000000| Updating 
| 277|0x0000000716100000, 0x0000000716200000, 0x0000000716200000|100%| O|  |TAMS 0x0000000716200000, 0x0000000716100000| Updating 
| 278|0x0000000716200000, 0x00000007162fffe8, 0x0000000716300000| 99%| O|  |TAMS 0x00000007162fffe8, 0x0000000716200000| Updating 
| 279|0x0000000716300000, 0x00000007163ffff0, 0x0000000716400000| 99%| O|  |TAMS 0x00000007163ffff0, 0x0000000716300000| Updating 
| 280|0x0000000716400000, 0x0000000716500000, 0x0000000716500000|100%| O|  |TAMS 0x0000000716500000, 0x0000000716400000| Updating 
| 281|0x0000000716500000, 0x00000007165fffe8, 0x0000000716600000| 99%| O|  |TAMS 0x00000007165fffe8, 0x0000000716500000| Updating 
| 282|0x0000000716600000, 0x00000007166fffe8, 0x0000000716700000| 99%| O|  |TAMS 0x00000007166fffe8, 0x0000000716600000| Updating 
| 283|0x0000000716700000, 0x00000007167ffff8, 0x0000000716800000| 99%| O|  |TAMS 0x00000007167ffff8, 0x0000000716700000| Updating 
| 284|0x0000000716800000, 0x00000007168ffff0, 0x0000000716900000| 99%| O|  |TAMS 0x00000007168ffff0, 0x0000000716800000| Updating 
| 285|0x0000000716900000, 0x0000000716a00000, 0x0000000716a00000|100%| O|  |TAMS 0x0000000716a00000, 0x0000000716900000| Updating 
| 286|0x0000000716a00000, 0x0000000716afffe8, 0x0000000716b00000| 99%| O|  |TAMS 0x0000000716afffe8, 0x0000000716a00000| Updating 
| 287|0x0000000716b00000, 0x0000000716c00000, 0x0000000716c00000|100%| O|  |TAMS 0x0000000716c00000, 0x0000000716b00000| Updating 
| 288|0x0000000716c00000, 0x0000000716cffff8, 0x0000000716d00000| 99%| O|  |TAMS 0x0000000716cffff8, 0x0000000716c00000| Updating 
| 289|0x0000000716d00000, 0x0000000716e00000, 0x0000000716e00000|100%| O|  |TAMS 0x0000000716e00000, 0x0000000716d00000| Updating 
| 290|0x0000000716e00000, 0x0000000716f00000, 0x0000000716f00000|100%| O|  |TAMS 0x0000000716f00000, 0x0000000716e00000| Updating 
| 291|0x0000000716f00000, 0x0000000717000000, 0x0000000717000000|100%| O|  |TAMS 0x0000000717000000, 0x0000000716f00000| Updating 
| 292|0x0000000717000000, 0x0000000717100000, 0x0000000717100000|100%| O|  |TAMS 0x0000000717100000, 0x0000000717000000| Updating 
| 293|0x0000000717100000, 0x0000000717200000, 0x0000000717200000|100%| O|  |TAMS 0x0000000717200000, 0x0000000717100000| Updating 
| 294|0x0000000717200000, 0x00000007172ffff8, 0x0000000717300000| 99%| O|  |TAMS 0x00000007172ffff8, 0x0000000717200000| Updating 
| 295|0x0000000717300000, 0x00000007173ffff8, 0x0000000717400000| 99%| O|  |TAMS 0x00000007173ffff8, 0x0000000717300000| Updating 
| 296|0x0000000717400000, 0x00000007174ffff8, 0x0000000717500000| 99%| O|  |TAMS 0x00000007174ffff8, 0x0000000717400000| Updating 
| 297|0x0000000717500000, 0x00000007175fffd0, 0x0000000717600000| 99%| O|  |TAMS 0x00000007175fffd0, 0x0000000717500000| Updating 
| 298|0x0000000717600000, 0x00000007176ffff8, 0x0000000717700000| 99%| O|  |TAMS 0x00000007176ffff8, 0x0000000717600000| Updating 
| 299|0x0000000717700000, 0x0000000717800000, 0x0000000717800000|100%| O|  |TAMS 0x0000000717800000, 0x0000000717700000| Updating 
| 300|0x0000000717800000, 0x0000000717900000, 0x0000000717900000|100%| O|  |TAMS 0x0000000717900000, 0x0000000717800000| Updating 
| 301|0x0000000717900000, 0x0000000717a00000, 0x0000000717a00000|100%| O|  |TAMS 0x0000000717a00000, 0x0000000717900000| Updating 
| 302|0x0000000717a00000, 0x0000000717b00000, 0x0000000717b00000|100%| O|  |TAMS 0x0000000717b00000, 0x0000000717a00000| Updating 
| 303|0x0000000717b00000, 0x0000000717bffff0, 0x0000000717c00000| 99%| O|  |TAMS 0x0000000717bffff0, 0x0000000717b00000| Updating 
| 304|0x0000000717c00000, 0x0000000717d00000, 0x0000000717d00000|100%| O|  |TAMS 0x0000000717d00000, 0x0000000717c00000| Updating 
| 305|0x0000000717d00000, 0x0000000717dffff0, 0x0000000717e00000| 99%| O|  |TAMS 0x0000000717dffff0, 0x0000000717d00000| Updating 
| 306|0x0000000717e00000, 0x0000000717f00000, 0x0000000717f00000|100%| O|  |TAMS 0x0000000717f00000, 0x0000000717e00000| Updating 
| 307|0x0000000717f00000, 0x0000000718000000, 0x0000000718000000|100%| O|  |TAMS 0x0000000718000000, 0x0000000717f00000| Updating 
| 308|0x0000000718000000, 0x0000000718100000, 0x0000000718100000|100%| O|  |TAMS 0x0000000718100000, 0x0000000718000000| Updating 
| 309|0x0000000718100000, 0x00000007181fffd8, 0x0000000718200000| 99%| O|  |TAMS 0x00000007181fffd8, 0x0000000718100000| Updating 
| 310|0x0000000718200000, 0x0000000718300000, 0x0000000718300000|100%| O|  |TAMS 0x0000000718300000, 0x0000000718200000| Updating 
| 311|0x0000000718300000, 0x0000000718400000, 0x0000000718400000|100%| O|  |TAMS 0x0000000718400000, 0x0000000718300000| Updating 
| 312|0x0000000718400000, 0x00000007184ffff8, 0x0000000718500000| 99%| O|  |TAMS 0x00000007184ffff8, 0x0000000718400000| Updating 
| 313|0x0000000718500000, 0x00000007185ffff0, 0x0000000718600000| 99%| O|  |TAMS 0x00000007185ffff0, 0x0000000718500000| Updating 
| 314|0x0000000718600000, 0x00000007186fffd0, 0x0000000718700000| 99%| O|  |TAMS 0x00000007186fffd0, 0x0000000718600000| Updating 
| 315|0x0000000718700000, 0x00000007187ffff8, 0x0000000718800000| 99%| O|  |TAMS 0x00000007187ffff8, 0x0000000718700000| Updating 
| 316|0x0000000718800000, 0x0000000718900000, 0x0000000718900000|100%| O|  |TAMS 0x0000000718900000, 0x0000000718800000| Updating 
| 317|0x0000000718900000, 0x00000007189ffff0, 0x0000000718a00000| 99%| O|  |TAMS 0x00000007189ffff0, 0x0000000718900000| Updating 
| 318|0x0000000718a00000, 0x0000000718afffe0, 0x0000000718b00000| 99%| O|  |TAMS 0x0000000718afffe0, 0x0000000718a00000| Updating 
| 319|0x0000000718b00000, 0x0000000718bffff8, 0x0000000718c00000| 99%| O|  |TAMS 0x0000000718bffff8, 0x0000000718b00000| Updating 
| 320|0x0000000718c00000, 0x0000000718d00000, 0x0000000718d00000|100%| O|  |TAMS 0x0000000718d00000, 0x0000000718c00000| Updating 
| 321|0x0000000718d00000, 0x0000000718dfffe8, 0x0000000718e00000| 99%| O|  |TAMS 0x0000000718dfffe8, 0x0000000718d00000| Updating 
| 322|0x0000000718e00000, 0x0000000718efffe0, 0x0000000718f00000| 99%| O|  |TAMS 0x0000000718efffe0, 0x0000000718e00000| Updating 
| 323|0x0000000718f00000, 0x0000000718fffff0, 0x0000000719000000| 99%| O|  |TAMS 0x0000000718fffff0, 0x0000000718f00000| Updating 
| 324|0x0000000719000000, 0x00000007190fffe8, 0x0000000719100000| 99%| O|  |TAMS 0x00000007190fffe8, 0x0000000719000000| Updating 
| 325|0x0000000719100000, 0x00000007191ffff8, 0x0000000719200000| 99%| O|  |TAMS 0x00000007191ffff8, 0x0000000719100000| Updating 
| 326|0x0000000719200000, 0x00000007192ffff0, 0x0000000719300000| 99%| O|  |TAMS 0x00000007192ffff0, 0x0000000719200000| Updating 
| 327|0x0000000719300000, 0x0000000719400000, 0x0000000719400000|100%| O|  |TAMS 0x0000000719400000, 0x0000000719300000| Updating 
| 328|0x0000000719400000, 0x0000000719500000, 0x0000000719500000|100%| O|  |TAMS 0x0000000719500000, 0x0000000719400000| Updating 
| 329|0x0000000719500000, 0x00000007195ffff8, 0x0000000719600000| 99%| O|  |TAMS 0x00000007195ffff8, 0x0000000719500000| Updating 
| 330|0x0000000719600000, 0x00000007196ffff8, 0x0000000719700000| 99%| O|  |TAMS 0x00000007196ffff8, 0x0000000719600000| Updating 
| 331|0x0000000719700000, 0x00000007197ffff8, 0x0000000719800000| 99%| O|  |TAMS 0x00000007197ffff8, 0x0000000719700000| Updating 
| 332|0x0000000719800000, 0x00000007198ffff0, 0x0000000719900000| 99%| O|  |TAMS 0x00000007198ffff0, 0x0000000719800000| Updating 
| 333|0x0000000719900000, 0x0000000719a00000, 0x0000000719a00000|100%| O|  |TAMS 0x0000000719a00000, 0x0000000719900000| Updating 
| 334|0x0000000719a00000, 0x0000000719affff8, 0x0000000719b00000| 99%| O|  |TAMS 0x0000000719affff8, 0x0000000719a00000| Updating 
| 335|0x0000000719b00000, 0x0000000719bffff8, 0x0000000719c00000| 99%| O|  |TAMS 0x0000000719bffff8, 0x0000000719b00000| Updating 
| 336|0x0000000719c00000, 0x0000000719cffff8, 0x0000000719d00000| 99%| O|  |TAMS 0x0000000719cffff8, 0x0000000719c00000| Updating 
| 337|0x0000000719d00000, 0x0000000719dffff8, 0x0000000719e00000| 99%| O|  |TAMS 0x0000000719dffff8, 0x0000000719d00000| Updating 
| 338|0x0000000719e00000, 0x0000000719f00000, 0x0000000719f00000|100%| O|  |TAMS 0x0000000719f00000, 0x0000000719e00000| Updating 
| 339|0x0000000719f00000, 0x0000000719fffff8, 0x000000071a000000| 99%| O|  |TAMS 0x0000000719fffff8, 0x0000000719f00000| Updating 
| 340|0x000000071a000000, 0x000000071a100000, 0x000000071a100000|100%| O|  |TAMS 0x000000071a100000, 0x000000071a000000| Updating 
| 341|0x000000071a100000, 0x000000071a200000, 0x000000071a200000|100%| O|  |TAMS 0x000000071a200000, 0x000000071a100000| Updating 
| 342|0x000000071a200000, 0x000000071a2fffe8, 0x000000071a300000| 99%| O|  |TAMS 0x000000071a2fffe8, 0x000000071a200000| Updating 
| 343|0x000000071a300000, 0x000000071a3ffff8, 0x000000071a400000| 99%| O|  |TAMS 0x000000071a3ffff8, 0x000000071a300000| Updating 
| 344|0x000000071a400000, 0x000000071a4fffd0, 0x000000071a500000| 99%| O|  |TAMS 0x000000071a4fffd0, 0x000000071a400000| Updating 
| 345|0x000000071a500000, 0x000000071a600000, 0x000000071a600000|100%| O|  |TAMS 0x000000071a600000, 0x000000071a500000| Updating 
| 346|0x000000071a600000, 0x000000071a6ffff8, 0x000000071a700000| 99%| O|  |TAMS 0x000000071a6ffff8, 0x000000071a600000| Updating 
| 347|0x000000071a700000, 0x000000071a7ffff0, 0x000000071a800000| 99%| O|  |TAMS 0x000000071a7ffff0, 0x000000071a700000| Updating 
| 348|0x000000071a800000, 0x000000071a900000, 0x000000071a900000|100%| O|  |TAMS 0x000000071a900000, 0x000000071a800000| Updating 
| 349|0x000000071a900000, 0x000000071a9ffff0, 0x000000071aa00000| 99%| O|  |TAMS 0x000000071a9ffff0, 0x000000071a900000| Updating 
| 350|0x000000071aa00000, 0x000000071aaffff8, 0x000000071ab00000| 99%| O|  |TAMS 0x000000071aaffff8, 0x000000071aa00000| Updating 
| 351|0x000000071ab00000, 0x000000071ac00000, 0x000000071ac00000|100%| O|  |TAMS 0x000000071ac00000, 0x000000071ab00000| Updating 
| 352|0x000000071ac00000, 0x000000071ad00000, 0x000000071ad00000|100%| O|  |TAMS 0x000000071ad00000, 0x000000071ac00000| Updating 
| 353|0x000000071ad00000, 0x000000071ae00000, 0x000000071ae00000|100%| O|  |TAMS 0x000000071ae00000, 0x000000071ad00000| Updating 
| 354|0x000000071ae00000, 0x000000071aeffff0, 0x000000071af00000| 99%| O|  |TAMS 0x000000071aeffff0, 0x000000071ae00000| Updating 
| 355|0x000000071af00000, 0x000000071afffff0, 0x000000071b000000| 99%| O|  |TAMS 0x000000071afffff0, 0x000000071af00000| Updating 
| 356|0x000000071b000000, 0x000000071b0fffe0, 0x000000071b100000| 99%| O|  |TAMS 0x000000071b0fffe0, 0x000000071b000000| Updating 
| 357|0x000000071b100000, 0x000000071b200000, 0x000000071b200000|100%| O|  |TAMS 0x000000071b200000, 0x000000071b100000| Updating 
| 358|0x000000071b200000, 0x000000071b2ffff0, 0x000000071b300000| 99%| O|  |TAMS 0x000000071b2ffff0, 0x000000071b200000| Updating 
| 359|0x000000071b300000, 0x000000071b3fffe8, 0x000000071b400000| 99%| O|  |TAMS 0x000000071b3fffe8, 0x000000071b300000| Updating 
| 360|0x000000071b400000, 0x000000071b4ffff8, 0x000000071b500000| 99%| O|  |TAMS 0x000000071b4ffff8, 0x000000071b400000| Updating 
| 361|0x000000071b500000, 0x000000071b600000, 0x000000071b600000|100%| O|  |TAMS 0x000000071b600000, 0x000000071b500000| Updating 
| 362|0x000000071b600000, 0x000000071b700000, 0x000000071b700000|100%| O|  |TAMS 0x000000071b700000, 0x000000071b600000| Updating 
| 363|0x000000071b700000, 0x000000071b800000, 0x000000071b800000|100%| O|  |TAMS 0x000000071b800000, 0x000000071b700000| Updating 
| 364|0x000000071b800000, 0x000000071b8ffff8, 0x000000071b900000| 99%| O|  |TAMS 0x000000071b8ffff8, 0x000000071b800000| Updating 
| 365|0x000000071b900000, 0x000000071ba00000, 0x000000071ba00000|100%| O|  |TAMS 0x000000071ba00000, 0x000000071b900000| Updating 
| 366|0x000000071ba00000, 0x000000071bafffe8, 0x000000071bb00000| 99%| O|  |TAMS 0x000000071bafffe8, 0x000000071ba00000| Updating 
| 367|0x000000071bb00000, 0x000000071bc00000, 0x000000071bc00000|100%| O|  |TAMS 0x000000071bc00000, 0x000000071bb00000| Updating 
| 368|0x000000071bc00000, 0x000000071bd00000, 0x000000071bd00000|100%| O|  |TAMS 0x000000071bd00000, 0x000000071bc00000| Updating 
| 369|0x000000071bd00000, 0x000000071bdffff0, 0x000000071be00000| 99%| O|  |TAMS 0x000000071bdffff0, 0x000000071bd00000| Updating 
| 370|0x000000071be00000, 0x000000071beffff8, 0x000000071bf00000| 99%| O|  |TAMS 0x000000071beffff8, 0x000000071be00000| Updating 
| 371|0x000000071bf00000, 0x000000071bfffff0, 0x000000071c000000| 99%| O|  |TAMS 0x000000071bfffff0, 0x000000071bf00000| Updating 
| 372|0x000000071c000000, 0x000000071c100000, 0x000000071c100000|100%| O|  |TAMS 0x000000071c100000, 0x000000071c000000| Updating 
| 373|0x000000071c100000, 0x000000071c1ffff8, 0x000000071c200000| 99%| O|  |TAMS 0x000000071c1ffff8, 0x000000071c100000| Updating 
| 374|0x000000071c200000, 0x000000071c300000, 0x000000071c300000|100%| O|  |TAMS 0x000000071c300000, 0x000000071c200000| Updating 
| 375|0x000000071c300000, 0x000000071c3fffe0, 0x000000071c400000| 99%| O|  |TAMS 0x000000071c3fffe0, 0x000000071c300000| Updating 
| 376|0x000000071c400000, 0x000000071c500000, 0x000000071c500000|100%| O|  |TAMS 0x000000071c500000, 0x000000071c400000| Updating 
| 377|0x000000071c500000, 0x000000071c600000, 0x000000071c600000|100%| O|  |TAMS 0x000000071c600000, 0x000000071c500000| Updating 
| 378|0x000000071c600000, 0x000000071c6ffe40, 0x000000071c700000| 99%| O|  |TAMS 0x000000071c6ffe40, 0x000000071c600000| Updating 
| 379|0x000000071c700000, 0x000000071c7ffff8, 0x000000071c800000| 99%| O|  |TAMS 0x000000071c7ffff8, 0x000000071c700000| Updating 
| 380|0x000000071c800000, 0x000000071c8fffe8, 0x000000071c900000| 99%| O|  |TAMS 0x000000071c8fffe8, 0x000000071c800000| Updating 
| 381|0x000000071c900000, 0x000000071c9fffe8, 0x000000071ca00000| 99%| O|  |TAMS 0x000000071c9fffe8, 0x000000071c900000| Updating 
| 382|0x000000071ca00000, 0x000000071cafffe8, 0x000000071cb00000| 99%| O|  |TAMS 0x000000071cafffe8, 0x000000071ca00000| Updating 
| 383|0x000000071cb00000, 0x000000071cc00000, 0x000000071cc00000|100%| O|  |TAMS 0x000000071cc00000, 0x000000071cb00000| Updating 
| 384|0x000000071cc00000, 0x000000071ccffff0, 0x000000071cd00000| 99%| O|  |TAMS 0x000000071ccffff0, 0x000000071cc00000| Updating 
| 385|0x000000071cd00000, 0x000000071cdffff0, 0x000000071ce00000| 99%| O|  |TAMS 0x000000071cdffff0, 0x000000071cd00000| Updating 
| 386|0x000000071ce00000, 0x000000071cefffe8, 0x000000071cf00000| 99%| O|  |TAMS 0x000000071cefffe8, 0x000000071ce00000| Updating 
| 387|0x000000071cf00000, 0x000000071d000000, 0x000000071d000000|100%| O|  |TAMS 0x000000071d000000, 0x000000071cf00000| Updating 
| 388|0x000000071d000000, 0x000000071d0ffff0, 0x000000071d100000| 99%| O|  |TAMS 0x000000071d0ffff0, 0x000000071d000000| Updating 
| 389|0x000000071d100000, 0x000000071d200000, 0x000000071d200000|100%| O|  |TAMS 0x000000071d200000, 0x000000071d100000| Updating 
| 390|0x000000071d200000, 0x000000071d300000, 0x000000071d300000|100%| O|  |TAMS 0x000000071d300000, 0x000000071d200000| Updating 
| 391|0x000000071d300000, 0x000000071d400000, 0x000000071d400000|100%| O|  |TAMS 0x000000071d400000, 0x000000071d300000| Updating 
| 392|0x000000071d400000, 0x000000071d4ffff8, 0x000000071d500000| 99%| O|  |TAMS 0x000000071d4ffff8, 0x000000071d400000| Updating 
| 393|0x000000071d500000, 0x000000071d5ffff8, 0x000000071d600000| 99%| O|  |TAMS 0x000000071d5ffff8, 0x000000071d500000| Updating 
| 394|0x000000071d600000, 0x000000071d6fffe8, 0x000000071d700000| 99%| O|  |TAMS 0x000000071d6fffe8, 0x000000071d600000| Updating 
| 395|0x000000071d700000, 0x000000071d800000, 0x000000071d800000|100%| O|  |TAMS 0x000000071d800000, 0x000000071d700000| Updating 
| 396|0x000000071d800000, 0x000000071d900000, 0x000000071d900000|100%| O|  |TAMS 0x000000071d900000, 0x000000071d800000| Updating 
| 397|0x000000071d900000, 0x000000071d9fffe0, 0x000000071da00000| 99%| O|  |TAMS 0x000000071d9fffe0, 0x000000071d900000| Updating 
| 398|0x000000071da00000, 0x000000071daffff8, 0x000000071db00000| 99%| O|  |TAMS 0x000000071daffff8, 0x000000071da00000| Updating 
| 399|0x000000071db00000, 0x000000071dbfffe8, 0x000000071dc00000| 99%| O|  |TAMS 0x000000071dbfffe8, 0x000000071db00000| Updating 
| 400|0x000000071dc00000, 0x000000071dcffff0, 0x000000071dd00000| 99%| O|  |TAMS 0x000000071dcffff0, 0x000000071dc00000| Updating 
| 401|0x000000071dd00000, 0x000000071de00000, 0x000000071de00000|100%| O|  |TAMS 0x000000071de00000, 0x000000071dd00000| Updating 
| 402|0x000000071de00000, 0x000000071deffff8, 0x000000071df00000| 99%| O|  |TAMS 0x000000071deffff8, 0x000000071de00000| Updating 
| 403|0x000000071df00000, 0x000000071e000000, 0x000000071e000000|100%| O|  |TAMS 0x000000071e000000, 0x000000071df00000| Updating 
| 404|0x000000071e000000, 0x000000071e100000, 0x000000071e100000|100%| O|  |TAMS 0x000000071e100000, 0x000000071e000000| Updating 
| 405|0x000000071e100000, 0x000000071e200000, 0x000000071e200000|100%| O|  |TAMS 0x000000071e200000, 0x000000071e100000| Updating 
| 406|0x000000071e200000, 0x000000071e2ffff0, 0x000000071e300000| 99%| O|  |TAMS 0x000000071e2ffff0, 0x000000071e200000| Updating 
| 407|0x000000071e300000, 0x000000071e3ffff8, 0x000000071e400000| 99%| O|  |TAMS 0x000000071e3ffff8, 0x000000071e300000| Updating 
| 408|0x000000071e400000, 0x000000071e500000, 0x000000071e500000|100%| O|  |TAMS 0x000000071e500000, 0x000000071e400000| Updating 
| 409|0x000000071e500000, 0x000000071e600000, 0x000000071e600000|100%| O|  |TAMS 0x000000071e600000, 0x000000071e500000| Updating 
| 410|0x000000071e600000, 0x000000071e6ffff0, 0x000000071e700000| 99%| O|  |TAMS 0x000000071e6ffff0, 0x000000071e600000| Updating 
| 411|0x000000071e700000, 0x000000071e800000, 0x000000071e800000|100%| O|  |TAMS 0x000000071e800000, 0x000000071e700000| Updating 
| 412|0x000000071e800000, 0x000000071e900000, 0x000000071e900000|100%| O|  |TAMS 0x000000071e900000, 0x000000071e800000| Updating 
| 413|0x000000071e900000, 0x000000071e9ffff0, 0x000000071ea00000| 99%| O|  |TAMS 0x000000071e9ffff0, 0x000000071e900000| Updating 
| 414|0x000000071ea00000, 0x000000071eaffff8, 0x000000071eb00000| 99%| O|  |TAMS 0x000000071eaffff8, 0x000000071ea00000| Updating 
| 415|0x000000071eb00000, 0x000000071ebffff8, 0x000000071ec00000| 99%| O|  |TAMS 0x000000071ebffff8, 0x000000071eb00000| Updating 
| 416|0x000000071ec00000, 0x000000071ecffff0, 0x000000071ed00000| 99%| O|  |TAMS 0x000000071ecffff0, 0x000000071ec00000| Updating 
| 417|0x000000071ed00000, 0x000000071edffff0, 0x000000071ee00000| 99%| O|  |TAMS 0x000000071edffff0, 0x000000071ed00000| Updating 
| 418|0x000000071ee00000, 0x000000071ef00000, 0x000000071ef00000|100%| O|  |TAMS 0x000000071ef00000, 0x000000071ee00000| Updating 
| 419|0x000000071ef00000, 0x000000071f000000, 0x000000071f000000|100%| O|  |TAMS 0x000000071f000000, 0x000000071ef00000| Updating 
| 420|0x000000071f000000, 0x000000071f100000, 0x000000071f100000|100%| O|  |TAMS 0x000000071f100000, 0x000000071f000000| Updating 
| 421|0x000000071f100000, 0x000000071f200000, 0x000000071f200000|100%| O|  |TAMS 0x000000071f200000, 0x000000071f100000| Updating 
| 422|0x000000071f200000, 0x000000071f2ffff8, 0x000000071f300000| 99%| O|  |TAMS 0x000000071f2ffff8, 0x000000071f200000| Updating 
| 423|0x000000071f300000, 0x000000071f3fffe0, 0x000000071f400000| 99%| O|  |TAMS 0x000000071f3fffe0, 0x000000071f300000| Updating 
| 424|0x000000071f400000, 0x000000071f4fffe8, 0x000000071f500000| 99%| O|  |TAMS 0x000000071f4fffe8, 0x000000071f400000| Updating 
| 425|0x000000071f500000, 0x000000071f600000, 0x000000071f600000|100%| O|  |TAMS 0x000000071f600000, 0x000000071f500000| Updating 
| 426|0x000000071f600000, 0x000000071f6ffff0, 0x000000071f700000| 99%| O|  |TAMS 0x000000071f6ffff0, 0x000000071f600000| Updating 
| 427|0x000000071f700000, 0x000000071f7ffff0, 0x000000071f800000| 99%| O|  |TAMS 0x000000071f7ffff0, 0x000000071f700000| Updating 
| 428|0x000000071f800000, 0x000000071f8ffff0, 0x000000071f900000| 99%| O|  |TAMS 0x000000071f8ffff0, 0x000000071f800000| Updating 
| 429|0x000000071f900000, 0x000000071f9ffff0, 0x000000071fa00000| 99%| O|  |TAMS 0x000000071f9ffff0, 0x000000071f900000| Updating 
| 430|0x000000071fa00000, 0x000000071faffff8, 0x000000071fb00000| 99%| O|  |TAMS 0x000000071faffff8, 0x000000071fa00000| Updating 
| 431|0x000000071fb00000, 0x000000071fbffff0, 0x000000071fc00000| 99%| O|  |TAMS 0x000000071fbffff0, 0x000000071fb00000| Updating 
| 432|0x000000071fc00000, 0x000000071fcff880, 0x000000071fd00000| 99%| O|  |TAMS 0x000000071fcff880, 0x000000071fc00000| Updating 
| 433|0x000000071fd00000, 0x000000071fdfffe0, 0x000000071fe00000| 99%| O|  |TAMS 0x000000071fdfffe0, 0x000000071fd00000| Updating 
| 434|0x000000071fe00000, 0x000000071ff00000, 0x000000071ff00000|100%| O|  |TAMS 0x000000071ff00000, 0x000000071fe00000| Updating 
| 435|0x000000071ff00000, 0x0000000720000000, 0x0000000720000000|100%| O|  |TAMS 0x0000000720000000, 0x000000071ff00000| Updating 
| 436|0x0000000720000000, 0x00000007200ffff0, 0x0000000720100000| 99%| O|  |TAMS 0x00000007200ffff0, 0x0000000720000000| Updating 
| 437|0x0000000720100000, 0x00000007201fffe8, 0x0000000720200000| 99%| O|  |TAMS 0x00000007201fffe8, 0x0000000720100000| Updating 
| 438|0x0000000720200000, 0x00000007202ffff8, 0x0000000720300000| 99%| O|  |TAMS 0x00000007202ffff8, 0x0000000720200000| Updating 
| 439|0x0000000720300000, 0x0000000720400000, 0x0000000720400000|100%| O|  |TAMS 0x0000000720400000, 0x0000000720300000| Updating 
| 440|0x0000000720400000, 0x0000000720500000, 0x0000000720500000|100%| O|  |TAMS 0x0000000720500000, 0x0000000720400000| Updating 
| 441|0x0000000720500000, 0x00000007205ffff0, 0x0000000720600000| 99%| O|  |TAMS 0x00000007205ffff0, 0x0000000720500000| Updating 
| 442|0x0000000720600000, 0x00000007206ffff0, 0x0000000720700000| 99%| O|  |TAMS 0x00000007206ffff0, 0x0000000720600000| Updating 
| 443|0x0000000720700000, 0x00000007207fff68, 0x0000000720800000| 99%| O|  |TAMS 0x00000007207fff68, 0x0000000720700000| Updating 
| 444|0x0000000720800000, 0x00000007208ffff0, 0x0000000720900000| 99%| O|  |TAMS 0x00000007208ffff0, 0x0000000720800000| Updating 
| 445|0x0000000720900000, 0x00000007209ffff8, 0x0000000720a00000| 99%| O|  |TAMS 0x00000007209ffff8, 0x0000000720900000| Updating 
| 446|0x0000000720a00000, 0x0000000720b00000, 0x0000000720b00000|100%| O|  |TAMS 0x0000000720b00000, 0x0000000720a00000| Updating 
| 447|0x0000000720b00000, 0x0000000720c00000, 0x0000000720c00000|100%| O|  |TAMS 0x0000000720c00000, 0x0000000720b00000| Updating 
| 448|0x0000000720c00000, 0x0000000720cffff0, 0x0000000720d00000| 99%| O|  |TAMS 0x0000000720cffff0, 0x0000000720c00000| Updating 
| 449|0x0000000720d00000, 0x0000000720dfffe0, 0x0000000720e00000| 99%| O|  |TAMS 0x0000000720dfffe0, 0x0000000720d00000| Updating 
| 450|0x0000000720e00000, 0x0000000720f00000, 0x0000000720f00000|100%| O|  |TAMS 0x0000000720f00000, 0x0000000720e00000| Updating 
| 451|0x0000000720f00000, 0x0000000720fffff8, 0x0000000721000000| 99%| O|  |TAMS 0x0000000720fffff8, 0x0000000720f00000| Updating 
| 452|0x0000000721000000, 0x00000007210ffff0, 0x0000000721100000| 99%| O|  |TAMS 0x00000007210ffff0, 0x0000000721000000| Updating 
| 453|0x0000000721100000, 0x00000007211ffff8, 0x0000000721200000| 99%| O|  |TAMS 0x00000007211ffff8, 0x0000000721100000| Updating 
| 454|0x0000000721200000, 0x00000007212ffff8, 0x0000000721300000| 99%| O|  |TAMS 0x00000007212ffff8, 0x0000000721200000| Updating 
| 455|0x0000000721300000, 0x0000000721400000, 0x0000000721400000|100%| O|  |TAMS 0x0000000721400000, 0x0000000721300000| Updating 
| 456|0x0000000721400000, 0x00000007214fffe0, 0x0000000721500000| 99%| O|  |TAMS 0x00000007214fffe0, 0x0000000721400000| Updating 
| 457|0x0000000721500000, 0x00000007215ffff0, 0x0000000721600000| 99%| O|  |TAMS 0x00000007215ffff0, 0x0000000721500000| Updating 
| 458|0x0000000721600000, 0x0000000721700000, 0x0000000721700000|100%| O|  |TAMS 0x0000000721700000, 0x0000000721600000| Updating 
| 459|0x0000000721700000, 0x00000007217fffe8, 0x0000000721800000| 99%| O|  |TAMS 0x00000007217fffe8, 0x0000000721700000| Updating 
| 460|0x0000000721800000, 0x0000000721900000, 0x0000000721900000|100%| O|  |TAMS 0x0000000721900000, 0x0000000721800000| Updating 
| 461|0x0000000721900000, 0x0000000721a00000, 0x0000000721a00000|100%| O|  |TAMS 0x0000000721a00000, 0x0000000721900000| Updating 
| 462|0x0000000721a00000, 0x0000000721affff8, 0x0000000721b00000| 99%| O|  |TAMS 0x0000000721affff8, 0x0000000721a00000| Updating 
| 463|0x0000000721b00000, 0x0000000721bfffc0, 0x0000000721c00000| 99%| O|  |TAMS 0x0000000721bfffc0, 0x0000000721b00000| Updating 
| 464|0x0000000721c00000, 0x0000000721cffff8, 0x0000000721d00000| 99%| O|  |TAMS 0x0000000721cffff8, 0x0000000721c00000| Updating 
| 465|0x0000000721d00000, 0x0000000721dffff8, 0x0000000721e00000| 99%| O|  |TAMS 0x0000000721dffff8, 0x0000000721d00000| Updating 
| 466|0x0000000721e00000, 0x0000000721effff0, 0x0000000721f00000| 99%| O|  |TAMS 0x0000000721effff0, 0x0000000721e00000| Updating 
| 467|0x0000000721f00000, 0x0000000722000000, 0x0000000722000000|100%| O|  |TAMS 0x0000000722000000, 0x0000000721f00000| Updating 
| 468|0x0000000722000000, 0x00000007220fff70, 0x0000000722100000| 99%| O|  |TAMS 0x00000007220fff70, 0x0000000722000000| Updating 
| 469|0x0000000722100000, 0x00000007221ffff0, 0x0000000722200000| 99%| O|  |TAMS 0x00000007221ffff0, 0x0000000722100000| Updating 
| 470|0x0000000722200000, 0x00000007222ffff8, 0x0000000722300000| 99%| O|  |TAMS 0x00000007222ffff8, 0x0000000722200000| Updating 
| 471|0x0000000722300000, 0x00000007223fffe0, 0x0000000722400000| 99%| O|  |TAMS 0x00000007223fffe0, 0x0000000722300000| Updating 
| 472|0x0000000722400000, 0x0000000722500000, 0x0000000722500000|100%| O|  |TAMS 0x0000000722500000, 0x0000000722400000| Updating 
| 473|0x0000000722500000, 0x00000007225ffff0, 0x0000000722600000| 99%| O|  |TAMS 0x00000007225ffff0, 0x0000000722500000| Updating 
| 474|0x0000000722600000, 0x00000007226fffe0, 0x0000000722700000| 99%| O|  |TAMS 0x00000007226fffe0, 0x0000000722600000| Updating 
| 475|0x0000000722700000, 0x0000000722800000, 0x0000000722800000|100%| O|  |TAMS 0x0000000722800000, 0x0000000722700000| Updating 
| 476|0x0000000722800000, 0x0000000722900000, 0x0000000722900000|100%| O|  |TAMS 0x0000000722900000, 0x0000000722800000| Updating 
| 477|0x0000000722900000, 0x00000007229ffff8, 0x0000000722a00000| 99%| O|  |TAMS 0x00000007229ffff8, 0x0000000722900000| Updating 
| 478|0x0000000722a00000, 0x0000000722affff0, 0x0000000722b00000| 99%| O|  |TAMS 0x0000000722affff0, 0x0000000722a00000| Updating 
| 479|0x0000000722b00000, 0x0000000722bfffe8, 0x0000000722c00000| 99%| O|  |TAMS 0x0000000722bfffe8, 0x0000000722b00000| Updating 
| 480|0x0000000722c00000, 0x0000000722cffff0, 0x0000000722d00000| 99%| O|  |TAMS 0x0000000722cffff0, 0x0000000722c00000| Updating 
| 481|0x0000000722d00000, 0x0000000722dfffe8, 0x0000000722e00000| 99%| O|  |TAMS 0x0000000722dfffe8, 0x0000000722d00000| Updating 
| 482|0x0000000722e00000, 0x0000000722f00000, 0x0000000722f00000|100%| O|  |TAMS 0x0000000722f00000, 0x0000000722e00000| Updating 
| 483|0x0000000722f00000, 0x0000000722fffff0, 0x0000000723000000| 99%| O|  |TAMS 0x0000000722fffff0, 0x0000000722f00000| Updating 
| 484|0x0000000723000000, 0x0000000723100000, 0x0000000723100000|100%| O|  |TAMS 0x0000000723100000, 0x0000000723000000| Updating 
| 485|0x0000000723100000, 0x0000000723200000, 0x0000000723200000|100%| O|  |TAMS 0x0000000723200000, 0x0000000723100000| Updating 
| 486|0x0000000723200000, 0x00000007232ffff8, 0x0000000723300000| 99%| O|  |TAMS 0x00000007232ffff8, 0x0000000723200000| Updating 
| 487|0x0000000723300000, 0x00000007233ffd28, 0x0000000723400000| 99%| O|  |TAMS 0x00000007233ffd28, 0x0000000723300000| Updating 
| 488|0x0000000723400000, 0x00000007234ffff0, 0x0000000723500000| 99%| O|  |TAMS 0x00000007234ffff0, 0x0000000723400000| Updating 
| 489|0x0000000723500000, 0x00000007235fffe8, 0x0000000723600000| 99%| O|  |TAMS 0x00000007235fffe8, 0x0000000723500000| Updating 
| 490|0x0000000723600000, 0x0000000723700000, 0x0000000723700000|100%| O|  |TAMS 0x0000000723700000, 0x0000000723600000| Updating 
| 491|0x0000000723700000, 0x00000007237ffff8, 0x0000000723800000| 99%| O|  |TAMS 0x00000007237ffff8, 0x0000000723700000| Updating 
| 492|0x0000000723800000, 0x0000000723900000, 0x0000000723900000|100%| O|  |TAMS 0x0000000723900000, 0x0000000723800000| Updating 
| 493|0x0000000723900000, 0x00000007239ffff0, 0x0000000723a00000| 99%| O|  |TAMS 0x00000007239ffff0, 0x0000000723900000| Updating 
| 494|0x0000000723a00000, 0x0000000723affff8, 0x0000000723b00000| 99%| O|  |TAMS 0x0000000723affff8, 0x0000000723a00000| Updating 
| 495|0x0000000723b00000, 0x0000000723bffff0, 0x0000000723c00000| 99%| O|  |TAMS 0x0000000723bffff0, 0x0000000723b00000| Updating 
| 496|0x0000000723c00000, 0x0000000723cffff8, 0x0000000723d00000| 99%| O|  |TAMS 0x0000000723cffff8, 0x0000000723c00000| Updating 
| 497|0x0000000723d00000, 0x0000000723e00000, 0x0000000723e00000|100%| O|  |TAMS 0x0000000723e00000, 0x0000000723d00000| Updating 
| 498|0x0000000723e00000, 0x0000000723effff8, 0x0000000723f00000| 99%| O|  |TAMS 0x0000000723effff8, 0x0000000723e00000| Updating 
| 499|0x0000000723f00000, 0x0000000723fffff8, 0x0000000724000000| 99%| O|  |TAMS 0x0000000723fffff8, 0x0000000723f00000| Updating 
| 500|0x0000000724000000, 0x00000007240fff50, 0x0000000724100000| 99%| O|  |TAMS 0x00000007240fff50, 0x0000000724000000| Updating 
| 501|0x0000000724100000, 0x00000007241fff48, 0x0000000724200000| 99%| O|  |TAMS 0x00000007241fff48, 0x0000000724100000| Updating 
| 502|0x0000000724200000, 0x0000000724300000, 0x0000000724300000|100%| O|  |TAMS 0x0000000724300000, 0x0000000724200000| Updating 
| 503|0x0000000724300000, 0x0000000724400000, 0x0000000724400000|100%| O|  |TAMS 0x0000000724400000, 0x0000000724300000| Updating 
| 504|0x0000000724400000, 0x0000000724500000, 0x0000000724500000|100%| O|  |TAMS 0x0000000724500000, 0x0000000724400000| Updating 
| 505|0x0000000724500000, 0x00000007245ffff0, 0x0000000724600000| 99%| O|  |TAMS 0x00000007245ffff0, 0x0000000724500000| Updating 
| 506|0x0000000724600000, 0x0000000724700000, 0x0000000724700000|100%| O|  |TAMS 0x0000000724700000, 0x0000000724600000| Updating 
| 507|0x0000000724700000, 0x0000000724800000, 0x0000000724800000|100%| O|  |TAMS 0x0000000724800000, 0x0000000724700000| Updating 
| 508|0x0000000724800000, 0x00000007248ffff0, 0x0000000724900000| 99%| O|  |TAMS 0x00000007248ffff0, 0x0000000724800000| Updating 
| 509|0x0000000724900000, 0x00000007249fff60, 0x0000000724a00000| 99%| O|  |TAMS 0x00000007249fff60, 0x0000000724900000| Updating 
| 510|0x0000000724a00000, 0x0000000724afffd0, 0x0000000724b00000| 99%| O|  |TAMS 0x0000000724afffd0, 0x0000000724a00000| Updating 
| 511|0x0000000724b00000, 0x0000000724bfffe8, 0x0000000724c00000| 99%| O|  |TAMS 0x0000000724bfffe8, 0x0000000724b00000| Updating 
| 512|0x0000000724c00000, 0x0000000724cfffe8, 0x0000000724d00000| 99%| O|  |TAMS 0x0000000724cfffe8, 0x0000000724c00000| Updating 
| 513|0x0000000724d00000, 0x0000000724dfffe8, 0x0000000724e00000| 99%| O|  |TAMS 0x0000000724dfffe8, 0x0000000724d00000| Updating 
| 514|0x0000000724e00000, 0x0000000724effff8, 0x0000000724f00000| 99%| O|  |TAMS 0x0000000724effff8, 0x0000000724e00000| Updating 
| 515|0x0000000724f00000, 0x0000000725000000, 0x0000000725000000|100%| O|  |TAMS 0x0000000725000000, 0x0000000724f00000| Updating 
| 516|0x0000000725000000, 0x00000007250ffff0, 0x0000000725100000| 99%| O|  |TAMS 0x00000007250ffff0, 0x0000000725000000| Updating 
| 517|0x0000000725100000, 0x0000000725200000, 0x0000000725200000|100%| O|  |TAMS 0x0000000725200000, 0x0000000725100000| Updating 
| 518|0x0000000725200000, 0x0000000725300000, 0x0000000725300000|100%| O|  |TAMS 0x0000000725300000, 0x0000000725200000| Updating 
| 519|0x0000000725300000, 0x00000007253fffe8, 0x0000000725400000| 99%| O|  |TAMS 0x00000007253fffe8, 0x0000000725300000| Updating 
| 520|0x0000000725400000, 0x0000000725500000, 0x0000000725500000|100%| O|  |TAMS 0x0000000725500000, 0x0000000725400000| Updating 
| 521|0x0000000725500000, 0x00000007255ffdd0, 0x0000000725600000| 99%| O|  |TAMS 0x00000007255ffdd0, 0x0000000725500000| Updating 
| 522|0x0000000725600000, 0x00000007256ffff8, 0x0000000725700000| 99%| O|  |TAMS 0x00000007256ffff8, 0x0000000725600000| Updating 
| 523|0x0000000725700000, 0x00000007257ffff0, 0x0000000725800000| 99%| O|  |TAMS 0x00000007257ffff0, 0x0000000725700000| Updating 
| 524|0x0000000725800000, 0x0000000725900000, 0x0000000725900000|100%| O|  |TAMS 0x0000000725900000, 0x0000000725800000| Updating 
| 525|0x0000000725900000, 0x0000000725a00000, 0x0000000725a00000|100%| O|  |TAMS 0x0000000725a00000, 0x0000000725900000| Updating 
| 526|0x0000000725a00000, 0x0000000725b00000, 0x0000000725b00000|100%| O|  |TAMS 0x0000000725b00000, 0x0000000725a00000| Updating 
| 527|0x0000000725b00000, 0x0000000725bfffe8, 0x0000000725c00000| 99%| O|  |TAMS 0x0000000725bfffe8, 0x0000000725b00000| Updating 
| 528|0x0000000725c00000, 0x0000000725cfffe8, 0x0000000725d00000| 99%| O|  |TAMS 0x0000000725cfffe8, 0x0000000725c00000| Updating 
| 529|0x0000000725d00000, 0x0000000725dfffe8, 0x0000000725e00000| 99%| O|  |TAMS 0x0000000725dfffe8, 0x0000000725d00000| Updating 
| 530|0x0000000725e00000, 0x0000000725effff0, 0x0000000725f00000| 99%| O|  |TAMS 0x0000000725effff0, 0x0000000725e00000| Updating 
| 531|0x0000000725f00000, 0x0000000725fffff0, 0x0000000726000000| 99%| O|  |TAMS 0x0000000725fffff0, 0x0000000725f00000| Updating 
| 532|0x0000000726000000, 0x00000007260fffd8, 0x0000000726100000| 99%| O|  |TAMS 0x00000007260fffd8, 0x0000000726000000| Updating 
| 533|0x0000000726100000, 0x00000007261ffdf8, 0x0000000726200000| 99%| O|  |TAMS 0x00000007261ffdf8, 0x0000000726100000| Updating 
| 534|0x0000000726200000, 0x00000007262fffe8, 0x0000000726300000| 99%| O|  |TAMS 0x00000007262fffe8, 0x0000000726200000| Updating 
| 535|0x0000000726300000, 0x0000000726400000, 0x0000000726400000|100%| O|  |TAMS 0x0000000726400000, 0x0000000726300000| Updating 
| 536|0x0000000726400000, 0x0000000726500000, 0x0000000726500000|100%| O|  |TAMS 0x0000000726500000, 0x0000000726400000| Updating 
| 537|0x0000000726500000, 0x0000000726600000, 0x0000000726600000|100%| O|  |TAMS 0x0000000726600000, 0x0000000726500000| Updating 
| 538|0x0000000726600000, 0x00000007266ffff8, 0x0000000726700000| 99%| O|  |TAMS 0x00000007266ffff8, 0x0000000726600000| Updating 
| 539|0x0000000726700000, 0x0000000726800000, 0x0000000726800000|100%| O|  |TAMS 0x0000000726800000, 0x0000000726700000| Updating 
| 540|0x0000000726800000, 0x0000000726900000, 0x0000000726900000|100%| O|  |TAMS 0x0000000726900000, 0x0000000726800000| Updating 
| 541|0x0000000726900000, 0x0000000726a00000, 0x0000000726a00000|100%| O|  |TAMS 0x0000000726a00000, 0x0000000726900000| Updating 
| 542|0x0000000726a00000, 0x0000000726affff8, 0x0000000726b00000| 99%| O|  |TAMS 0x0000000726affff8, 0x0000000726a00000| Updating 
| 543|0x0000000726b00000, 0x0000000726bfffe0, 0x0000000726c00000| 99%| O|  |TAMS 0x0000000726bfffe0, 0x0000000726b00000| Updating 
| 544|0x0000000726c00000, 0x0000000726cfffe8, 0x0000000726d00000| 99%| O|  |TAMS 0x0000000726cfffe8, 0x0000000726c00000| Updating 
| 545|0x0000000726d00000, 0x0000000726dfffe8, 0x0000000726e00000| 99%| O|  |TAMS 0x0000000726dfffe8, 0x0000000726d00000| Updating 
| 546|0x0000000726e00000, 0x0000000726e1f800, 0x0000000726f00000| 12%| O|  |TAMS 0x0000000726e18200, 0x0000000726e00000| Updating 
| 547|0x0000000726f00000, 0x0000000726fffff0, 0x0000000727000000| 99%| O|  |TAMS 0x0000000726fffff0, 0x0000000726f00000| Updating 
| 548|0x0000000727000000, 0x0000000727100000, 0x0000000727100000|100%| O|  |TAMS 0x0000000727100000, 0x0000000727000000| Updating 
| 549|0x0000000727100000, 0x0000000727200000, 0x0000000727200000|100%| O|  |TAMS 0x0000000727200000, 0x0000000727100000| Updating 
| 550|0x0000000727200000, 0x0000000727300000, 0x0000000727300000|100%| O|  |TAMS 0x0000000727300000, 0x0000000727200000| Updating 
| 551|0x0000000727300000, 0x0000000727400000, 0x0000000727400000|100%| O|  |TAMS 0x0000000727400000, 0x0000000727300000| Updating 
| 552|0x0000000727400000, 0x00000007274ffff0, 0x0000000727500000| 99%| O|  |TAMS 0x00000007274ffff0, 0x0000000727400000| Updating 
| 553|0x0000000727500000, 0x00000007275fffd8, 0x0000000727600000| 99%| O|  |TAMS 0x00000007275fffd8, 0x0000000727500000| Updating 
| 554|0x0000000727600000, 0x00000007276ffff0, 0x0000000727700000| 99%| O|  |TAMS 0x00000007276ffff0, 0x0000000727600000| Updating 
| 555|0x0000000727700000, 0x0000000727800000, 0x0000000727800000|100%| O|  |TAMS 0x0000000727800000, 0x0000000727700000| Updating 
| 556|0x0000000727800000, 0x00000007278fffe0, 0x0000000727900000| 99%| O|  |TAMS 0x00000007278fffe0, 0x0000000727800000| Updating 
| 557|0x0000000727900000, 0x00000007279ffff8, 0x0000000727a00000| 99%| O|  |TAMS 0x00000007279ffff8, 0x0000000727900000| Updating 
| 558|0x0000000727a00000, 0x0000000727affff8, 0x0000000727b00000| 99%| O|  |TAMS 0x0000000727affff8, 0x0000000727a00000| Updating 
| 559|0x0000000727b00000, 0x0000000727bffff8, 0x0000000727c00000| 99%| O|  |TAMS 0x0000000727bffff8, 0x0000000727b00000| Updating 
| 560|0x0000000727c00000, 0x0000000727cffff8, 0x0000000727d00000| 99%| O|  |TAMS 0x0000000727cffff8, 0x0000000727c00000| Updating 
| 561|0x0000000727d00000, 0x0000000727dffff8, 0x0000000727e00000| 99%| O|  |TAMS 0x0000000727dffff8, 0x0000000727d00000| Updating 
| 562|0x0000000727e00000, 0x0000000727efffd0, 0x0000000727f00000| 99%| O|  |TAMS 0x0000000727efffd0, 0x0000000727e00000| Updating 
| 563|0x0000000727f00000, 0x0000000727ffffe8, 0x0000000728000000| 99%| O|  |TAMS 0x0000000727ffffe8, 0x0000000727f00000| Updating 
| 564|0x0000000728000000, 0x0000000728100000, 0x0000000728100000|100%| O|  |TAMS 0x0000000728100000, 0x0000000728000000| Updating 
| 565|0x0000000728100000, 0x0000000728200000, 0x0000000728200000|100%| O|  |TAMS 0x0000000728200000, 0x0000000728100000| Updating 
| 566|0x0000000728200000, 0x00000007282fffe0, 0x0000000728300000| 99%| O|  |TAMS 0x00000007282fffe0, 0x0000000728200000| Updating 
| 567|0x0000000728300000, 0x00000007283ffff0, 0x0000000728400000| 99%| O|  |TAMS 0x00000007283ffff0, 0x0000000728300000| Updating 
| 568|0x0000000728400000, 0x0000000728500000, 0x0000000728500000|100%| O|  |TAMS 0x0000000728500000, 0x0000000728400000| Updating 
| 569|0x0000000728500000, 0x0000000728600000, 0x0000000728600000|100%| O|  |TAMS 0x0000000728600000, 0x0000000728500000| Updating 
| 570|0x0000000728600000, 0x0000000728700000, 0x0000000728700000|100%| O|  |TAMS 0x0000000728700000, 0x0000000728600000| Updating 
| 571|0x0000000728700000, 0x0000000728800000, 0x0000000728800000|100%| O|  |TAMS 0x0000000728800000, 0x0000000728700000| Updating 
| 572|0x0000000728800000, 0x00000007288fffe8, 0x0000000728900000| 99%| O|  |TAMS 0x00000007288fffe8, 0x0000000728800000| Updating 
| 573|0x0000000728900000, 0x00000007289ffff0, 0x0000000728a00000| 99%| O|  |TAMS 0x00000007289ffff0, 0x0000000728900000| Updating 
| 574|0x0000000728a00000, 0x0000000728b00000, 0x0000000728b00000|100%| O|  |TAMS 0x0000000728b00000, 0x0000000728a00000| Updating 
| 575|0x0000000728b00000, 0x0000000728c00000, 0x0000000728c00000|100%| O|  |TAMS 0x0000000728c00000, 0x0000000728b00000| Updating 
| 576|0x0000000728c00000, 0x0000000728cfffe0, 0x0000000728d00000| 99%| O|  |TAMS 0x0000000728cfffe0, 0x0000000728c00000| Updating 
| 577|0x0000000728d00000, 0x0000000728dffff8, 0x0000000728e00000| 99%| O|  |TAMS 0x0000000728dffff8, 0x0000000728d00000| Updating 
| 578|0x0000000728e00000, 0x0000000728efffd0, 0x0000000728f00000| 99%| O|  |TAMS 0x0000000728efffd0, 0x0000000728e00000| Updating 
| 579|0x0000000728f00000, 0x0000000728ffffe8, 0x0000000729000000| 99%| O|  |TAMS 0x0000000728ffffe8, 0x0000000728f00000| Updating 
| 580|0x0000000729000000, 0x0000000729100000, 0x0000000729100000|100%| O|  |TAMS 0x0000000729100000, 0x0000000729000000| Updating 
| 581|0x0000000729100000, 0x0000000729200000, 0x0000000729200000|100%| O|  |TAMS 0x0000000729200000, 0x0000000729100000| Updating 
| 582|0x0000000729200000, 0x0000000729300000, 0x0000000729300000|100%| O|  |TAMS 0x0000000729300000, 0x0000000729200000| Updating 
| 583|0x0000000729300000, 0x00000007293fffe0, 0x0000000729400000| 99%| O|  |TAMS 0x00000007293fffe0, 0x0000000729300000| Updating 
| 584|0x0000000729400000, 0x0000000729500000, 0x0000000729500000|100%| O|  |TAMS 0x0000000729500000, 0x0000000729400000| Updating 
| 585|0x0000000729500000, 0x0000000729600000, 0x0000000729600000|100%| O|  |TAMS 0x0000000729600000, 0x0000000729500000| Updating 
| 586|0x0000000729600000, 0x00000007296ffff0, 0x0000000729700000| 99%| O|  |TAMS 0x00000007296ffff0, 0x0000000729600000| Updating 
| 587|0x0000000729700000, 0x00000007297ffff8, 0x0000000729800000| 99%| O|  |TAMS 0x00000007297ffff8, 0x0000000729700000| Updating 
| 588|0x0000000729800000, 0x0000000729900000, 0x0000000729900000|100%| O|  |TAMS 0x0000000729900000, 0x0000000729800000| Updating 
| 589|0x0000000729900000, 0x0000000729a00000, 0x0000000729a00000|100%| O|  |TAMS 0x0000000729a00000, 0x0000000729900000| Updating 
| 590|0x0000000729a00000, 0x0000000729afffe8, 0x0000000729b00000| 99%| O|  |TAMS 0x0000000729afffe8, 0x0000000729a00000| Updating 
| 591|0x0000000729b00000, 0x0000000729bffff0, 0x0000000729c00000| 99%| O|  |TAMS 0x0000000729bffff0, 0x0000000729b00000| Updating 
| 592|0x0000000729c00000, 0x0000000729d00000, 0x0000000729d00000|100%| O|  |TAMS 0x0000000729d00000, 0x0000000729c00000| Updating 
| 593|0x0000000729d00000, 0x0000000729e00000, 0x0000000729e00000|100%| O|  |TAMS 0x0000000729e00000, 0x0000000729d00000| Updating 
| 594|0x0000000729e00000, 0x0000000729effff8, 0x0000000729f00000| 99%| O|  |TAMS 0x0000000729effff8, 0x0000000729e00000| Updating 
| 595|0x0000000729f00000, 0x0000000729fffff8, 0x000000072a000000| 99%| O|  |TAMS 0x0000000729fffff8, 0x0000000729f00000| Updating 
| 596|0x000000072a000000, 0x000000072a0fffe8, 0x000000072a100000| 99%| O|  |TAMS 0x000000072a0fffe8, 0x000000072a000000| Updating 
| 597|0x000000072a100000, 0x000000072a1ffff0, 0x000000072a200000| 99%| O|  |TAMS 0x000000072a1ffff0, 0x000000072a100000| Updating 
| 598|0x000000072a200000, 0x000000072a2ffff0, 0x000000072a300000| 99%| O|  |TAMS 0x000000072a2ffff0, 0x000000072a200000| Updating 
| 599|0x000000072a300000, 0x000000072a400000, 0x000000072a400000|100%| O|  |TAMS 0x000000072a400000, 0x000000072a300000| Updating 
| 600|0x000000072a400000, 0x000000072a4fffb0, 0x000000072a500000| 99%| O|  |TAMS 0x000000072a4fffb0, 0x000000072a400000| Updating 
| 601|0x000000072a500000, 0x000000072a600000, 0x000000072a600000|100%| O|  |TAMS 0x000000072a600000, 0x000000072a500000| Updating 
| 602|0x000000072a600000, 0x000000072a6ffff0, 0x000000072a700000| 99%| O|  |TAMS 0x000000072a6ffff0, 0x000000072a600000| Updating 
| 603|0x000000072a700000, 0x000000072a7ffff8, 0x000000072a800000| 99%| O|  |TAMS 0x000000072a7ffff8, 0x000000072a700000| Updating 
| 604|0x000000072a800000, 0x000000072a8ffff8, 0x000000072a900000| 99%| O|  |TAMS 0x000000072a8ffff8, 0x000000072a800000| Updating 
| 605|0x000000072a900000, 0x000000072aa00000, 0x000000072aa00000|100%| O|  |TAMS 0x000000072aa00000, 0x000000072a900000| Updating 
| 606|0x000000072aa00000, 0x000000072aaffff8, 0x000000072ab00000| 99%| O|  |TAMS 0x000000072aaffff8, 0x000000072aa00000| Updating 
| 607|0x000000072ab00000, 0x000000072abffff0, 0x000000072ac00000| 99%| O|  |TAMS 0x000000072abffff0, 0x000000072ab00000| Updating 
| 608|0x000000072ac00000, 0x000000072ad00000, 0x000000072ad00000|100%| O|  |TAMS 0x000000072ad00000, 0x000000072ac00000| Updating 
| 609|0x000000072ad00000, 0x000000072adffff0, 0x000000072ae00000| 99%| O|  |TAMS 0x000000072adffff0, 0x000000072ad00000| Updating 
| 610|0x000000072ae00000, 0x000000072af00000, 0x000000072af00000|100%| O|  |TAMS 0x000000072af00000, 0x000000072ae00000| Updating 
| 611|0x000000072af00000, 0x000000072afffff8, 0x000000072b000000| 99%| O|  |TAMS 0x000000072afffff8, 0x000000072af00000| Updating 
| 612|0x000000072b000000, 0x000000072b0ffff8, 0x000000072b100000| 99%| O|  |TAMS 0x000000072b0ffff8, 0x000000072b000000| Updating 
| 613|0x000000072b100000, 0x000000072b100000, 0x000000072b200000|  0%| F|  |TAMS 0x000000072b100000, 0x000000072b100000| Untracked 
| 614|0x000000072b200000, 0x000000072b2ffff8, 0x000000072b300000| 99%| O|  |TAMS 0x000000072b2ffff8, 0x000000072b200000| Updating 
| 615|0x000000072b300000, 0x000000072b300000, 0x000000072b400000|  0%| F|  |TAMS 0x000000072b300000, 0x000000072b300000| Untracked 
| 616|0x000000072b400000, 0x000000072b400000, 0x000000072b500000|  0%| F|  |TAMS 0x000000072b400000, 0x000000072b400000| Untracked 
| 617|0x000000072b500000, 0x000000072b600000, 0x000000072b600000|100%| O|  |TAMS 0x000000072b600000, 0x000000072b500000| Updating 
| 618|0x000000072b600000, 0x000000072b700000, 0x000000072b700000|100%| O|  |TAMS 0x000000072b700000, 0x000000072b600000| Updating 
| 619|0x000000072b700000, 0x000000072b7ffff8, 0x000000072b800000| 99%| O|  |TAMS 0x000000072b7ffff8, 0x000000072b700000| Updating 
| 620|0x000000072b800000, 0x000000072b900000, 0x000000072b900000|100%| O|  |TAMS 0x000000072b900000, 0x000000072b800000| Updating 
| 621|0x000000072b900000, 0x000000072ba00000, 0x000000072ba00000|100%| O|  |TAMS 0x000000072ba00000, 0x000000072b900000| Updating 
| 622|0x000000072ba00000, 0x000000072bafffe8, 0x000000072bb00000| 99%| O|  |TAMS 0x000000072bafffe8, 0x000000072ba00000| Updating 
| 623|0x000000072bb00000, 0x000000072bc00000, 0x000000072bc00000|100%| O|  |TAMS 0x000000072bc00000, 0x000000072bb00000| Updating 
| 624|0x000000072bc00000, 0x000000072bcffff8, 0x000000072bd00000| 99%| O|  |TAMS 0x000000072bcffff8, 0x000000072bc00000| Updating 
| 625|0x000000072bd00000, 0x000000072bdffff0, 0x000000072be00000| 99%| O|  |TAMS 0x000000072bdffff0, 0x000000072bd00000| Updating 
| 626|0x000000072be00000, 0x000000072be00000, 0x000000072bf00000|  0%| F|  |TAMS 0x000000072be00000, 0x000000072be00000| Untracked 
| 627|0x000000072bf00000, 0x000000072bffffe8, 0x000000072c000000| 99%| O|  |TAMS 0x000000072bffffe8, 0x000000072bf00000| Updating 
| 628|0x000000072c000000, 0x000000072c0fec38, 0x000000072c100000| 99%| O|  |TAMS 0x000000072c0fec38, 0x000000072c000000| Updating 
| 629|0x000000072c100000, 0x000000072c200000, 0x000000072c200000|100%| O|  |TAMS 0x000000072c200000, 0x000000072c100000| Updating 
| 630|0x000000072c200000, 0x000000072c300000, 0x000000072c300000|100%| O|  |TAMS 0x000000072c300000, 0x000000072c200000| Updating 
| 631|0x000000072c300000, 0x000000072c300000, 0x000000072c400000|  0%| F|  |TAMS 0x000000072c300000, 0x000000072c300000| Untracked 
| 632|0x000000072c400000, 0x000000072c4fffe8, 0x000000072c500000| 99%| O|  |TAMS 0x000000072c4fffe8, 0x000000072c400000| Updating 
| 633|0x000000072c500000, 0x000000072c5ffff8, 0x000000072c600000| 99%| O|  |TAMS 0x000000072c5ffff8, 0x000000072c500000| Updating 
| 634|0x000000072c600000, 0x000000072c700000, 0x000000072c700000|100%| O|  |TAMS 0x000000072c700000, 0x000000072c600000| Updating 
| 635|0x000000072c700000, 0x000000072c7fffd8, 0x000000072c800000| 99%| O|  |TAMS 0x000000072c7fffd8, 0x000000072c700000| Updating 
| 636|0x000000072c800000, 0x000000072c900000, 0x000000072c900000|100%| O|  |TAMS 0x000000072c900000, 0x000000072c800000| Updating 
| 637|0x000000072c900000, 0x000000072c9ffff0, 0x000000072ca00000| 99%| O|  |TAMS 0x000000072c9ffff0, 0x000000072c900000| Updating 
| 638|0x000000072ca00000, 0x000000072cb00000, 0x000000072cb00000|100%| O|  |TAMS 0x000000072cb00000, 0x000000072ca00000| Updating 
| 639|0x000000072cb00000, 0x000000072cb00000, 0x000000072cc00000|  0%| F|  |TAMS 0x000000072cb00000, 0x000000072cb00000| Untracked 
| 640|0x000000072cc00000, 0x000000072cd00000, 0x000000072cd00000|100%| O|  |TAMS 0x000000072cd00000, 0x000000072cc00000| Updating 
| 641|0x000000072cd00000, 0x000000072cdfffe8, 0x000000072ce00000| 99%| O|  |TAMS 0x000000072cdfffe8, 0x000000072cd00000| Updating 
| 642|0x000000072ce00000, 0x000000072ceffff0, 0x000000072cf00000| 99%| O|  |TAMS 0x000000072ceffff0, 0x000000072ce00000| Updating 
| 643|0x000000072cf00000, 0x000000072cffffe8, 0x000000072d000000| 99%| O|  |TAMS 0x000000072cffffe8, 0x000000072cf00000| Updating 
| 644|0x000000072d000000, 0x000000072d100000, 0x000000072d100000|100%| O|  |TAMS 0x000000072d100000, 0x000000072d000000| Updating 
| 645|0x000000072d100000, 0x000000072d200000, 0x000000072d200000|100%| O|  |TAMS 0x000000072d200000, 0x000000072d100000| Updating 
| 646|0x000000072d200000, 0x000000072d300000, 0x000000072d300000|100%| O|  |TAMS 0x000000072d300000, 0x000000072d200000| Updating 
| 647|0x000000072d300000, 0x000000072d400000, 0x000000072d400000|100%| O|  |TAMS 0x000000072d400000, 0x000000072d300000| Updating 
| 648|0x000000072d400000, 0x000000072d4fffe8, 0x000000072d500000| 99%| O|  |TAMS 0x000000072d4fffe8, 0x000000072d400000| Updating 
| 649|0x000000072d500000, 0x000000072d5ffff0, 0x000000072d600000| 99%| O|  |TAMS 0x000000072d5ffff0, 0x000000072d500000| Updating 
| 650|0x000000072d600000, 0x000000072d6ffff8, 0x000000072d700000| 99%| O|  |TAMS 0x000000072d6ffff8, 0x000000072d600000| Updating 
| 651|0x000000072d700000, 0x000000072d7ffff0, 0x000000072d800000| 99%| O|  |TAMS 0x000000072d7ffff0, 0x000000072d700000| Updating 
| 652|0x000000072d800000, 0x000000072d8fffe0, 0x000000072d900000| 99%| O|  |TAMS 0x000000072d8fffe0, 0x000000072d800000| Updating 
| 653|0x000000072d900000, 0x000000072da00000, 0x000000072da00000|100%| O|  |TAMS 0x000000072da00000, 0x000000072d900000| Updating 
| 654|0x000000072da00000, 0x000000072dafffe8, 0x000000072db00000| 99%| O|  |TAMS 0x000000072dafffe8, 0x000000072da00000| Updating 
| 655|0x000000072db00000, 0x000000072dbfffe8, 0x000000072dc00000| 99%| O|  |TAMS 0x000000072dbfffe8, 0x000000072db00000| Updating 
| 656|0x000000072dc00000, 0x000000072dd00000, 0x000000072dd00000|100%| O|  |TAMS 0x000000072dd00000, 0x000000072dc00000| Updating 
| 657|0x000000072dd00000, 0x000000072ddffff0, 0x000000072de00000| 99%| O|  |TAMS 0x000000072ddffff0, 0x000000072dd00000| Updating 
| 658|0x000000072de00000, 0x000000072deffff0, 0x000000072df00000| 99%| O|  |TAMS 0x000000072deffff0, 0x000000072de00000| Updating 
| 659|0x000000072df00000, 0x000000072dfff9c0, 0x000000072e000000| 99%| O|  |TAMS 0x000000072dfff9c0, 0x000000072df00000| Updating 
| 660|0x000000072e000000, 0x000000072e000000, 0x000000072e100000|  0%| F|  |TAMS 0x000000072e000000, 0x000000072e000000| Untracked 
| 661|0x000000072e100000, 0x000000072e1ffff8, 0x000000072e200000| 99%| O|  |TAMS 0x000000072e1ffff8, 0x000000072e100000| Updating 
| 662|0x000000072e200000, 0x000000072e300000, 0x000000072e300000|100%| O|  |TAMS 0x000000072e300000, 0x000000072e200000| Updating 
| 663|0x000000072e300000, 0x000000072e3ffff8, 0x000000072e400000| 99%| O|  |TAMS 0x000000072e3ffff8, 0x000000072e300000| Updating 
| 664|0x000000072e400000, 0x000000072e4fffe8, 0x000000072e500000| 99%| O|  |TAMS 0x000000072e4fffe8, 0x000000072e400000| Updating 
| 665|0x000000072e500000, 0x000000072e600000, 0x000000072e600000|100%| O|  |TAMS 0x000000072e600000, 0x000000072e500000| Updating 
| 666|0x000000072e600000, 0x000000072e700000, 0x000000072e700000|100%| O|  |TAMS 0x000000072e700000, 0x000000072e600000| Updating 
| 667|0x000000072e700000, 0x000000072e7fffe0, 0x000000072e800000| 99%| O|  |TAMS 0x000000072e7fffe0, 0x000000072e700000| Updating 
| 668|0x000000072e800000, 0x000000072e900000, 0x000000072e900000|100%| O|  |TAMS 0x000000072e900000, 0x000000072e800000| Updating 
| 669|0x000000072e900000, 0x000000072ea00000, 0x000000072ea00000|100%| O|  |TAMS 0x000000072ea00000, 0x000000072e900000| Updating 
| 670|0x000000072ea00000, 0x000000072eb00000, 0x000000072eb00000|100%| O|  |TAMS 0x000000072eb00000, 0x000000072ea00000| Updating 
| 671|0x000000072eb00000, 0x000000072ebfffe8, 0x000000072ec00000| 99%| O|  |TAMS 0x000000072ebfffe8, 0x000000072eb00000| Updating 
| 672|0x000000072ec00000, 0x000000072ed00000, 0x000000072ed00000|100%| O|  |TAMS 0x000000072ed00000, 0x000000072ec00000| Updating 
| 673|0x000000072ed00000, 0x000000072edfffe8, 0x000000072ee00000| 99%| O|  |TAMS 0x000000072edfffe8, 0x000000072ed00000| Updating 
| 674|0x000000072ee00000, 0x000000072eeffff8, 0x000000072ef00000| 99%| O|  |TAMS 0x000000072eeffff8, 0x000000072ee00000| Updating 
| 675|0x000000072ef00000, 0x000000072ef00000, 0x000000072f000000|  0%| F|  |TAMS 0x000000072ef00000, 0x000000072ef00000| Untracked 
| 676|0x000000072f000000, 0x000000072f0fffe8, 0x000000072f100000| 99%| O|  |TAMS 0x000000072f0fffe8, 0x000000072f000000| Updating 
| 677|0x000000072f100000, 0x000000072f200000, 0x000000072f200000|100%| O|  |TAMS 0x000000072f200000, 0x000000072f100000| Updating 
| 678|0x000000072f200000, 0x000000072f300000, 0x000000072f300000|100%| O|  |TAMS 0x000000072f300000, 0x000000072f200000| Updating 
| 679|0x000000072f300000, 0x000000072f3ffff8, 0x000000072f400000| 99%| O|  |TAMS 0x000000072f3ffff8, 0x000000072f300000| Updating 
| 680|0x000000072f400000, 0x000000072f4ffff0, 0x000000072f500000| 99%| O|  |TAMS 0x000000072f4ffff0, 0x000000072f400000| Updating 
| 681|0x000000072f500000, 0x000000072f5ffff8, 0x000000072f600000| 99%| O|  |TAMS 0x000000072f5ffff8, 0x000000072f500000| Updating 
| 682|0x000000072f600000, 0x000000072f6fffe8, 0x000000072f700000| 99%| O|  |TAMS 0x000000072f6fffe8, 0x000000072f600000| Updating 
| 683|0x000000072f700000, 0x000000072f7ffff8, 0x000000072f800000| 99%| O|  |TAMS 0x000000072f7ffff8, 0x000000072f700000| Updating 
| 684|0x000000072f800000, 0x000000072f900000, 0x000000072f900000|100%| O|  |TAMS 0x000000072f900000, 0x000000072f800000| Updating 
| 685|0x000000072f900000, 0x000000072fa00000, 0x000000072fa00000|100%| O|  |TAMS 0x000000072fa00000, 0x000000072f900000| Updating 
| 686|0x000000072fa00000, 0x000000072fafffe0, 0x000000072fb00000| 99%| O|  |TAMS 0x000000072fafffe0, 0x000000072fa00000| Updating 
| 687|0x000000072fb00000, 0x000000072fc00000, 0x000000072fc00000|100%| O|  |TAMS 0x000000072fc00000, 0x000000072fb00000| Updating 
| 688|0x000000072fc00000, 0x000000072fcfffe8, 0x000000072fd00000| 99%| O|  |TAMS 0x000000072fcfffe8, 0x000000072fc00000| Updating 
| 689|0x000000072fd00000, 0x000000072fdffff0, 0x000000072fe00000| 99%| O|  |TAMS 0x000000072fdffff0, 0x000000072fd00000| Updating 
| 690|0x000000072fe00000, 0x000000072feffff0, 0x000000072ff00000| 99%| O|  |TAMS 0x000000072feffff0, 0x000000072fe00000| Updating 
| 691|0x000000072ff00000, 0x0000000730000000, 0x0000000730000000|100%| O|  |TAMS 0x0000000730000000, 0x000000072ff00000| Updating 
| 692|0x0000000730000000, 0x0000000730100000, 0x0000000730100000|100%| O|  |TAMS 0x0000000730100000, 0x0000000730000000| Updating 
| 693|0x0000000730100000, 0x00000007301ffff0, 0x0000000730200000| 99%| O|  |TAMS 0x00000007301ffff0, 0x0000000730100000| Updating 
| 694|0x0000000730200000, 0x00000007302ffff0, 0x0000000730300000| 99%| O|  |TAMS 0x00000007302ffff0, 0x0000000730200000| Updating 
| 695|0x0000000730300000, 0x0000000730400000, 0x0000000730400000|100%| O|  |TAMS 0x0000000730400000, 0x0000000730300000| Updating 
| 696|0x0000000730400000, 0x00000007304ffff8, 0x0000000730500000| 99%| O|  |TAMS 0x00000007304ffff8, 0x0000000730400000| Updating 
| 697|0x0000000730500000, 0x0000000730600000, 0x0000000730600000|100%| O|  |TAMS 0x0000000730600000, 0x0000000730500000| Updating 
| 698|0x0000000730600000, 0x0000000730700000, 0x0000000730700000|100%| O|  |TAMS 0x0000000730700000, 0x0000000730600000| Updating 
| 699|0x0000000730700000, 0x00000007307ffff8, 0x0000000730800000| 99%| O|  |TAMS 0x00000007307ffff8, 0x0000000730700000| Updating 
| 700|0x0000000730800000, 0x00000007308fffe0, 0x0000000730900000| 99%| O|  |TAMS 0x00000007308fffe0, 0x0000000730800000| Updating 
| 701|0x0000000730900000, 0x0000000730900000, 0x0000000730a00000|  0%| F|  |TAMS 0x0000000730900000, 0x0000000730900000| Untracked 
| 702|0x0000000730a00000, 0x0000000730affff8, 0x0000000730b00000| 99%| O|  |TAMS 0x0000000730affff8, 0x0000000730a00000| Updating 
| 703|0x0000000730b00000, 0x0000000730c00000, 0x0000000730c00000|100%| O|  |TAMS 0x0000000730c00000, 0x0000000730b00000| Updating 
| 704|0x0000000730c00000, 0x0000000730cfffd8, 0x0000000730d00000| 99%| O|  |TAMS 0x0000000730cfffd8, 0x0000000730c00000| Updating 
| 705|0x0000000730d00000, 0x0000000730dffff0, 0x0000000730e00000| 99%| O|  |TAMS 0x0000000730dffff0, 0x0000000730d00000| Updating 
| 706|0x0000000730e00000, 0x0000000730effff0, 0x0000000730f00000| 99%| O|  |TAMS 0x0000000730effff0, 0x0000000730e00000| Updating 
| 707|0x0000000730f00000, 0x0000000730ffffe8, 0x0000000731000000| 99%| O|  |TAMS 0x0000000730ffffe8, 0x0000000730f00000| Updating 
| 708|0x0000000731000000, 0x00000007310fffe8, 0x0000000731100000| 99%| O|  |TAMS 0x00000007310fffe8, 0x0000000731000000| Updating 
| 709|0x0000000731100000, 0x00000007311fffe0, 0x0000000731200000| 99%| O|  |TAMS 0x00000007311fffe0, 0x0000000731100000| Updating 
| 710|0x0000000731200000, 0x0000000731300000, 0x0000000731300000|100%| O|  |TAMS 0x0000000731300000, 0x0000000731200000| Updating 
| 711|0x0000000731300000, 0x0000000731400000, 0x0000000731400000|100%| O|  |TAMS 0x0000000731400000, 0x0000000731300000| Updating 
| 712|0x0000000731400000, 0x00000007314ffff8, 0x0000000731500000| 99%| O|  |TAMS 0x00000007314ffff8, 0x0000000731400000| Updating 
| 713|0x0000000731500000, 0x00000007315ffff8, 0x0000000731600000| 99%| O|  |TAMS 0x00000007315ffff8, 0x0000000731500000| Updating 
| 714|0x0000000731600000, 0x00000007316ffff8, 0x0000000731700000| 99%| O|  |TAMS 0x00000007316ffff8, 0x0000000731600000| Updating 
| 715|0x0000000731700000, 0x00000007317ffff8, 0x0000000731800000| 99%| O|  |TAMS 0x00000007317ffff8, 0x0000000731700000| Updating 
| 716|0x0000000731800000, 0x00000007318ffff0, 0x0000000731900000| 99%| O|  |TAMS 0x00000007318ffff0, 0x0000000731800000| Updating 
| 717|0x0000000731900000, 0x0000000731a00000, 0x0000000731a00000|100%| O|  |TAMS 0x0000000731a00000, 0x0000000731900000| Updating 
| 718|0x0000000731a00000, 0x0000000731affff8, 0x0000000731b00000| 99%| O|  |TAMS 0x0000000731affff8, 0x0000000731a00000| Updating 
| 719|0x0000000731b00000, 0x0000000731bfffe8, 0x0000000731c00000| 99%| O|  |TAMS 0x0000000731bfffe8, 0x0000000731b00000| Updating 
| 720|0x0000000731c00000, 0x0000000731d00000, 0x0000000731d00000|100%| O|  |TAMS 0x0000000731d00000, 0x0000000731c00000| Updating 
| 721|0x0000000731d00000, 0x0000000731d00000, 0x0000000731e00000|  0%| F|  |TAMS 0x0000000731d00000, 0x0000000731d00000| Untracked 
| 722|0x0000000731e00000, 0x0000000731f00000, 0x0000000731f00000|100%| O|  |TAMS 0x0000000731f00000, 0x0000000731e00000| Updating 
| 723|0x0000000731f00000, 0x0000000731fffff8, 0x0000000732000000| 99%| O|  |TAMS 0x0000000731fffff8, 0x0000000731f00000| Updating 
| 724|0x0000000732000000, 0x00000007320ffff8, 0x0000000732100000| 99%| O|  |TAMS 0x00000007320ffff8, 0x0000000732000000| Updating 
| 725|0x0000000732100000, 0x00000007321ffff0, 0x0000000732200000| 99%| O|  |TAMS 0x00000007321ffff0, 0x0000000732100000| Updating 
| 726|0x0000000732200000, 0x00000007322fffe8, 0x0000000732300000| 99%| O|  |TAMS 0x00000007322fffe8, 0x0000000732200000| Updating 
| 727|0x0000000732300000, 0x00000007323fffe8, 0x0000000732400000| 99%| O|  |TAMS 0x00000007323fffe8, 0x0000000732300000| Updating 
| 728|0x0000000732400000, 0x00000007324ffff0, 0x0000000732500000| 99%| O|  |TAMS 0x00000007324ffff0, 0x0000000732400000| Updating 
| 729|0x0000000732500000, 0x0000000732600000, 0x0000000732600000|100%| O|  |TAMS 0x0000000732600000, 0x0000000732500000| Updating 
| 730|0x0000000732600000, 0x00000007326ffff8, 0x0000000732700000| 99%| O|  |TAMS 0x00000007326ffff8, 0x0000000732600000| Updating 
| 731|0x0000000732700000, 0x00000007327fffe8, 0x0000000732800000| 99%| O|  |TAMS 0x00000007327fffe8, 0x0000000732700000| Updating 
| 732|0x0000000732800000, 0x00000007328fffe8, 0x0000000732900000| 99%| O|  |TAMS 0x00000007328fffe8, 0x0000000732800000| Updating 
| 733|0x0000000732900000, 0x00000007329ffff8, 0x0000000732a00000| 99%| O|  |TAMS 0x00000007329ffff8, 0x0000000732900000| Updating 
| 734|0x0000000732a00000, 0x0000000732b00000, 0x0000000732b00000|100%| O|  |TAMS 0x0000000732b00000, 0x0000000732a00000| Updating 
| 735|0x0000000732b00000, 0x0000000732c00000, 0x0000000732c00000|100%| O|  |TAMS 0x0000000732c00000, 0x0000000732b00000| Updating 
| 736|0x0000000732c00000, 0x0000000732cfffe0, 0x0000000732d00000| 99%| O|  |TAMS 0x0000000732cfffe0, 0x0000000732c00000| Updating 
| 737|0x0000000732d00000, 0x0000000732e00000, 0x0000000732e00000|100%| O|  |TAMS 0x0000000732e00000, 0x0000000732d00000| Updating 
| 738|0x0000000732e00000, 0x0000000732efffe0, 0x0000000732f00000| 99%| O|  |TAMS 0x0000000732efffe0, 0x0000000732e00000| Updating 
| 739|0x0000000732f00000, 0x0000000732ffffe8, 0x0000000733000000| 99%| O|  |TAMS 0x0000000732ffffe8, 0x0000000732f00000| Updating 
| 740|0x0000000733000000, 0x00000007330ffff0, 0x0000000733100000| 99%| O|  |TAMS 0x00000007330ffff0, 0x0000000733000000| Updating 
| 741|0x0000000733100000, 0x00000007331ffff0, 0x0000000733200000| 99%| O|  |TAMS 0x00000007331ffff0, 0x0000000733100000| Updating 
| 742|0x0000000733200000, 0x00000007332ffff0, 0x0000000733300000| 99%| O|  |TAMS 0x00000007332ffff0, 0x0000000733200000| Updating 
| 743|0x0000000733300000, 0x0000000733400000, 0x0000000733400000|100%| O|  |TAMS 0x0000000733400000, 0x0000000733300000| Updating 
| 744|0x0000000733400000, 0x0000000733400000, 0x0000000733500000|  0%| F|  |TAMS 0x0000000733400000, 0x0000000733400000| Untracked 
| 745|0x0000000733500000, 0x00000007335ffff8, 0x0000000733600000| 99%| O|  |TAMS 0x00000007335ffff8, 0x0000000733500000| Updating 
| 746|0x0000000733600000, 0x0000000733700000, 0x0000000733700000|100%| O|  |TAMS 0x0000000733700000, 0x0000000733600000| Updating 
| 747|0x0000000733700000, 0x00000007337fffe8, 0x0000000733800000| 99%| O|  |TAMS 0x00000007337fffe8, 0x0000000733700000| Updating 
| 748|0x0000000733800000, 0x0000000733900000, 0x0000000733900000|100%| O|  |TAMS 0x0000000733900000, 0x0000000733800000| Updating 
| 749|0x0000000733900000, 0x00000007339fffe8, 0x0000000733a00000| 99%| O|  |TAMS 0x00000007339fffe8, 0x0000000733900000| Updating 
| 750|0x0000000733a00000, 0x0000000733b00000, 0x0000000733b00000|100%| O|  |TAMS 0x0000000733b00000, 0x0000000733a00000| Updating 
| 751|0x0000000733b00000, 0x0000000733bffff0, 0x0000000733c00000| 99%| O|  |TAMS 0x0000000733bffff0, 0x0000000733b00000| Updating 
| 752|0x0000000733c00000, 0x0000000733cfffe0, 0x0000000733d00000| 99%| O|  |TAMS 0x0000000733cfffe0, 0x0000000733c00000| Updating 
| 753|0x0000000733d00000, 0x0000000733dffff8, 0x0000000733e00000| 99%| O|  |TAMS 0x0000000733dffff8, 0x0000000733d00000| Updating 
| 754|0x0000000733e00000, 0x0000000733efffe8, 0x0000000733f00000| 99%| O|  |TAMS 0x0000000733efffe8, 0x0000000733e00000| Updating 
| 755|0x0000000733f00000, 0x0000000733ffffe8, 0x0000000734000000| 99%| O|  |TAMS 0x0000000733ffffe8, 0x0000000733f00000| Updating 
| 756|0x0000000734000000, 0x00000007340fffe8, 0x0000000734100000| 99%| O|  |TAMS 0x00000007340fffe8, 0x0000000734000000| Updating 
| 757|0x0000000734100000, 0x0000000734200000, 0x0000000734200000|100%| O|  |TAMS 0x0000000734200000, 0x0000000734100000| Updating 
| 758|0x0000000734200000, 0x0000000734300000, 0x0000000734300000|100%| O|  |TAMS 0x0000000734300000, 0x0000000734200000| Updating 
| 759|0x0000000734300000, 0x0000000734300000, 0x0000000734400000|  0%| F|  |TAMS 0x0000000734300000, 0x0000000734300000| Untracked 
| 760|0x0000000734400000, 0x00000007344ffff8, 0x0000000734500000| 99%| O|  |TAMS 0x00000007344ffff8, 0x0000000734400000| Updating 
| 761|0x0000000734500000, 0x0000000734600000, 0x0000000734600000|100%| O|  |TAMS 0x0000000734600000, 0x0000000734500000| Updating 
| 762|0x0000000734600000, 0x0000000734700000, 0x0000000734700000|100%| O|  |TAMS 0x0000000734700000, 0x0000000734600000| Updating 
| 763|0x0000000734700000, 0x0000000734800000, 0x0000000734800000|100%| O|  |TAMS 0x0000000734800000, 0x0000000734700000| Updating 
| 764|0x0000000734800000, 0x0000000734900000, 0x0000000734900000|100%| O|  |TAMS 0x0000000734900000, 0x0000000734800000| Updating 
| 765|0x0000000734900000, 0x00000007349ffff8, 0x0000000734a00000| 99%| O|  |TAMS 0x00000007349ffff8, 0x0000000734900000| Updating 
| 766|0x0000000734a00000, 0x0000000734afffe8, 0x0000000734b00000| 99%| O|  |TAMS 0x0000000734afffe8, 0x0000000734a00000| Updating 
| 767|0x0000000734b00000, 0x0000000734b00000, 0x0000000734c00000|  0%| F|  |TAMS 0x0000000734b00000, 0x0000000734b00000| Untracked 
| 768|0x0000000734c00000, 0x0000000734c00000, 0x0000000734d00000|  0%| F|  |TAMS 0x0000000734c00000, 0x0000000734c00000| Untracked 
| 769|0x0000000734d00000, 0x0000000734dfffe8, 0x0000000734e00000| 99%| O|  |TAMS 0x0000000734dfffe8, 0x0000000734d00000| Updating 
| 770|0x0000000734e00000, 0x0000000734effff8, 0x0000000734f00000| 99%| O|  |TAMS 0x0000000734effff8, 0x0000000734e00000| Updating 
| 771|0x0000000734f00000, 0x0000000734ffffd0, 0x0000000735000000| 99%| O|  |TAMS 0x0000000734ffffd0, 0x0000000734f00000| Updating 
| 772|0x0000000735000000, 0x00000007350fffe8, 0x0000000735100000| 99%| O|  |TAMS 0x00000007350fffe8, 0x0000000735000000| Updating 
| 773|0x0000000735100000, 0x00000007351ffff8, 0x0000000735200000| 99%| O|  |TAMS 0x00000007351ffff8, 0x0000000735100000| Updating 
| 774|0x0000000735200000, 0x0000000735300000, 0x0000000735300000|100%| O|  |TAMS 0x0000000735300000, 0x0000000735200000| Updating 
| 775|0x0000000735300000, 0x0000000735400000, 0x0000000735400000|100%| O|  |TAMS 0x0000000735400000, 0x0000000735300000| Updating 
| 776|0x0000000735400000, 0x00000007354fffa0, 0x0000000735500000| 99%| O|  |TAMS 0x00000007354fffa0, 0x0000000735400000| Updating 
| 777|0x0000000735500000, 0x0000000735500000, 0x0000000735600000|  0%| F|  |TAMS 0x0000000735500000, 0x0000000735500000| Untracked 
| 778|0x0000000735600000, 0x00000007356fffe8, 0x0000000735700000| 99%| O|  |TAMS 0x00000007356fffe8, 0x0000000735600000| Updating 
| 779|0x0000000735700000, 0x00000007357fffe8, 0x0000000735800000| 99%| O|  |TAMS 0x00000007357fffe8, 0x0000000735700000| Updating 
| 780|0x0000000735800000, 0x00000007358ffff0, 0x0000000735900000| 99%| O|  |TAMS 0x00000007358ffff0, 0x0000000735800000| Updating 
| 781|0x0000000735900000, 0x00000007359fffe8, 0x0000000735a00000| 99%| O|  |TAMS 0x00000007359fffe8, 0x0000000735900000| Updating 
| 782|0x0000000735a00000, 0x0000000735a00000, 0x0000000735b00000|  0%| F|  |TAMS 0x0000000735a00000, 0x0000000735a00000| Untracked 
| 783|0x0000000735b00000, 0x0000000735c00000, 0x0000000735c00000|100%| O|  |TAMS 0x0000000735c00000, 0x0000000735b00000| Updating 
| 784|0x0000000735c00000, 0x0000000735cfffe0, 0x0000000735d00000| 99%| O|  |TAMS 0x0000000735cfffe0, 0x0000000735c00000| Updating 
| 785|0x0000000735d00000, 0x0000000735d00000, 0x0000000735e00000|  0%| F|  |TAMS 0x0000000735d00000, 0x0000000735d00000| Untracked 
| 786|0x0000000735e00000, 0x0000000735f00000, 0x0000000735f00000|100%| O|  |TAMS 0x0000000735f00000, 0x0000000735e00000| Updating 
| 787|0x0000000735f00000, 0x0000000736000000, 0x0000000736000000|100%| O|  |TAMS 0x0000000736000000, 0x0000000735f00000| Updating 
| 788|0x0000000736000000, 0x0000000736000000, 0x0000000736100000|  0%| F|  |TAMS 0x0000000736000000, 0x0000000736000000| Untracked 
| 789|0x0000000736100000, 0x00000007361ffff8, 0x0000000736200000| 99%| O|  |TAMS 0x00000007361ffff8, 0x0000000736100000| Updating 
| 790|0x0000000736200000, 0x0000000736300000, 0x0000000736300000|100%| O|  |TAMS 0x0000000736300000, 0x0000000736200000| Updating 
| 791|0x0000000736300000, 0x00000007363fffe8, 0x0000000736400000| 99%| O|  |TAMS 0x00000007363fffe8, 0x0000000736300000| Updating 
| 792|0x0000000736400000, 0x00000007364ffff8, 0x0000000736500000| 99%| O|  |TAMS 0x00000007364ffff8, 0x0000000736400000| Updating 
| 793|0x0000000736500000, 0x00000007365ffff8, 0x0000000736600000| 99%| O|  |TAMS 0x00000007365ffff8, 0x0000000736500000| Updating 
| 794|0x0000000736600000, 0x00000007366ffff8, 0x0000000736700000| 99%| O|  |TAMS 0x00000007366ffff8, 0x0000000736600000| Updating 
| 795|0x0000000736700000, 0x00000007367ffff0, 0x0000000736800000| 99%| O|  |TAMS 0x00000007367ffff0, 0x0000000736700000| Updating 
| 796|0x0000000736800000, 0x0000000736800000, 0x0000000736900000|  0%| F|  |TAMS 0x0000000736800000, 0x0000000736800000| Untracked 
| 797|0x0000000736900000, 0x00000007369fffd8, 0x0000000736a00000| 99%| O|  |TAMS 0x00000007369fffd8, 0x0000000736900000| Updating 
| 798|0x0000000736a00000, 0x0000000736afffe8, 0x0000000736b00000| 99%| O|  |TAMS 0x0000000736afffe8, 0x0000000736a00000| Updating 
| 799|0x0000000736b00000, 0x0000000736bfffe8, 0x0000000736c00000| 99%| O|  |TAMS 0x0000000736bfffe8, 0x0000000736b00000| Updating 
| 800|0x0000000736c00000, 0x0000000736cffff8, 0x0000000736d00000| 99%| O|  |TAMS 0x0000000736cffff8, 0x0000000736c00000| Updating 
| 801|0x0000000736d00000, 0x0000000736dfffe8, 0x0000000736e00000| 99%| O|  |TAMS 0x0000000736dfffe8, 0x0000000736d00000| Updating 
| 802|0x0000000736e00000, 0x0000000736effff0, 0x0000000736f00000| 99%| O|  |TAMS 0x0000000736effff0, 0x0000000736e00000| Updating 
| 803|0x0000000736f00000, 0x0000000736fffff8, 0x0000000737000000| 99%| O|  |TAMS 0x0000000736fffff8, 0x0000000736f00000| Updating 
| 804|0x0000000737000000, 0x00000007370ffff8, 0x0000000737100000| 99%| O|  |TAMS 0x00000007370ffff8, 0x0000000737000000| Updating 
| 805|0x0000000737100000, 0x0000000737200000, 0x0000000737200000|100%| O|  |TAMS 0x0000000737200000, 0x0000000737100000| Updating 
| 806|0x0000000737200000, 0x00000007372ffff8, 0x0000000737300000| 99%| O|  |TAMS 0x00000007372ffff8, 0x0000000737200000| Updating 
| 807|0x0000000737300000, 0x0000000737400000, 0x0000000737400000|100%| O|  |TAMS 0x0000000737400000, 0x0000000737300000| Updating 
| 808|0x0000000737400000, 0x0000000737500000, 0x0000000737500000|100%| O|  |TAMS 0x0000000737500000, 0x0000000737400000| Updating 
| 809|0x0000000737500000, 0x0000000737500000, 0x0000000737600000|  0%| F|  |TAMS 0x0000000737500000, 0x0000000737500000| Untracked 
| 810|0x0000000737600000, 0x0000000737600000, 0x0000000737700000|  0%| F|  |TAMS 0x0000000737600000, 0x0000000737600000| Untracked 
| 811|0x0000000737700000, 0x00000007377ffff8, 0x0000000737800000| 99%| O|  |TAMS 0x00000007377ffff8, 0x0000000737700000| Updating 
| 812|0x0000000737800000, 0x00000007378ffff0, 0x0000000737900000| 99%| O|  |TAMS 0x00000007378ffff0, 0x0000000737800000| Updating 
| 813|0x0000000737900000, 0x00000007379ff8e8, 0x0000000737a00000| 99%| O|  |TAMS 0x00000007379ff8e8, 0x0000000737900000| Updating 
| 814|0x0000000737a00000, 0x0000000737affff0, 0x0000000737b00000| 99%| O|  |TAMS 0x0000000737affff0, 0x0000000737a00000| Updating 
| 815|0x0000000737b00000, 0x0000000737bffff8, 0x0000000737c00000| 99%| O|  |TAMS 0x0000000737bffff8, 0x0000000737b00000| Updating 
| 816|0x0000000737c00000, 0x0000000737cfffb8, 0x0000000737d00000| 99%| O|  |TAMS 0x0000000737cfffb8, 0x0000000737c00000| Updating 
| 817|0x0000000737d00000, 0x0000000737dffff8, 0x0000000737e00000| 99%| O|  |TAMS 0x0000000737dffff8, 0x0000000737d00000| Updating 
| 818|0x0000000737e00000, 0x0000000737effff0, 0x0000000737f00000| 99%| O|  |TAMS 0x0000000737effff0, 0x0000000737e00000| Updating 
| 819|0x0000000737f00000, 0x0000000737fffff0, 0x0000000738000000| 99%| O|  |TAMS 0x0000000737fffff0, 0x0000000737f00000| Updating 
| 820|0x0000000738000000, 0x0000000738100000, 0x0000000738100000|100%| O|  |TAMS 0x0000000738100000, 0x0000000738000000| Updating 
| 821|0x0000000738100000, 0x00000007381ffff0, 0x0000000738200000| 99%| O|  |TAMS 0x00000007381ffff0, 0x0000000738100000| Updating 
| 822|0x0000000738200000, 0x00000007382ffff8, 0x0000000738300000| 99%| O|  |TAMS 0x00000007382ffff8, 0x0000000738200000| Updating 
| 823|0x0000000738300000, 0x00000007383ffff8, 0x0000000738400000| 99%| O|  |TAMS 0x00000007383ffff8, 0x0000000738300000| Updating 
| 824|0x0000000738400000, 0x00000007384ffff0, 0x0000000738500000| 99%| O|  |TAMS 0x00000007384ffff0, 0x0000000738400000| Updating 
| 825|0x0000000738500000, 0x00000007385ffff8, 0x0000000738600000| 99%| O|  |TAMS 0x00000007385ffff8, 0x0000000738500000| Updating 
| 826|0x0000000738600000, 0x0000000738700000, 0x0000000738700000|100%| O|  |TAMS 0x0000000738700000, 0x0000000738600000| Updating 
| 827|0x0000000738700000, 0x00000007387ffff0, 0x0000000738800000| 99%| O|  |TAMS 0x00000007387ffff0, 0x0000000738700000| Updating 
| 828|0x0000000738800000, 0x00000007388ffff0, 0x0000000738900000| 99%| O|  |TAMS 0x00000007388ffff0, 0x0000000738800000| Updating 
| 829|0x0000000738900000, 0x00000007389ffff8, 0x0000000738a00000| 99%| O|  |TAMS 0x00000007389ffff8, 0x0000000738900000| Updating 
| 830|0x0000000738a00000, 0x0000000738b00000, 0x0000000738b00000|100%| O|  |TAMS 0x0000000738b00000, 0x0000000738a00000| Updating 
| 831|0x0000000738b00000, 0x0000000738bffff0, 0x0000000738c00000| 99%| O|  |TAMS 0x0000000738bffff0, 0x0000000738b00000| Updating 
| 832|0x0000000738c00000, 0x0000000738cfffe0, 0x0000000738d00000| 99%| O|  |TAMS 0x0000000738cfffe0, 0x0000000738c00000| Updating 
| 833|0x0000000738d00000, 0x0000000738dfffe8, 0x0000000738e00000| 99%| O|  |TAMS 0x0000000738dfffe8, 0x0000000738d00000| Updating 
| 834|0x0000000738e00000, 0x0000000738effff8, 0x0000000738f00000| 99%| O|  |TAMS 0x0000000738effff8, 0x0000000738e00000| Updating 
| 835|0x0000000738f00000, 0x0000000739000000, 0x0000000739000000|100%| O|  |TAMS 0x0000000739000000, 0x0000000738f00000| Updating 
| 836|0x0000000739000000, 0x00000007390fffe8, 0x0000000739100000| 99%| O|  |TAMS 0x00000007390fffe8, 0x0000000739000000| Updating 
| 837|0x0000000739100000, 0x0000000739100000, 0x0000000739200000|  0%| F|  |TAMS 0x0000000739100000, 0x0000000739100000| Untracked 
| 838|0x0000000739200000, 0x0000000739300000, 0x0000000739300000|100%| O|  |TAMS 0x0000000739300000, 0x0000000739200000| Updating 
| 839|0x0000000739300000, 0x0000000739400000, 0x0000000739400000|100%| O|  |TAMS 0x0000000739400000, 0x0000000739300000| Updating 
| 840|0x0000000739400000, 0x0000000739500000, 0x0000000739500000|100%| O|  |TAMS 0x0000000739500000, 0x0000000739400000| Updating 
| 841|0x0000000739500000, 0x00000007395ffff0, 0x0000000739600000| 99%| O|  |TAMS 0x00000007395ffff0, 0x0000000739500000| Updating 
| 842|0x0000000739600000, 0x00000007396ffff0, 0x0000000739700000| 99%| O|  |TAMS 0x00000007396ffff0, 0x0000000739600000| Updating 
| 843|0x0000000739700000, 0x00000007397ffff0, 0x0000000739800000| 99%| O|  |TAMS 0x00000007397ffff0, 0x0000000739700000| Updating 
| 844|0x0000000739800000, 0x00000007398fffe8, 0x0000000739900000| 99%| O|  |TAMS 0x00000007398fffe8, 0x0000000739800000| Updating 
| 845|0x0000000739900000, 0x00000007399ffff0, 0x0000000739a00000| 99%| O|  |TAMS 0x00000007399ffff0, 0x0000000739900000| Updating 
| 846|0x0000000739a00000, 0x0000000739affff8, 0x0000000739b00000| 99%| O|  |TAMS 0x0000000739affff8, 0x0000000739a00000| Updating 
| 847|0x0000000739b00000, 0x0000000739bfffc0, 0x0000000739c00000| 99%| O|  |TAMS 0x0000000739bfffc0, 0x0000000739b00000| Updating 
| 848|0x0000000739c00000, 0x0000000739cffff8, 0x0000000739d00000| 99%| O|  |TAMS 0x0000000739cffff8, 0x0000000739c00000| Updating 
| 849|0x0000000739d00000, 0x0000000739dffec0, 0x0000000739e00000| 99%| O|  |TAMS 0x0000000739dffec0, 0x0000000739d00000| Updating 
| 850|0x0000000739e00000, 0x0000000739effff0, 0x0000000739f00000| 99%| O|  |TAMS 0x0000000739effff0, 0x0000000739e00000| Updating 
| 851|0x0000000739f00000, 0x0000000739fffff0, 0x000000073a000000| 99%| O|  |TAMS 0x0000000739fffff0, 0x0000000739f00000| Updating 
| 852|0x000000073a000000, 0x000000073a0ffff8, 0x000000073a100000| 99%| O|  |TAMS 0x000000073a0ffff8, 0x000000073a000000| Updating 
| 853|0x000000073a100000, 0x000000073a200000, 0x000000073a200000|100%| O|  |TAMS 0x000000073a200000, 0x000000073a100000| Updating 
| 854|0x000000073a200000, 0x000000073a2ffff8, 0x000000073a300000| 99%| O|  |TAMS 0x000000073a2ffff8, 0x000000073a200000| Updating 
| 855|0x000000073a300000, 0x000000073a3fffe8, 0x000000073a400000| 99%| O|  |TAMS 0x000000073a3fffe8, 0x000000073a300000| Updating 
| 856|0x000000073a400000, 0x000000073a4fff70, 0x000000073a500000| 99%| O|  |TAMS 0x000000073a4fff70, 0x000000073a400000| Updating 
| 857|0x000000073a500000, 0x000000073a5fffe8, 0x000000073a600000| 99%| O|  |TAMS 0x000000073a5fffe8, 0x000000073a500000| Updating 
| 858|0x000000073a600000, 0x000000073a600000, 0x000000073a700000|  0%| F|  |TAMS 0x000000073a600000, 0x000000073a600000| Untracked 
| 859|0x000000073a700000, 0x000000073a700000, 0x000000073a800000|  0%| F|  |TAMS 0x000000073a700000, 0x000000073a700000| Untracked 
| 860|0x000000073a800000, 0x000000073a8ffff0, 0x000000073a900000| 99%| O|  |TAMS 0x000000073a8ffff0, 0x000000073a800000| Updating 
| 861|0x000000073a900000, 0x000000073a9fffe8, 0x000000073aa00000| 99%| O|  |TAMS 0x000000073a9fffe8, 0x000000073a900000| Updating 
| 862|0x000000073aa00000, 0x000000073aaffff0, 0x000000073ab00000| 99%| O|  |TAMS 0x000000073aaffff0, 0x000000073aa00000| Updating 
| 863|0x000000073ab00000, 0x000000073ac00000, 0x000000073ac00000|100%| O|  |TAMS 0x000000073ac00000, 0x000000073ab00000| Updating 
| 864|0x000000073ac00000, 0x000000073acffff0, 0x000000073ad00000| 99%| O|  |TAMS 0x000000073acffff0, 0x000000073ac00000| Updating 
| 865|0x000000073ad00000, 0x000000073adffff0, 0x000000073ae00000| 99%| O|  |TAMS 0x000000073adffff0, 0x000000073ad00000| Updating 
| 866|0x000000073ae00000, 0x000000073aefffe0, 0x000000073af00000| 99%| O|  |TAMS 0x000000073aefffe0, 0x000000073ae00000| Updating 
| 867|0x000000073af00000, 0x000000073affffe8, 0x000000073b000000| 99%| O|  |TAMS 0x000000073affffe8, 0x000000073af00000| Updating 
| 868|0x000000073b000000, 0x000000073b0ffff8, 0x000000073b100000| 99%| O|  |TAMS 0x000000073b0ffff8, 0x000000073b000000| Updating 
| 869|0x000000073b100000, 0x000000073b1fffe8, 0x000000073b200000| 99%| O|  |TAMS 0x000000073b1fffe8, 0x000000073b100000| Updating 
| 870|0x000000073b200000, 0x000000073b2ffff8, 0x000000073b300000| 99%| O|  |TAMS 0x000000073b2ffff8, 0x000000073b200000| Updating 
| 871|0x000000073b300000, 0x000000073b400000, 0x000000073b400000|100%| O|  |TAMS 0x000000073b400000, 0x000000073b300000| Updating 
| 872|0x000000073b400000, 0x000000073b4fffe8, 0x000000073b500000| 99%| O|  |TAMS 0x000000073b4fffe8, 0x000000073b400000| Updating 
| 873|0x000000073b500000, 0x000000073b600000, 0x000000073b600000|100%| O|  |TAMS 0x000000073b600000, 0x000000073b500000| Updating 
| 874|0x000000073b600000, 0x000000073b6ffff8, 0x000000073b700000| 99%| O|  |TAMS 0x000000073b6ffff8, 0x000000073b600000| Updating 
| 875|0x000000073b700000, 0x000000073b7ffff8, 0x000000073b800000| 99%| O|  |TAMS 0x000000073b7ffff8, 0x000000073b700000| Updating 
| 876|0x000000073b800000, 0x000000073b900000, 0x000000073b900000|100%| O|  |TAMS 0x000000073b900000, 0x000000073b800000| Updating 
| 877|0x000000073b900000, 0x000000073b900000, 0x000000073ba00000|  0%| F|  |TAMS 0x000000073b900000, 0x000000073b900000| Untracked 
| 878|0x000000073ba00000, 0x000000073bb00000, 0x000000073bb00000|100%| O|  |TAMS 0x000000073bb00000, 0x000000073ba00000| Updating 
| 879|0x000000073bb00000, 0x000000073bc00000, 0x000000073bc00000|100%| O|  |TAMS 0x000000073bc00000, 0x000000073bb00000| Updating 
| 880|0x000000073bc00000, 0x000000073bd00000, 0x000000073bd00000|100%| O|  |TAMS 0x000000073bd00000, 0x000000073bc00000| Updating 
| 881|0x000000073bd00000, 0x000000073bdfffe8, 0x000000073be00000| 99%| O|  |TAMS 0x000000073bdfffe8, 0x000000073bd00000| Updating 
| 882|0x000000073be00000, 0x000000073be00000, 0x000000073bf00000|  0%| F|  |TAMS 0x000000073be00000, 0x000000073be00000| Untracked 
| 883|0x000000073bf00000, 0x000000073bfffff0, 0x000000073c000000| 99%| O|  |TAMS 0x000000073bfffff0, 0x000000073bf00000| Updating 
| 884|0x000000073c000000, 0x000000073c0ffff8, 0x000000073c100000| 99%| O|  |TAMS 0x000000073c0ffff8, 0x000000073c000000| Updating 
| 885|0x000000073c100000, 0x000000073c200000, 0x000000073c200000|100%| O|  |TAMS 0x000000073c200000, 0x000000073c100000| Updating 
| 886|0x000000073c200000, 0x000000073c300000, 0x000000073c300000|100%| O|  |TAMS 0x000000073c300000, 0x000000073c200000| Updating 
| 887|0x000000073c300000, 0x000000073c3ffff0, 0x000000073c400000| 99%| O|  |TAMS 0x000000073c3ffff0, 0x000000073c300000| Updating 
| 888|0x000000073c400000, 0x000000073c500000, 0x000000073c500000|100%| O|  |TAMS 0x000000073c500000, 0x000000073c400000| Updating 
| 889|0x000000073c500000, 0x000000073c600000, 0x000000073c600000|100%| O|  |TAMS 0x000000073c600000, 0x000000073c500000| Updating 
| 890|0x000000073c600000, 0x000000073c700000, 0x000000073c700000|100%| O|  |TAMS 0x000000073c700000, 0x000000073c600000| Updating 
| 891|0x000000073c700000, 0x000000073c7fffd8, 0x000000073c800000| 99%| O|  |TAMS 0x000000073c7fffd8, 0x000000073c700000| Updating 
| 892|0x000000073c800000, 0x000000073c800000, 0x000000073c900000|  0%| F|  |TAMS 0x000000073c800000, 0x000000073c800000| Untracked 
| 893|0x000000073c900000, 0x000000073ca00000, 0x000000073ca00000|100%| O|  |TAMS 0x000000073ca00000, 0x000000073c900000| Updating 
| 894|0x000000073ca00000, 0x000000073caffff8, 0x000000073cb00000| 99%| O|  |TAMS 0x000000073caffff8, 0x000000073ca00000| Updating 
| 895|0x000000073cb00000, 0x000000073cbfffe8, 0x000000073cc00000| 99%| O|  |TAMS 0x000000073cbfffe8, 0x000000073cb00000| Updating 
| 896|0x000000073cc00000, 0x000000073ccfff18, 0x000000073cd00000| 99%| O|  |TAMS 0x000000073ccfff18, 0x000000073cc00000| Updating 
| 897|0x000000073cd00000, 0x000000073ce00000, 0x000000073ce00000|100%| O|  |TAMS 0x000000073ce00000, 0x000000073cd00000| Updating 
| 898|0x000000073ce00000, 0x000000073cf00000, 0x000000073cf00000|100%| O|  |TAMS 0x000000073cf00000, 0x000000073ce00000| Updating 
| 899|0x000000073cf00000, 0x000000073cfffff0, 0x000000073d000000| 99%| O|  |TAMS 0x000000073cfffff0, 0x000000073cf00000| Updating 
| 900|0x000000073d000000, 0x000000073d0fffe0, 0x000000073d100000| 99%| O|  |TAMS 0x000000073d0fffe0, 0x000000073d000000| Updating 
| 901|0x000000073d100000, 0x000000073d1ffff8, 0x000000073d200000| 99%| O|  |TAMS 0x000000073d1ffff8, 0x000000073d100000| Updating 
| 902|0x000000073d200000, 0x000000073d300000, 0x000000073d300000|100%| O|  |TAMS 0x000000073d300000, 0x000000073d200000| Updating 
| 903|0x000000073d300000, 0x000000073d3ffff8, 0x000000073d400000| 99%| O|  |TAMS 0x000000073d3ffff8, 0x000000073d300000| Updating 
| 904|0x000000073d400000, 0x000000073d4ffff0, 0x000000073d500000| 99%| O|  |TAMS 0x000000073d4ffff0, 0x000000073d400000| Updating 
| 905|0x000000073d500000, 0x000000073d5fffe8, 0x000000073d600000| 99%| O|  |TAMS 0x000000073d5fffe8, 0x000000073d500000| Updating 
| 906|0x000000073d600000, 0x000000073d6ffff8, 0x000000073d700000| 99%| O|  |TAMS 0x000000073d6ffff8, 0x000000073d600000| Updating 
| 907|0x000000073d700000, 0x000000073d7fffe8, 0x000000073d800000| 99%| O|  |TAMS 0x000000073d7fffe8, 0x000000073d700000| Updating 
| 908|0x000000073d800000, 0x000000073d8ffff8, 0x000000073d900000| 99%| O|  |TAMS 0x000000073d8ffff8, 0x000000073d800000| Updating 
| 909|0x000000073d900000, 0x000000073d9ffff8, 0x000000073da00000| 99%| O|  |TAMS 0x000000073d9ffff8, 0x000000073d900000| Updating 
| 910|0x000000073da00000, 0x000000073db00000, 0x000000073db00000|100%| O|  |TAMS 0x000000073db00000, 0x000000073da00000| Updating 
| 911|0x000000073db00000, 0x000000073dbfffe8, 0x000000073dc00000| 99%| O|  |TAMS 0x000000073dbfffe8, 0x000000073db00000| Updating 
| 912|0x000000073dc00000, 0x000000073dcfffe8, 0x000000073dd00000| 99%| O|  |TAMS 0x000000073dcfffe8, 0x000000073dc00000| Updating 
| 913|0x000000073dd00000, 0x000000073ddffff8, 0x000000073de00000| 99%| O|  |TAMS 0x000000073ddffff8, 0x000000073dd00000| Updating 
| 914|0x000000073de00000, 0x000000073deffff0, 0x000000073df00000| 99%| O|  |TAMS 0x000000073deffff0, 0x000000073de00000| Updating 
| 915|0x000000073df00000, 0x000000073e000000, 0x000000073e000000|100%| O|  |TAMS 0x000000073e000000, 0x000000073df00000| Updating 
| 916|0x000000073e000000, 0x000000073e0ffff0, 0x000000073e100000| 99%| O|  |TAMS 0x000000073e0ffff0, 0x000000073e000000| Updating 
| 917|0x000000073e100000, 0x000000073e1ffff0, 0x000000073e200000| 99%| O|  |TAMS 0x000000073e1ffff0, 0x000000073e100000| Updating 
| 918|0x000000073e200000, 0x000000073e300000, 0x000000073e300000|100%| O|  |TAMS 0x000000073e300000, 0x000000073e200000| Updating 
| 919|0x000000073e300000, 0x000000073e400000, 0x000000073e400000|100%| O|  |TAMS 0x000000073e400000, 0x000000073e300000| Updating 
| 920|0x000000073e400000, 0x000000073e4fff88, 0x000000073e500000| 99%| O|  |TAMS 0x000000073e4fff88, 0x000000073e400000| Updating 
| 921|0x000000073e500000, 0x000000073e5ffff8, 0x000000073e600000| 99%| O|  |TAMS 0x000000073e5ffff8, 0x000000073e500000| Updating 
| 922|0x000000073e600000, 0x000000073e700000, 0x000000073e700000|100%| O|  |TAMS 0x000000073e700000, 0x000000073e600000| Updating 
| 923|0x000000073e700000, 0x000000073e800000, 0x000000073e800000|100%| O|  |TAMS 0x000000073e800000, 0x000000073e700000| Updating 
| 924|0x000000073e800000, 0x000000073e8ffff8, 0x000000073e900000| 99%| O|  |TAMS 0x000000073e8ffff8, 0x000000073e800000| Updating 
| 925|0x000000073e900000, 0x000000073e9ffff0, 0x000000073ea00000| 99%| O|  |TAMS 0x000000073e9ffff0, 0x000000073e900000| Updating 
| 926|0x000000073ea00000, 0x000000073eaffff8, 0x000000073eb00000| 99%| O|  |TAMS 0x000000073eaffff8, 0x000000073ea00000| Updating 
| 927|0x000000073eb00000, 0x000000073ebfffa0, 0x000000073ec00000| 99%| O|  |TAMS 0x000000073ebfffa0, 0x000000073eb00000| Updating 
| 928|0x000000073ec00000, 0x000000073ed00000, 0x000000073ed00000|100%| O|  |TAMS 0x000000073ed00000, 0x000000073ec00000| Updating 
| 929|0x000000073ed00000, 0x000000073ee00000, 0x000000073ee00000|100%| O|  |TAMS 0x000000073ee00000, 0x000000073ed00000| Updating 
| 930|0x000000073ee00000, 0x000000073eefffd8, 0x000000073ef00000| 99%| O|  |TAMS 0x000000073eefffd8, 0x000000073ee00000| Updating 
| 931|0x000000073ef00000, 0x000000073effffe8, 0x000000073f000000| 99%| O|  |TAMS 0x000000073effffe8, 0x000000073ef00000| Updating 
| 932|0x000000073f000000, 0x000000073f100000, 0x000000073f100000|100%| O|  |TAMS 0x000000073f100000, 0x000000073f000000| Updating 
| 933|0x000000073f100000, 0x000000073f1fffe8, 0x000000073f200000| 99%| O|  |TAMS 0x000000073f1fffe8, 0x000000073f100000| Updating 
| 934|0x000000073f200000, 0x000000073f300000, 0x000000073f300000|100%| O|  |TAMS 0x000000073f300000, 0x000000073f200000| Updating 
| 935|0x000000073f300000, 0x000000073f3ffff0, 0x000000073f400000| 99%| O|  |TAMS 0x000000073f3ffff0, 0x000000073f300000| Updating 
| 936|0x000000073f400000, 0x000000073f4ffff0, 0x000000073f500000| 99%| O|  |TAMS 0x000000073f4ffff0, 0x000000073f400000| Updating 
| 937|0x000000073f500000, 0x000000073f600000, 0x000000073f600000|100%| O|  |TAMS 0x000000073f600000, 0x000000073f500000| Updating 
| 938|0x000000073f600000, 0x000000073f6ffff8, 0x000000073f700000| 99%| O|  |TAMS 0x000000073f6ffff8, 0x000000073f600000| Updating 
| 939|0x000000073f700000, 0x000000073f700000, 0x000000073f800000|  0%| F|  |TAMS 0x000000073f700000, 0x000000073f700000| Untracked 
| 940|0x000000073f800000, 0x000000073f900000, 0x000000073f900000|100%| O|  |TAMS 0x000000073f900000, 0x000000073f800000| Updating 
| 941|0x000000073f900000, 0x000000073f9ffff8, 0x000000073fa00000| 99%| O|  |TAMS 0x000000073f9ffff8, 0x000000073f900000| Updating 
| 942|0x000000073fa00000, 0x000000073faffff8, 0x000000073fb00000| 99%| O|  |TAMS 0x000000073faffff8, 0x000000073fa00000| Updating 
| 943|0x000000073fb00000, 0x000000073fc00000, 0x000000073fc00000|100%| O|  |TAMS 0x000000073fc00000, 0x000000073fb00000| Updating 
| 944|0x000000073fc00000, 0x000000073fd00000, 0x000000073fd00000|100%| O|  |TAMS 0x000000073fd00000, 0x000000073fc00000| Updating 
| 945|0x000000073fd00000, 0x000000073fe00000, 0x000000073fe00000|100%| O|  |TAMS 0x000000073fe00000, 0x000000073fd00000| Updating 
| 946|0x000000073fe00000, 0x000000073feffff8, 0x000000073ff00000| 99%| O|  |TAMS 0x000000073feffff8, 0x000000073fe00000| Updating 
| 947|0x000000073ff00000, 0x000000073ffffff0, 0x0000000740000000| 99%| O|  |TAMS 0x000000073ffffff0, 0x000000073ff00000| Updating 
| 948|0x0000000740000000, 0x00000007400ffff0, 0x0000000740100000| 99%| O|  |TAMS 0x00000007400ffff0, 0x0000000740000000| Updating 
| 949|0x0000000740100000, 0x00000007401ffff0, 0x0000000740200000| 99%| O|  |TAMS 0x00000007401ffff0, 0x0000000740100000| Updating 
| 950|0x0000000740200000, 0x0000000740300000, 0x0000000740300000|100%| O|  |TAMS 0x0000000740300000, 0x0000000740200000| Updating 
| 951|0x0000000740300000, 0x00000007403ffd58, 0x0000000740400000| 99%| O|  |TAMS 0x00000007403ffd58, 0x0000000740300000| Updating 
| 952|0x0000000740400000, 0x00000007404ffff0, 0x0000000740500000| 99%| O|  |TAMS 0x00000007404ffff0, 0x0000000740400000| Updating 
| 953|0x0000000740500000, 0x00000007405ffff0, 0x0000000740600000| 99%| O|  |TAMS 0x00000007405ffff0, 0x0000000740500000| Updating 
| 954|0x0000000740600000, 0x00000007406fffe0, 0x0000000740700000| 99%| O|  |TAMS 0x00000007406fffe0, 0x0000000740600000| Updating 
| 955|0x0000000740700000, 0x00000007407ffff8, 0x0000000740800000| 99%| O|  |TAMS 0x00000007407ffff8, 0x0000000740700000| Updating 
| 956|0x0000000740800000, 0x00000007408ffff0, 0x0000000740900000| 99%| O|  |TAMS 0x00000007408ffff0, 0x0000000740800000| Updating 
| 957|0x0000000740900000, 0x0000000740a00000, 0x0000000740a00000|100%| O|  |TAMS 0x0000000740a00000, 0x0000000740900000| Updating 
| 958|0x0000000740a00000, 0x0000000740affff0, 0x0000000740b00000| 99%| O|  |TAMS 0x0000000740affff0, 0x0000000740a00000| Updating 
| 959|0x0000000740b00000, 0x0000000740bffff8, 0x0000000740c00000| 99%| O|  |TAMS 0x0000000740bffff8, 0x0000000740b00000| Updating 
| 960|0x0000000740c00000, 0x0000000740c00000, 0x0000000740d00000|  0%| F|  |TAMS 0x0000000740c00000, 0x0000000740c00000| Untracked 
| 961|0x0000000740d00000, 0x0000000740dfffe8, 0x0000000740e00000| 99%| O|  |TAMS 0x0000000740dfffe8, 0x0000000740d00000| Updating 
| 962|0x0000000740e00000, 0x0000000740f00000, 0x0000000740f00000|100%| O|  |TAMS 0x0000000740f00000, 0x0000000740e00000| Updating 
| 963|0x0000000740f00000, 0x0000000740fffff0, 0x0000000741000000| 99%| O|  |TAMS 0x0000000740fffff0, 0x0000000740f00000| Updating 
| 964|0x0000000741000000, 0x0000000741100000, 0x0000000741100000|100%| O|  |TAMS 0x0000000741100000, 0x0000000741000000| Updating 
| 965|0x0000000741100000, 0x00000007411fffe0, 0x0000000741200000| 99%| O|  |TAMS 0x00000007411fffe0, 0x0000000741100000| Updating 
| 966|0x0000000741200000, 0x0000000741300000, 0x0000000741300000|100%| O|  |TAMS 0x0000000741300000, 0x0000000741200000| Updating 
| 967|0x0000000741300000, 0x00000007413ffff0, 0x0000000741400000| 99%| O|  |TAMS 0x00000007413ffff0, 0x0000000741300000| Updating 
| 968|0x0000000741400000, 0x00000007414fffe8, 0x0000000741500000| 99%| O|  |TAMS 0x00000007414fffe8, 0x0000000741400000| Updating 
| 969|0x0000000741500000, 0x0000000741600000, 0x0000000741600000|100%| O|  |TAMS 0x0000000741600000, 0x0000000741500000| Updating 
| 970|0x0000000741600000, 0x0000000741700000, 0x0000000741700000|100%| O|  |TAMS 0x0000000741700000, 0x0000000741600000| Updating 
| 971|0x0000000741700000, 0x0000000741800000, 0x0000000741800000|100%| O|  |TAMS 0x0000000741800000, 0x0000000741700000| Updating 
| 972|0x0000000741800000, 0x0000000741900000, 0x0000000741900000|100%| O|  |TAMS 0x0000000741900000, 0x0000000741800000| Updating 
| 973|0x0000000741900000, 0x00000007419ffff0, 0x0000000741a00000| 99%| O|  |TAMS 0x00000007419ffff0, 0x0000000741900000| Updating 
| 974|0x0000000741a00000, 0x0000000741affff8, 0x0000000741b00000| 99%| O|  |TAMS 0x0000000741affff8, 0x0000000741a00000| Updating 
| 975|0x0000000741b00000, 0x0000000741bffff8, 0x0000000741c00000| 99%| O|  |TAMS 0x0000000741bffff8, 0x0000000741b00000| Updating 
| 976|0x0000000741c00000, 0x0000000741cffff0, 0x0000000741d00000| 99%| O|  |TAMS 0x0000000741cffff0, 0x0000000741c00000| Updating 
| 977|0x0000000741d00000, 0x0000000741dfffe8, 0x0000000741e00000| 99%| O|  |TAMS 0x0000000741dfffe8, 0x0000000741d00000| Updating 
| 978|0x0000000741e00000, 0x0000000741f00000, 0x0000000741f00000|100%| O|  |TAMS 0x0000000741f00000, 0x0000000741e00000| Updating 
| 979|0x0000000741f00000, 0x0000000741fffff8, 0x0000000742000000| 99%| O|  |TAMS 0x0000000741fffff8, 0x0000000741f00000| Updating 
| 980|0x0000000742000000, 0x0000000742100000, 0x0000000742100000|100%| O|  |TAMS 0x0000000742100000, 0x0000000742000000| Updating 
| 981|0x0000000742100000, 0x0000000742200000, 0x0000000742200000|100%| O|  |TAMS 0x0000000742200000, 0x0000000742100000| Updating 
| 982|0x0000000742200000, 0x0000000742300000, 0x0000000742300000|100%| O|  |TAMS 0x0000000742300000, 0x0000000742200000| Updating 
| 983|0x0000000742300000, 0x00000007423ffff0, 0x0000000742400000| 99%| O|  |TAMS 0x00000007423ffff0, 0x0000000742300000| Updating 
| 984|0x0000000742400000, 0x0000000742500000, 0x0000000742500000|100%| O|  |TAMS 0x0000000742500000, 0x0000000742400000| Updating 
| 985|0x0000000742500000, 0x0000000742600000, 0x0000000742600000|100%| O|  |TAMS 0x0000000742600000, 0x0000000742500000| Updating 
| 986|0x0000000742600000, 0x00000007426ffff0, 0x0000000742700000| 99%| O|  |TAMS 0x00000007426ffff0, 0x0000000742600000| Updating 
| 987|0x0000000742700000, 0x00000007427ffff8, 0x0000000742800000| 99%| O|  |TAMS 0x00000007427ffff8, 0x0000000742700000| Updating 
| 988|0x0000000742800000, 0x00000007428ffff0, 0x0000000742900000| 99%| O|  |TAMS 0x00000007428ffff0, 0x0000000742800000| Updating 
| 989|0x0000000742900000, 0x00000007429ffff8, 0x0000000742a00000| 99%| O|  |TAMS 0x00000007429ffff8, 0x0000000742900000| Updating 
| 990|0x0000000742a00000, 0x0000000742affff0, 0x0000000742b00000| 99%| O|  |TAMS 0x0000000742affff0, 0x0000000742a00000| Updating 
| 991|0x0000000742b00000, 0x0000000742bffff8, 0x0000000742c00000| 99%| O|  |TAMS 0x0000000742bffff8, 0x0000000742b00000| Updating 
| 992|0x0000000742c00000, 0x0000000742d00000, 0x0000000742d00000|100%| O|  |TAMS 0x0000000742d00000, 0x0000000742c00000| Updating 
| 993|0x0000000742d00000, 0x0000000742e00000, 0x0000000742e00000|100%| O|  |TAMS 0x0000000742e00000, 0x0000000742d00000| Updating 
| 994|0x0000000742e00000, 0x0000000742efffe8, 0x0000000742f00000| 99%| O|  |TAMS 0x0000000742efffe8, 0x0000000742e00000| Updating 
| 995|0x0000000742f00000, 0x0000000742ffffc0, 0x0000000743000000| 99%| O|  |TAMS 0x0000000742ffffc0, 0x0000000742f00000| Updating 
| 996|0x0000000743000000, 0x00000007430ffff8, 0x0000000743100000| 99%| O|  |TAMS 0x00000007430ffff8, 0x0000000743000000| Updating 
| 997|0x0000000743100000, 0x00000007431fffe0, 0x0000000743200000| 99%| O|  |TAMS 0x00000007431fffe0, 0x0000000743100000| Updating 
| 998|0x0000000743200000, 0x0000000743300000, 0x0000000743300000|100%| O|  |TAMS 0x0000000743300000, 0x0000000743200000| Updating 
| 999|0x0000000743300000, 0x00000007433ffff8, 0x0000000743400000| 99%| O|  |TAMS 0x00000007433ffff8, 0x0000000743300000| Updating 
|1000|0x0000000743400000, 0x00000007434ffff8, 0x0000000743500000| 99%| O|  |TAMS 0x00000007434ffff8, 0x0000000743400000| Updating 
|1001|0x0000000743500000, 0x00000007435fffe8, 0x0000000743600000| 99%| O|  |TAMS 0x00000007435fffe8, 0x0000000743500000| Updating 
|1002|0x0000000743600000, 0x0000000743700000, 0x0000000743700000|100%| O|  |TAMS 0x0000000743700000, 0x0000000743600000| Updating 
|1003|0x0000000743700000, 0x0000000743800000, 0x0000000743800000|100%| O|  |TAMS 0x0000000743800000, 0x0000000743700000| Updating 
|1004|0x0000000743800000, 0x00000007438ffff0, 0x0000000743900000| 99%| O|  |TAMS 0x00000007438ffff0, 0x0000000743800000| Updating 
|1005|0x0000000743900000, 0x0000000743a00000, 0x0000000743a00000|100%| O|  |TAMS 0x0000000743a00000, 0x0000000743900000| Updating 
|1006|0x0000000743a00000, 0x0000000743afffd8, 0x0000000743b00000| 99%| O|  |TAMS 0x0000000743afffd8, 0x0000000743a00000| Updating 
|1007|0x0000000743b00000, 0x0000000743bffff8, 0x0000000743c00000| 99%| O|  |TAMS 0x0000000743bffff8, 0x0000000743b00000| Updating 
|1008|0x0000000743c00000, 0x0000000743cffff0, 0x0000000743d00000| 99%| O|  |TAMS 0x0000000743cffff0, 0x0000000743c00000| Updating 
|1009|0x0000000743d00000, 0x0000000743dffff8, 0x0000000743e00000| 99%| O|  |TAMS 0x0000000743dffff8, 0x0000000743d00000| Updating 
|1010|0x0000000743e00000, 0x0000000743f00000, 0x0000000743f00000|100%| O|  |TAMS 0x0000000743f00000, 0x0000000743e00000| Updating 
|1011|0x0000000743f00000, 0x0000000744000000, 0x0000000744000000|100%| O|  |TAMS 0x0000000744000000, 0x0000000743f00000| Updating 
|1012|0x0000000744000000, 0x00000007440ffff0, 0x0000000744100000| 99%| O|  |TAMS 0x00000007440ffff0, 0x0000000744000000| Updating 
|1013|0x0000000744100000, 0x0000000744200000, 0x0000000744200000|100%| O|  |TAMS 0x0000000744200000, 0x0000000744100000| Updating 
|1014|0x0000000744200000, 0x0000000744300000, 0x0000000744300000|100%| O|  |TAMS 0x0000000744300000, 0x0000000744200000| Updating 
|1015|0x0000000744300000, 0x0000000744400000, 0x0000000744400000|100%| O|  |TAMS 0x0000000744400000, 0x0000000744300000| Updating 
|1016|0x0000000744400000, 0x00000007444fffe8, 0x0000000744500000| 99%| O|  |TAMS 0x00000007444fffe8, 0x0000000744400000| Updating 
|1017|0x0000000744500000, 0x0000000744600000, 0x0000000744600000|100%| O|  |TAMS 0x0000000744600000, 0x0000000744500000| Updating 
|1018|0x0000000744600000, 0x0000000744700000, 0x0000000744700000|100%| O|  |TAMS 0x0000000744700000, 0x0000000744600000| Updating 
|1019|0x0000000744700000, 0x00000007447ffff0, 0x0000000744800000| 99%| O|  |TAMS 0x00000007447ffff0, 0x0000000744700000| Updating 
|1020|0x0000000744800000, 0x00000007448ffff0, 0x0000000744900000| 99%| O|  |TAMS 0x00000007448ffff0, 0x0000000744800000| Updating 
|1021|0x0000000744900000, 0x0000000744a00000, 0x0000000744a00000|100%| O|  |TAMS 0x0000000744a00000, 0x0000000744900000| Updating 
|1022|0x0000000744a00000, 0x0000000744affff8, 0x0000000744b00000| 99%| O|  |TAMS 0x0000000744affff8, 0x0000000744a00000| Updating 
|1023|0x0000000744b00000, 0x0000000744bfffd8, 0x0000000744c00000| 99%| O|  |TAMS 0x0000000744bfffd8, 0x0000000744b00000| Updating 
|1024|0x0000000744c00000, 0x0000000744cffff8, 0x0000000744d00000| 99%| O|  |TAMS 0x0000000744cffff8, 0x0000000744c00000| Updating 
|1025|0x0000000744d00000, 0x0000000744dfffe0, 0x0000000744e00000| 99%| O|  |TAMS 0x0000000744dfffe0, 0x0000000744d00000| Updating 
|1026|0x0000000744e00000, 0x0000000744f00000, 0x0000000744f00000|100%| O|  |TAMS 0x0000000744f00000, 0x0000000744e00000| Updating 
|1027|0x0000000744f00000, 0x0000000744fffff8, 0x0000000745000000| 99%| O|  |TAMS 0x0000000744fffff8, 0x0000000744f00000| Updating 
|1028|0x0000000745000000, 0x00000007450ffff8, 0x0000000745100000| 99%| O|  |TAMS 0x00000007450ffff8, 0x0000000745000000| Updating 
|1029|0x0000000745100000, 0x00000007451ffff0, 0x0000000745200000| 99%| O|  |TAMS 0x00000007451ffff0, 0x0000000745100000| Updating 
|1030|0x0000000745200000, 0x00000007452ffff8, 0x0000000745300000| 99%| O|  |TAMS 0x00000007452ffff8, 0x0000000745200000| Updating 
|1031|0x0000000745300000, 0x00000007453ffff8, 0x0000000745400000| 99%| O|  |TAMS 0x00000007453ffff8, 0x0000000745300000| Updating 
|1032|0x0000000745400000, 0x0000000745500000, 0x0000000745500000|100%| O|  |TAMS 0x0000000745500000, 0x0000000745400000| Updating 
|1033|0x0000000745500000, 0x00000007455fffe8, 0x0000000745600000| 99%| O|  |TAMS 0x00000007455fffe8, 0x0000000745500000| Updating 
|1034|0x0000000745600000, 0x00000007456fffe0, 0x0000000745700000| 99%| O|  |TAMS 0x00000007456fffe0, 0x0000000745600000| Updating 
|1035|0x0000000745700000, 0x0000000745700000, 0x0000000745800000|  0%| F|  |TAMS 0x0000000745700000, 0x0000000745700000| Untracked 
|1036|0x0000000745800000, 0x00000007458ffff0, 0x0000000745900000| 99%| O|  |TAMS 0x00000007458ffff0, 0x0000000745800000| Updating 
|1037|0x0000000745900000, 0x0000000745a00000, 0x0000000745a00000|100%| O|  |TAMS 0x0000000745a00000, 0x0000000745900000| Updating 
|1038|0x0000000745a00000, 0x0000000745b00000, 0x0000000745b00000|100%| O|  |TAMS 0x0000000745b00000, 0x0000000745a00000| Updating 
|1039|0x0000000745b00000, 0x0000000745bfffe0, 0x0000000745c00000| 99%| O|  |TAMS 0x0000000745bfffe0, 0x0000000745b00000| Updating 
|1040|0x0000000745c00000, 0x0000000745cffff8, 0x0000000745d00000| 99%| O|  |TAMS 0x0000000745cffff8, 0x0000000745c00000| Updating 
|1041|0x0000000745d00000, 0x0000000745e00000, 0x0000000745e00000|100%| O|  |TAMS 0x0000000745e00000, 0x0000000745d00000| Updating 
|1042|0x0000000745e00000, 0x0000000745effff8, 0x0000000745f00000| 99%| O|  |TAMS 0x0000000745effff8, 0x0000000745e00000| Updating 
|1043|0x0000000745f00000, 0x0000000745ffffe0, 0x0000000746000000| 99%| O|  |TAMS 0x0000000745ffffe0, 0x0000000745f00000| Updating 
|1044|0x0000000746000000, 0x00000007460fffe8, 0x0000000746100000| 99%| O|  |TAMS 0x00000007460fffe8, 0x0000000746000000| Updating 
|1045|0x0000000746100000, 0x0000000746200000, 0x0000000746200000|100%| O|  |TAMS 0x0000000746200000, 0x0000000746100000| Updating 
|1046|0x0000000746200000, 0x00000007462fffe8, 0x0000000746300000| 99%| O|  |TAMS 0x00000007462fffe8, 0x0000000746200000| Updating 
|1047|0x0000000746300000, 0x00000007463fffe0, 0x0000000746400000| 99%| O|  |TAMS 0x00000007463fffe0, 0x0000000746300000| Updating 
|1048|0x0000000746400000, 0x00000007464ffff0, 0x0000000746500000| 99%| O|  |TAMS 0x00000007464ffff0, 0x0000000746400000| Updating 
|1049|0x0000000746500000, 0x00000007465ffff8, 0x0000000746600000| 99%| O|  |TAMS 0x00000007465ffff8, 0x0000000746500000| Updating 
|1050|0x0000000746600000, 0x0000000746700000, 0x0000000746700000|100%| O|  |TAMS 0x0000000746700000, 0x0000000746600000| Updating 
|1051|0x0000000746700000, 0x00000007467fffe8, 0x0000000746800000| 99%| O|  |TAMS 0x00000007467fffe8, 0x0000000746700000| Updating 
|1052|0x0000000746800000, 0x00000007468fffe8, 0x0000000746900000| 99%| O|  |TAMS 0x00000007468fffe8, 0x0000000746800000| Updating 
|1053|0x0000000746900000, 0x0000000746900000, 0x0000000746a00000|  0%| F|  |TAMS 0x0000000746900000, 0x0000000746900000| Untracked 
|1054|0x0000000746a00000, 0x0000000746affff8, 0x0000000746b00000| 99%| O|  |TAMS 0x0000000746affff8, 0x0000000746a00000| Updating 
|1055|0x0000000746b00000, 0x0000000746bffff8, 0x0000000746c00000| 99%| O|  |TAMS 0x0000000746bffff8, 0x0000000746b00000| Updating 
|1056|0x0000000746c00000, 0x0000000746d00000, 0x0000000746d00000|100%| O|  |TAMS 0x0000000746d00000, 0x0000000746c00000| Updating 
|1057|0x0000000746d00000, 0x0000000746dff918, 0x0000000746e00000| 99%| O|  |TAMS 0x0000000746dff918, 0x0000000746d00000| Updating 
|1058|0x0000000746e00000, 0x0000000746effff8, 0x0000000746f00000| 99%| O|  |TAMS 0x0000000746effff8, 0x0000000746e00000| Updating 
|1059|0x0000000746f00000, 0x0000000746ffffe8, 0x0000000747000000| 99%| O|  |TAMS 0x0000000746ffffe8, 0x0000000746f00000| Updating 
|1060|0x0000000747000000, 0x0000000747100000, 0x0000000747100000|100%| O|  |TAMS 0x0000000747100000, 0x0000000747000000| Updating 
|1061|0x0000000747100000, 0x0000000747200000, 0x0000000747200000|100%| O|  |TAMS 0x0000000747200000, 0x0000000747100000| Updating 
|1062|0x0000000747200000, 0x0000000747300000, 0x0000000747300000|100%| O|  |TAMS 0x0000000747300000, 0x0000000747200000| Updating 
|1063|0x0000000747300000, 0x00000007473fffe8, 0x0000000747400000| 99%| O|  |TAMS 0x00000007473fffe8, 0x0000000747300000| Updating 
|1064|0x0000000747400000, 0x0000000747500000, 0x0000000747500000|100%| O|  |TAMS 0x0000000747500000, 0x0000000747400000| Updating 
|1065|0x0000000747500000, 0x0000000747600000, 0x0000000747600000|100%| O|  |TAMS 0x0000000747600000, 0x0000000747500000| Updating 
|1066|0x0000000747600000, 0x00000007476ffff0, 0x0000000747700000| 99%| O|  |TAMS 0x00000007476ffff0, 0x0000000747600000| Updating 
|1067|0x0000000747700000, 0x00000007477ffff0, 0x0000000747800000| 99%| O|  |TAMS 0x00000007477ffff0, 0x0000000747700000| Updating 
|1068|0x0000000747800000, 0x00000007478ffff0, 0x0000000747900000| 99%| O|  |TAMS 0x00000007478ffff0, 0x0000000747800000| Updating 
|1069|0x0000000747900000, 0x00000007479fffe0, 0x0000000747a00000| 99%| O|  |TAMS 0x00000007479fffe0, 0x0000000747900000| Updating 
|1070|0x0000000747a00000, 0x0000000747affff0, 0x0000000747b00000| 99%| O|  |TAMS 0x0000000747affff0, 0x0000000747a00000| Updating 
|1071|0x0000000747b00000, 0x0000000747bffff8, 0x0000000747c00000| 99%| O|  |TAMS 0x0000000747bffff8, 0x0000000747b00000| Updating 
|1072|0x0000000747c00000, 0x0000000747cffff8, 0x0000000747d00000| 99%| O|  |TAMS 0x0000000747cffff8, 0x0000000747c00000| Updating 
|1073|0x0000000747d00000, 0x0000000747d00000, 0x0000000747e00000|  0%| F|  |TAMS 0x0000000747d00000, 0x0000000747d00000| Untracked 
|1074|0x0000000747e00000, 0x0000000747f00000, 0x0000000747f00000|100%| O|  |TAMS 0x0000000747f00000, 0x0000000747e00000| Updating 
|1075|0x0000000747f00000, 0x0000000748000000, 0x0000000748000000|100%| O|  |TAMS 0x0000000748000000, 0x0000000747f00000| Updating 
|1076|0x0000000748000000, 0x0000000748100000, 0x0000000748100000|100%| O|  |TAMS 0x0000000748100000, 0x0000000748000000| Updating 
|1077|0x0000000748100000, 0x00000007481ffff8, 0x0000000748200000| 99%| O|  |TAMS 0x00000007481ffff8, 0x0000000748100000| Updating 
|1078|0x0000000748200000, 0x00000007482ffff8, 0x0000000748300000| 99%| O|  |TAMS 0x00000007482ffff8, 0x0000000748200000| Updating 
|1079|0x0000000748300000, 0x00000007483fffe8, 0x0000000748400000| 99%| O|  |TAMS 0x00000007483fffe8, 0x0000000748300000| Updating 
|1080|0x0000000748400000, 0x00000007484ffff8, 0x0000000748500000| 99%| O|  |TAMS 0x00000007484ffff8, 0x0000000748400000| Updating 
|1081|0x0000000748500000, 0x0000000748600000, 0x0000000748600000|100%| O|  |TAMS 0x0000000748600000, 0x0000000748500000| Updating 
|1082|0x0000000748600000, 0x00000007486fffe8, 0x0000000748700000| 99%| O|  |TAMS 0x00000007486fffe8, 0x0000000748600000| Updating 
|1083|0x0000000748700000, 0x00000007487ffff8, 0x0000000748800000| 99%| O|  |TAMS 0x00000007487ffff8, 0x0000000748700000| Updating 
|1084|0x0000000748800000, 0x00000007488fffe8, 0x0000000748900000| 99%| O|  |TAMS 0x00000007488fffe8, 0x0000000748800000| Updating 
|1085|0x0000000748900000, 0x0000000748a00000, 0x0000000748a00000|100%| O|  |TAMS 0x0000000748a00000, 0x0000000748900000| Updating 
|1086|0x0000000748a00000, 0x0000000748afffe0, 0x0000000748b00000| 99%| O|  |TAMS 0x0000000748afffe0, 0x0000000748a00000| Updating 
|1087|0x0000000748b00000, 0x0000000748c00000, 0x0000000748c00000|100%| O|  |TAMS 0x0000000748c00000, 0x0000000748b00000| Updating 
|1088|0x0000000748c00000, 0x0000000748cffff0, 0x0000000748d00000| 99%| O|  |TAMS 0x0000000748cffff0, 0x0000000748c00000| Updating 
|1089|0x0000000748d00000, 0x0000000748dfffe8, 0x0000000748e00000| 99%| O|  |TAMS 0x0000000748dfffe8, 0x0000000748d00000| Updating 
|1090|0x0000000748e00000, 0x0000000748effff8, 0x0000000748f00000| 99%| O|  |TAMS 0x0000000748effff8, 0x0000000748e00000| Updating 
|1091|0x0000000748f00000, 0x0000000749000000, 0x0000000749000000|100%| O|  |TAMS 0x0000000749000000, 0x0000000748f00000| Updating 
|1092|0x0000000749000000, 0x00000007490ffff0, 0x0000000749100000| 99%| O|  |TAMS 0x00000007490ffff0, 0x0000000749000000| Updating 
|1093|0x0000000749100000, 0x00000007491fffd8, 0x0000000749200000| 99%| O|  |TAMS 0x00000007491fffd8, 0x0000000749100000| Updating 
|1094|0x0000000749200000, 0x00000007492ffff0, 0x0000000749300000| 99%| O|  |TAMS 0x00000007492ffff0, 0x0000000749200000| Updating 
|1095|0x0000000749300000, 0x0000000749300000, 0x0000000749400000|  0%| F|  |TAMS 0x0000000749300000, 0x0000000749300000| Untracked 
|1096|0x0000000749400000, 0x00000007494ffff0, 0x0000000749500000| 99%| O|  |TAMS 0x00000007494ffff0, 0x0000000749400000| Updating 
|1097|0x0000000749500000, 0x00000007495ffff0, 0x0000000749600000| 99%| O|  |TAMS 0x00000007495ffff0, 0x0000000749500000| Updating 
|1098|0x0000000749600000, 0x00000007496ffff8, 0x0000000749700000| 99%| O|  |TAMS 0x00000007496ffff8, 0x0000000749600000| Updating 
|1099|0x0000000749700000, 0x00000007497ffff0, 0x0000000749800000| 99%| O|  |TAMS 0x00000007497ffff0, 0x0000000749700000| Updating 
|1100|0x0000000749800000, 0x00000007498ffff0, 0x0000000749900000| 99%| O|  |TAMS 0x00000007498ffff0, 0x0000000749800000| Updating 
|1101|0x0000000749900000, 0x0000000749900000, 0x0000000749a00000|  0%| F|  |TAMS 0x0000000749900000, 0x0000000749900000| Untracked 
|1102|0x0000000749a00000, 0x0000000749afffe0, 0x0000000749b00000| 99%| O|  |TAMS 0x0000000749afffe0, 0x0000000749a00000| Updating 
|1103|0x0000000749b00000, 0x0000000749bfffe8, 0x0000000749c00000| 99%| O|  |TAMS 0x0000000749bfffe8, 0x0000000749b00000| Updating 
|1104|0x0000000749c00000, 0x0000000749cfffe8, 0x0000000749d00000| 99%| O|  |TAMS 0x0000000749cfffe8, 0x0000000749c00000| Updating 
|1105|0x0000000749d00000, 0x0000000749dffff8, 0x0000000749e00000| 99%| O|  |TAMS 0x0000000749dffff8, 0x0000000749d00000| Updating 
|1106|0x0000000749e00000, 0x0000000749effff0, 0x0000000749f00000| 99%| O|  |TAMS 0x0000000749effff0, 0x0000000749e00000| Updating 
|1107|0x0000000749f00000, 0x0000000749ffffe0, 0x000000074a000000| 99%| O|  |TAMS 0x0000000749ffffe0, 0x0000000749f00000| Updating 
|1108|0x000000074a000000, 0x000000074a0fffd8, 0x000000074a100000| 99%| O|  |TAMS 0x000000074a0fffd8, 0x000000074a000000| Updating 
|1109|0x000000074a100000, 0x000000074a1ffff8, 0x000000074a200000| 99%| O|  |TAMS 0x000000074a1ffff8, 0x000000074a100000| Updating 
|1110|0x000000074a200000, 0x000000074a300000, 0x000000074a300000|100%| O|  |TAMS 0x000000074a300000, 0x000000074a200000| Updating 
|1111|0x000000074a300000, 0x000000074a3fffe8, 0x000000074a400000| 99%| O|  |TAMS 0x000000074a3fffe8, 0x000000074a300000| Updating 
|1112|0x000000074a400000, 0x000000074a4ffff0, 0x000000074a500000| 99%| O|  |TAMS 0x000000074a4ffff0, 0x000000074a400000| Updating 
|1113|0x000000074a500000, 0x000000074a5ffff0, 0x000000074a600000| 99%| O|  |TAMS 0x000000074a5ffff0, 0x000000074a500000| Updating 
|1114|0x000000074a600000, 0x000000074a700000, 0x000000074a700000|100%| O|  |TAMS 0x000000074a700000, 0x000000074a600000| Updating 
|1115|0x000000074a700000, 0x000000074a800000, 0x000000074a800000|100%| O|  |TAMS 0x000000074a800000, 0x000000074a700000| Updating 
|1116|0x000000074a800000, 0x000000074a8ffff8, 0x000000074a900000| 99%| O|  |TAMS 0x000000074a8ffff8, 0x000000074a800000| Updating 
|1117|0x000000074a900000, 0x000000074a9fffe8, 0x000000074aa00000| 99%| O|  |TAMS 0x000000074a9fffe8, 0x000000074a900000| Updating 
|1118|0x000000074aa00000, 0x000000074ab00000, 0x000000074ab00000|100%| O|  |TAMS 0x000000074ab00000, 0x000000074aa00000| Updating 
|1119|0x000000074ab00000, 0x000000074abffff8, 0x000000074ac00000| 99%| O|  |TAMS 0x000000074abffff8, 0x000000074ab00000| Updating 
|1120|0x000000074ac00000, 0x000000074acffff0, 0x000000074ad00000| 99%| O|  |TAMS 0x000000074acffff0, 0x000000074ac00000| Updating 
|1121|0x000000074ad00000, 0x000000074adffff0, 0x000000074ae00000| 99%| O|  |TAMS 0x000000074adffff0, 0x000000074ad00000| Updating 
|1122|0x000000074ae00000, 0x000000074aeffff8, 0x000000074af00000| 99%| O|  |TAMS 0x000000074aeffff8, 0x000000074ae00000| Updating 
|1123|0x000000074af00000, 0x000000074af00000, 0x000000074b000000|  0%| F|  |TAMS 0x000000074af00000, 0x000000074af00000| Untracked 
|1124|0x000000074b000000, 0x000000074b100000, 0x000000074b100000|100%| O|  |TAMS 0x000000074b100000, 0x000000074b000000| Updating 
|1125|0x000000074b100000, 0x000000074b1ffff0, 0x000000074b200000| 99%| O|  |TAMS 0x000000074b1ffff0, 0x000000074b100000| Updating 
|1126|0x000000074b200000, 0x000000074b300000, 0x000000074b300000|100%| O|  |TAMS 0x000000074b300000, 0x000000074b200000| Updating 
|1127|0x000000074b300000, 0x000000074b3ffff8, 0x000000074b400000| 99%| O|  |TAMS 0x000000074b3ffff8, 0x000000074b300000| Updating 
|1128|0x000000074b400000, 0x000000074b500000, 0x000000074b500000|100%| O|  |TAMS 0x000000074b500000, 0x000000074b400000| Updating 
|1129|0x000000074b500000, 0x000000074b5fffd0, 0x000000074b600000| 99%| O|  |TAMS 0x000000074b5fffd0, 0x000000074b500000| Updating 
|1130|0x000000074b600000, 0x000000074b6ffff0, 0x000000074b700000| 99%| O|  |TAMS 0x000000074b6ffff0, 0x000000074b600000| Updating 
|1131|0x000000074b700000, 0x000000074b7fffe8, 0x000000074b800000| 99%| O|  |TAMS 0x000000074b7fffe8, 0x000000074b700000| Updating 
|1132|0x000000074b800000, 0x000000074b8ffff0, 0x000000074b900000| 99%| O|  |TAMS 0x000000074b8ffff0, 0x000000074b800000| Updating 
|1133|0x000000074b900000, 0x000000074b9fffe8, 0x000000074ba00000| 99%| O|  |TAMS 0x000000074b9fffe8, 0x000000074b900000| Updating 
|1134|0x000000074ba00000, 0x000000074bb00000, 0x000000074bb00000|100%| O|  |TAMS 0x000000074bb00000, 0x000000074ba00000| Updating 
|1135|0x000000074bb00000, 0x000000074bbfffe0, 0x000000074bc00000| 99%| O|  |TAMS 0x000000074bbfffe0, 0x000000074bb00000| Updating 
|1136|0x000000074bc00000, 0x000000074bd00000, 0x000000074bd00000|100%| O|  |TAMS 0x000000074bd00000, 0x000000074bc00000| Updating 
|1137|0x000000074bd00000, 0x000000074bdffff0, 0x000000074be00000| 99%| O|  |TAMS 0x000000074bdffff0, 0x000000074bd00000| Updating 
|1138|0x000000074be00000, 0x000000074beffff8, 0x000000074bf00000| 99%| O|  |TAMS 0x000000074beffff8, 0x000000074be00000| Updating 
|1139|0x000000074bf00000, 0x000000074bfffff8, 0x000000074c000000| 99%| O|  |TAMS 0x000000074bfffff8, 0x000000074bf00000| Updating 
|1140|0x000000074c000000, 0x000000074c100000, 0x000000074c100000|100%| O|  |TAMS 0x000000074c100000, 0x000000074c000000| Updating 
|1141|0x000000074c100000, 0x000000074c1fffc8, 0x000000074c200000| 99%| O|  |TAMS 0x000000074c1fffc8, 0x000000074c100000| Updating 
|1142|0x000000074c200000, 0x000000074c300000, 0x000000074c300000|100%| O|  |TAMS 0x000000074c300000, 0x000000074c200000| Updating 
|1143|0x000000074c300000, 0x000000074c3fffe8, 0x000000074c400000| 99%| O|  |TAMS 0x000000074c3fffe8, 0x000000074c300000| Updating 
|1144|0x000000074c400000, 0x000000074c4fffe8, 0x000000074c500000| 99%| O|  |TAMS 0x000000074c4fffe8, 0x000000074c400000| Updating 
|1145|0x000000074c500000, 0x000000074c5fffe8, 0x000000074c600000| 99%| O|  |TAMS 0x000000074c5fffe8, 0x000000074c500000| Updating 
|1146|0x000000074c600000, 0x000000074c6ffff0, 0x000000074c700000| 99%| O|  |TAMS 0x000000074c6ffff0, 0x000000074c600000| Updating 
|1147|0x000000074c700000, 0x000000074c700000, 0x000000074c800000|  0%| F|  |TAMS 0x000000074c700000, 0x000000074c700000| Untracked 
|1148|0x000000074c800000, 0x000000074c8ffff0, 0x000000074c900000| 99%| O|  |TAMS 0x000000074c8ffff0, 0x000000074c800000| Updating 
|1149|0x000000074c900000, 0x000000074c9ffff8, 0x000000074ca00000| 99%| O|  |TAMS 0x000000074c9ffff8, 0x000000074c900000| Updating 
|1150|0x000000074ca00000, 0x000000074cb00000, 0x000000074cb00000|100%| O|  |TAMS 0x000000074cb00000, 0x000000074ca00000| Updating 
|1151|0x000000074cb00000, 0x000000074cbffff0, 0x000000074cc00000| 99%| O|  |TAMS 0x000000074cbffff0, 0x000000074cb00000| Updating 
|1152|0x000000074cc00000, 0x000000074ccffff8, 0x000000074cd00000| 99%| O|  |TAMS 0x000000074ccffff8, 0x000000074cc00000| Updating 
|1153|0x000000074cd00000, 0x000000074cdffff0, 0x000000074ce00000| 99%| O|  |TAMS 0x000000074cdffff0, 0x000000074cd00000| Updating 
|1154|0x000000074ce00000, 0x000000074ce00000, 0x000000074cf00000|  0%| F|  |TAMS 0x000000074ce00000, 0x000000074ce00000| Untracked 
|1155|0x000000074cf00000, 0x000000074d000000, 0x000000074d000000|100%| O|  |TAMS 0x000000074d000000, 0x000000074cf00000| Updating 
|1156|0x000000074d000000, 0x000000074d100000, 0x000000074d100000|100%| O|  |TAMS 0x000000074d100000, 0x000000074d000000| Updating 
|1157|0x000000074d100000, 0x000000074d1ffff0, 0x000000074d200000| 99%| O|  |TAMS 0x000000074d1ffff0, 0x000000074d100000| Updating 
|1158|0x000000074d200000, 0x000000074d2ffff8, 0x000000074d300000| 99%| O|  |TAMS 0x000000074d2ffff8, 0x000000074d200000| Updating 
|1159|0x000000074d300000, 0x000000074d400000, 0x000000074d400000|100%| O|  |TAMS 0x000000074d400000, 0x000000074d300000| Updating 
|1160|0x000000074d400000, 0x000000074d4ffff8, 0x000000074d500000| 99%| O|  |TAMS 0x000000074d4ffff8, 0x000000074d400000| Updating 
|1161|0x000000074d500000, 0x000000074d5ffff0, 0x000000074d600000| 99%| O|  |TAMS 0x000000074d5ffff0, 0x000000074d500000| Updating 
|1162|0x000000074d600000, 0x000000074d6ffff8, 0x000000074d700000| 99%| O|  |TAMS 0x000000074d6ffff8, 0x000000074d600000| Updating 
|1163|0x000000074d700000, 0x000000074d700000, 0x000000074d800000|  0%| F|  |TAMS 0x000000074d700000, 0x000000074d700000| Untracked 
|1164|0x000000074d800000, 0x000000074d8ffff8, 0x000000074d900000| 99%| O|  |TAMS 0x000000074d8ffff8, 0x000000074d800000| Updating 
|1165|0x000000074d900000, 0x000000074d9ffff8, 0x000000074da00000| 99%| O|  |TAMS 0x000000074d9ffff8, 0x000000074d900000| Updating 
|1166|0x000000074da00000, 0x000000074db00000, 0x000000074db00000|100%| O|  |TAMS 0x000000074db00000, 0x000000074da00000| Updating 
|1167|0x000000074db00000, 0x000000074dbffff8, 0x000000074dc00000| 99%| O|  |TAMS 0x000000074dbffff8, 0x000000074db00000| Updating 
|1168|0x000000074dc00000, 0x000000074dd00000, 0x000000074dd00000|100%| O|  |TAMS 0x000000074dd00000, 0x000000074dc00000| Updating 
|1169|0x000000074dd00000, 0x000000074ddffff8, 0x000000074de00000| 99%| O|  |TAMS 0x000000074ddffff8, 0x000000074dd00000| Updating 
|1170|0x000000074de00000, 0x000000074df00000, 0x000000074df00000|100%| O|  |TAMS 0x000000074df00000, 0x000000074de00000| Updating 
|1171|0x000000074df00000, 0x000000074dffffe0, 0x000000074e000000| 99%| O|  |TAMS 0x000000074dffffe0, 0x000000074df00000| Updating 
|1172|0x000000074e000000, 0x000000074e100000, 0x000000074e100000|100%| O|  |TAMS 0x000000074e100000, 0x000000074e000000| Updating 
|1173|0x000000074e100000, 0x000000074e1ffff0, 0x000000074e200000| 99%| O|  |TAMS 0x000000074e1ffff0, 0x000000074e100000| Updating 
|1174|0x000000074e200000, 0x000000074e300000, 0x000000074e300000|100%| O|  |TAMS 0x000000074e300000, 0x000000074e200000| Updating 
|1175|0x000000074e300000, 0x000000074e3fffe0, 0x000000074e400000| 99%| O|  |TAMS 0x000000074e3fffe0, 0x000000074e300000| Updating 
|1176|0x000000074e400000, 0x000000074e4ffff0, 0x000000074e500000| 99%| O|  |TAMS 0x000000074e4ffff0, 0x000000074e400000| Updating 
|1177|0x000000074e500000, 0x000000074e5ffff0, 0x000000074e600000| 99%| O|  |TAMS 0x000000074e5ffff0, 0x000000074e500000| Updating 
|1178|0x000000074e600000, 0x000000074e700000, 0x000000074e700000|100%| O|  |TAMS 0x000000074e700000, 0x000000074e600000| Updating 
|1179|0x000000074e700000, 0x000000074e7ffff0, 0x000000074e800000| 99%| O|  |TAMS 0x000000074e7ffff0, 0x000000074e700000| Updating 
|1180|0x000000074e800000, 0x000000074e900000, 0x000000074e900000|100%| O|  |TAMS 0x000000074e900000, 0x000000074e800000| Updating 
|1181|0x000000074e900000, 0x000000074e9fffc8, 0x000000074ea00000| 99%| O|  |TAMS 0x000000074e9fffc8, 0x000000074e900000| Updating 
|1182|0x000000074ea00000, 0x000000074eaffff0, 0x000000074eb00000| 99%| O|  |TAMS 0x000000074eaffff0, 0x000000074ea00000| Updating 
|1183|0x000000074eb00000, 0x000000074ebfffe0, 0x000000074ec00000| 99%| O|  |TAMS 0x000000074ebfffe0, 0x000000074eb00000| Updating 
|1184|0x000000074ec00000, 0x000000074ec00000, 0x000000074ed00000|  0%| F|  |TAMS 0x000000074ec00000, 0x000000074ec00000| Untracked 
|1185|0x000000074ed00000, 0x000000074edfffd8, 0x000000074ee00000| 99%| O|  |TAMS 0x000000074edfffd8, 0x000000074ed00000| Updating 
|1186|0x000000074ee00000, 0x000000074ef00000, 0x000000074ef00000|100%| O|  |TAMS 0x000000074ef00000, 0x000000074ee00000| Updating 
|1187|0x000000074ef00000, 0x000000074ef00000, 0x000000074f000000|  0%| F|  |TAMS 0x000000074ef00000, 0x000000074ef00000| Untracked 
|1188|0x000000074f000000, 0x000000074f0ffff8, 0x000000074f100000| 99%| O|  |TAMS 0x000000074f0ffff8, 0x000000074f000000| Updating 
|1189|0x000000074f100000, 0x000000074f200000, 0x000000074f200000|100%| O|  |TAMS 0x000000074f200000, 0x000000074f100000| Updating 
|1190|0x000000074f200000, 0x000000074f2fffe8, 0x000000074f300000| 99%| O|  |TAMS 0x000000074f2fffe8, 0x000000074f200000| Updating 
|1191|0x000000074f300000, 0x000000074f400000, 0x000000074f400000|100%| O|  |TAMS 0x000000074f400000, 0x000000074f300000| Updating 
|1192|0x000000074f400000, 0x000000074f400000, 0x000000074f500000|  0%| F|  |TAMS 0x000000074f400000, 0x000000074f400000| Untracked 
|1193|0x000000074f500000, 0x000000074f5ffff0, 0x000000074f600000| 99%| O|  |TAMS 0x000000074f5ffff0, 0x000000074f500000| Updating 
|1194|0x000000074f600000, 0x000000074f6ffff0, 0x000000074f700000| 99%| O|  |TAMS 0x000000074f6ffff0, 0x000000074f600000| Updating 
|1195|0x000000074f700000, 0x000000074f7fffe0, 0x000000074f800000| 99%| O|  |TAMS 0x000000074f7fffe0, 0x000000074f700000| Updating 
|1196|0x000000074f800000, 0x000000074f8ffff8, 0x000000074f900000| 99%| O|  |TAMS 0x000000074f8ffff8, 0x000000074f800000| Updating 
|1197|0x000000074f900000, 0x000000074fa00000, 0x000000074fa00000|100%| O|  |TAMS 0x000000074fa00000, 0x000000074f900000| Updating 
|1198|0x000000074fa00000, 0x000000074fb00000, 0x000000074fb00000|100%| O|  |TAMS 0x000000074fb00000, 0x000000074fa00000| Updating 
|1199|0x000000074fb00000, 0x000000074fbffff0, 0x000000074fc00000| 99%| O|  |TAMS 0x000000074fbffff0, 0x000000074fb00000| Updating 
|1200|0x000000074fc00000, 0x000000074fd00000, 0x000000074fd00000|100%| O|  |TAMS 0x000000074fd00000, 0x000000074fc00000| Updating 
|1201|0x000000074fd00000, 0x000000074fe00000, 0x000000074fe00000|100%| O|  |TAMS 0x000000074fe00000, 0x000000074fd00000| Updating 
|1202|0x000000074fe00000, 0x000000074fefffe8, 0x000000074ff00000| 99%| O|  |TAMS 0x000000074fefffe8, 0x000000074fe00000| Updating 
|1203|0x000000074ff00000, 0x0000000750000000, 0x0000000750000000|100%| O|  |TAMS 0x0000000750000000, 0x000000074ff00000| Updating 
|1204|0x0000000750000000, 0x00000007500fffe8, 0x0000000750100000| 99%| O|  |TAMS 0x00000007500fffe8, 0x0000000750000000| Updating 
|1205|0x0000000750100000, 0x0000000750100000, 0x0000000750200000|  0%| F|  |TAMS 0x0000000750100000, 0x0000000750100000| Untracked 
|1206|0x0000000750200000, 0x0000000750300000, 0x0000000750300000|100%| O|  |TAMS 0x0000000750300000, 0x0000000750200000| Updating 
|1207|0x0000000750300000, 0x0000000750400000, 0x0000000750400000|100%| O|  |TAMS 0x0000000750400000, 0x0000000750300000| Updating 
|1208|0x0000000750400000, 0x00000007504ffff8, 0x0000000750500000| 99%| O|  |TAMS 0x00000007504ffff8, 0x0000000750400000| Updating 
|1209|0x0000000750500000, 0x0000000750600000, 0x0000000750600000|100%| O|  |TAMS 0x0000000750600000, 0x0000000750500000| Updating 
|1210|0x0000000750600000, 0x00000007506ffff8, 0x0000000750700000| 99%| O|  |TAMS 0x00000007506ffff8, 0x0000000750600000| Updating 
|1211|0x0000000750700000, 0x00000007507ffff8, 0x0000000750800000| 99%| O|  |TAMS 0x00000007507ffff8, 0x0000000750700000| Updating 
|1212|0x0000000750800000, 0x0000000750900000, 0x0000000750900000|100%| O|  |TAMS 0x0000000750900000, 0x0000000750800000| Updating 
|1213|0x0000000750900000, 0x0000000750a00000, 0x0000000750a00000|100%| O|  |TAMS 0x0000000750a00000, 0x0000000750900000| Updating 
|1214|0x0000000750a00000, 0x0000000750affff0, 0x0000000750b00000| 99%| O|  |TAMS 0x0000000750affff0, 0x0000000750a00000| Updating 
|1215|0x0000000750b00000, 0x0000000750c00000, 0x0000000750c00000|100%| O|  |TAMS 0x0000000750c00000, 0x0000000750b00000| Updating 
|1216|0x0000000750c00000, 0x0000000750d00000, 0x0000000750d00000|100%| O|  |TAMS 0x0000000750d00000, 0x0000000750c00000| Updating 
|1217|0x0000000750d00000, 0x0000000750e00000, 0x0000000750e00000|100%| O|  |TAMS 0x0000000750e00000, 0x0000000750d00000| Updating 
|1218|0x0000000750e00000, 0x0000000750effff8, 0x0000000750f00000| 99%| O|  |TAMS 0x0000000750effff8, 0x0000000750e00000| Updating 
|1219|0x0000000750f00000, 0x0000000750ffffe0, 0x0000000751000000| 99%| O|  |TAMS 0x0000000750ffffe0, 0x0000000750f00000| Updating 
|1220|0x0000000751000000, 0x00000007510ffff8, 0x0000000751100000| 99%| O|  |TAMS 0x00000007510ffff8, 0x0000000751000000| Updating 
|1221|0x0000000751100000, 0x00000007511fffe8, 0x0000000751200000| 99%| O|  |TAMS 0x00000007511fffe8, 0x0000000751100000| Updating 
|1222|0x0000000751200000, 0x00000007512fffe0, 0x0000000751300000| 99%| O|  |TAMS 0x00000007512fffe0, 0x0000000751200000| Updating 
|1223|0x0000000751300000, 0x0000000751400000, 0x0000000751400000|100%| O|  |TAMS 0x0000000751400000, 0x0000000751300000| Updating 
|1224|0x0000000751400000, 0x0000000751500000, 0x0000000751500000|100%| O|  |TAMS 0x0000000751500000, 0x0000000751400000| Updating 
|1225|0x0000000751500000, 0x00000007515fffe8, 0x0000000751600000| 99%| O|  |TAMS 0x00000007515fffe8, 0x0000000751500000| Updating 
|1226|0x0000000751600000, 0x00000007516ffff0, 0x0000000751700000| 99%| O|  |TAMS 0x00000007516ffff0, 0x0000000751600000| Updating 
|1227|0x0000000751700000, 0x00000007517fffd8, 0x0000000751800000| 99%| O|  |TAMS 0x00000007517fffd8, 0x0000000751700000| Updating 
|1228|0x0000000751800000, 0x0000000751900000, 0x0000000751900000|100%| O|  |TAMS 0x0000000751900000, 0x0000000751800000| Updating 
|1229|0x0000000751900000, 0x00000007519ffff8, 0x0000000751a00000| 99%| O|  |TAMS 0x00000007519ffff8, 0x0000000751900000| Updating 
|1230|0x0000000751a00000, 0x0000000751affff8, 0x0000000751b00000| 99%| O|  |TAMS 0x0000000751affff8, 0x0000000751a00000| Updating 
|1231|0x0000000751b00000, 0x0000000751c00000, 0x0000000751c00000|100%| O|  |TAMS 0x0000000751c00000, 0x0000000751b00000| Updating 
|1232|0x0000000751c00000, 0x0000000751cfffe8, 0x0000000751d00000| 99%| O|  |TAMS 0x0000000751cfffe8, 0x0000000751c00000| Updating 
|1233|0x0000000751d00000, 0x0000000751dffff0, 0x0000000751e00000| 99%| O|  |TAMS 0x0000000751dffff0, 0x0000000751d00000| Updating 
|1234|0x0000000751e00000, 0x0000000751effff8, 0x0000000751f00000| 99%| O|  |TAMS 0x0000000751effff8, 0x0000000751e00000| Updating 
|1235|0x0000000751f00000, 0x0000000752000000, 0x0000000752000000|100%| O|  |TAMS 0x0000000752000000, 0x0000000751f00000| Updating 
|1236|0x0000000752000000, 0x0000000752100000, 0x0000000752100000|100%| O|  |TAMS 0x0000000752100000, 0x0000000752000000| Updating 
|1237|0x0000000752100000, 0x0000000752200000, 0x0000000752200000|100%| O|  |TAMS 0x0000000752200000, 0x0000000752100000| Updating 
|1238|0x0000000752200000, 0x00000007522fffe8, 0x0000000752300000| 99%| O|  |TAMS 0x00000007522fffe8, 0x0000000752200000| Updating 
|1239|0x0000000752300000, 0x00000007523ffff0, 0x0000000752400000| 99%| O|  |TAMS 0x00000007523ffff0, 0x0000000752300000| Updating 
|1240|0x0000000752400000, 0x00000007524ffff8, 0x0000000752500000| 99%| O|  |TAMS 0x00000007524ffff8, 0x0000000752400000| Updating 
|1241|0x0000000752500000, 0x00000007525ffff8, 0x0000000752600000| 99%| O|  |TAMS 0x00000007525ffff8, 0x0000000752500000| Updating 
|1242|0x0000000752600000, 0x00000007526ffff8, 0x0000000752700000| 99%| O|  |TAMS 0x00000007526ffff8, 0x0000000752600000| Updating 
|1243|0x0000000752700000, 0x00000007527ffff8, 0x0000000752800000| 99%| O|  |TAMS 0x00000007527ffff8, 0x0000000752700000| Updating 
|1244|0x0000000752800000, 0x00000007528ffff0, 0x0000000752900000| 99%| O|  |TAMS 0x00000007528ffff0, 0x0000000752800000| Updating 
|1245|0x0000000752900000, 0x0000000752a00000, 0x0000000752a00000|100%| O|  |TAMS 0x0000000752a00000, 0x0000000752900000| Updating 
|1246|0x0000000752a00000, 0x0000000752afffe8, 0x0000000752b00000| 99%| O|  |TAMS 0x0000000752afffe8, 0x0000000752a00000| Updating 
|1247|0x0000000752b00000, 0x0000000752bfffe8, 0x0000000752c00000| 99%| O|  |TAMS 0x0000000752bfffe8, 0x0000000752b00000| Updating 
|1248|0x0000000752c00000, 0x0000000752cfffe8, 0x0000000752d00000| 99%| O|  |TAMS 0x0000000752cfffe8, 0x0000000752c00000| Updating 
|1249|0x0000000752d00000, 0x0000000752dffff0, 0x0000000752e00000| 99%| O|  |TAMS 0x0000000752dffff0, 0x0000000752d00000| Updating 
|1250|0x0000000752e00000, 0x0000000752efffd8, 0x0000000752f00000| 99%| O|  |TAMS 0x0000000752efffd8, 0x0000000752e00000| Updating 
|1251|0x0000000752f00000, 0x0000000753000000, 0x0000000753000000|100%| O|  |TAMS 0x0000000753000000, 0x0000000752f00000| Updating 
|1252|0x0000000753000000, 0x00000007530fffe8, 0x0000000753100000| 99%| O|  |TAMS 0x00000007530fffe8, 0x0000000753000000| Updating 
|1253|0x0000000753100000, 0x00000007531ffff0, 0x0000000753200000| 99%| O|  |TAMS 0x00000007531ffff0, 0x0000000753100000| Updating 
|1254|0x0000000753200000, 0x0000000753300000, 0x0000000753300000|100%| O|  |TAMS 0x0000000753300000, 0x0000000753200000| Updating 
|1255|0x0000000753300000, 0x0000000753300000, 0x0000000753400000|  0%| F|  |TAMS 0x0000000753300000, 0x0000000753300000| Untracked 
|1256|0x0000000753400000, 0x0000000753500000, 0x0000000753500000|100%| O|  |TAMS 0x0000000753500000, 0x0000000753400000| Updating 
|1257|0x0000000753500000, 0x00000007535fffe0, 0x0000000753600000| 99%| O|  |TAMS 0x00000007535fffe0, 0x0000000753500000| Updating 
|1258|0x0000000753600000, 0x00000007536ffff8, 0x0000000753700000| 99%| O|  |TAMS 0x00000007536ffff8, 0x0000000753600000| Updating 
|1259|0x0000000753700000, 0x0000000753800000, 0x0000000753800000|100%| O|  |TAMS 0x0000000753800000, 0x0000000753700000| Updating 
|1260|0x0000000753800000, 0x00000007538fffe8, 0x0000000753900000| 99%| O|  |TAMS 0x00000007538fffe8, 0x0000000753800000| Updating 
|1261|0x0000000753900000, 0x00000007539ffff0, 0x0000000753a00000| 99%| O|  |TAMS 0x00000007539ffff0, 0x0000000753900000| Updating 
|1262|0x0000000753a00000, 0x0000000753affff8, 0x0000000753b00000| 99%| O|  |TAMS 0x0000000753affff8, 0x0000000753a00000| Updating 
|1263|0x0000000753b00000, 0x0000000753bfffe8, 0x0000000753c00000| 99%| O|  |TAMS 0x0000000753bfffe8, 0x0000000753b00000| Updating 
|1264|0x0000000753c00000, 0x0000000753d00000, 0x0000000753d00000|100%| O|  |TAMS 0x0000000753d00000, 0x0000000753c00000| Updating 
|1265|0x0000000753d00000, 0x0000000753dffff8, 0x0000000753e00000| 99%| O|  |TAMS 0x0000000753dffff8, 0x0000000753d00000| Updating 
|1266|0x0000000753e00000, 0x0000000753effff8, 0x0000000753f00000| 99%| O|  |TAMS 0x0000000753effff8, 0x0000000753e00000| Updating 
|1267|0x0000000753f00000, 0x0000000753fffff8, 0x0000000754000000| 99%| O|  |TAMS 0x0000000753fffff8, 0x0000000753f00000| Updating 
|1268|0x0000000754000000, 0x0000000754100000, 0x0000000754100000|100%| O|  |TAMS 0x0000000754100000, 0x0000000754000000| Updating 
|1269|0x0000000754100000, 0x0000000754100000, 0x0000000754200000|  0%| F|  |TAMS 0x0000000754100000, 0x0000000754100000| Untracked 
|1270|0x0000000754200000, 0x0000000754200000, 0x0000000754300000|  0%| F|  |TAMS 0x0000000754200000, 0x0000000754200000| Untracked 
|1271|0x0000000754300000, 0x0000000754400000, 0x0000000754400000|100%| O|  |TAMS 0x0000000754400000, 0x0000000754300000| Updating 
|1272|0x0000000754400000, 0x00000007544ffff8, 0x0000000754500000| 99%| O|  |TAMS 0x00000007544ffff8, 0x0000000754400000| Updating 
|1273|0x0000000754500000, 0x0000000754600000, 0x0000000754600000|100%| O|  |TAMS 0x0000000754600000, 0x0000000754500000| Updating 
|1274|0x0000000754600000, 0x0000000754700000, 0x0000000754700000|100%| O|  |TAMS 0x0000000754700000, 0x0000000754600000| Updating 
|1275|0x0000000754700000, 0x00000007547ffff8, 0x0000000754800000| 99%| O|  |TAMS 0x00000007547ffff8, 0x0000000754700000| Updating 
|1276|0x0000000754800000, 0x00000007548ffff0, 0x0000000754900000| 99%| O|  |TAMS 0x00000007548ffff0, 0x0000000754800000| Updating 
|1277|0x0000000754900000, 0x00000007549fffe8, 0x0000000754a00000| 99%| O|  |TAMS 0x00000007549fffe8, 0x0000000754900000| Updating 
|1278|0x0000000754a00000, 0x0000000754b00000, 0x0000000754b00000|100%| O|  |TAMS 0x0000000754b00000, 0x0000000754a00000| Updating 
|1279|0x0000000754b00000, 0x0000000754bffff0, 0x0000000754c00000| 99%| O|  |TAMS 0x0000000754bffff0, 0x0000000754b00000| Updating 
|1280|0x0000000754c00000, 0x0000000754cffff8, 0x0000000754d00000| 99%| O|  |TAMS 0x0000000754cffff8, 0x0000000754c00000| Updating 
|1281|0x0000000754d00000, 0x0000000754dffff8, 0x0000000754e00000| 99%| O|  |TAMS 0x0000000754dffff8, 0x0000000754d00000| Updating 
|1282|0x0000000754e00000, 0x0000000754effff0, 0x0000000754f00000| 99%| O|  |TAMS 0x0000000754effff0, 0x0000000754e00000| Updating 
|1283|0x0000000754f00000, 0x0000000755000000, 0x0000000755000000|100%| O|  |TAMS 0x0000000755000000, 0x0000000754f00000| Updating 
|1284|0x0000000755000000, 0x00000007550fffd8, 0x0000000755100000| 99%| O|  |TAMS 0x00000007550fffd8, 0x0000000755000000| Updating 
|1285|0x0000000755100000, 0x00000007551ffff8, 0x0000000755200000| 99%| O|  |TAMS 0x00000007551ffff8, 0x0000000755100000| Updating 
|1286|0x0000000755200000, 0x00000007552ffff0, 0x0000000755300000| 99%| O|  |TAMS 0x00000007552ffff0, 0x0000000755200000| Updating 
|1287|0x0000000755300000, 0x0000000755400000, 0x0000000755400000|100%| O|  |TAMS 0x0000000755400000, 0x0000000755300000| Updating 
|1288|0x0000000755400000, 0x00000007554ffff8, 0x0000000755500000| 99%| O|  |TAMS 0x00000007554ffff8, 0x0000000755400000| Updating 
|1289|0x0000000755500000, 0x00000007555fffe8, 0x0000000755600000| 99%| O|  |TAMS 0x00000007555fffe8, 0x0000000755500000| Updating 
|1290|0x0000000755600000, 0x00000007556ffff0, 0x0000000755700000| 99%| O|  |TAMS 0x00000007556ffff0, 0x0000000755600000| Updating 
|1291|0x0000000755700000, 0x00000007557ffff0, 0x0000000755800000| 99%| O|  |TAMS 0x00000007557ffff0, 0x0000000755700000| Updating 
|1292|0x0000000755800000, 0x0000000755900000, 0x0000000755900000|100%| O|  |TAMS 0x0000000755900000, 0x0000000755800000| Updating 
|1293|0x0000000755900000, 0x0000000755a00000, 0x0000000755a00000|100%| O|  |TAMS 0x0000000755a00000, 0x0000000755900000| Updating 
|1294|0x0000000755a00000, 0x0000000755affff8, 0x0000000755b00000| 99%| O|  |TAMS 0x0000000755affff8, 0x0000000755a00000| Updating 
|1295|0x0000000755b00000, 0x0000000755bfffe0, 0x0000000755c00000| 99%| O|  |TAMS 0x0000000755bfffe0, 0x0000000755b00000| Updating 
|1296|0x0000000755c00000, 0x0000000755cffff8, 0x0000000755d00000| 99%| O|  |TAMS 0x0000000755cffff8, 0x0000000755c00000| Updating 
|1297|0x0000000755d00000, 0x0000000755e00000, 0x0000000755e00000|100%| O|  |TAMS 0x0000000755e00000, 0x0000000755d00000| Updating 
|1298|0x0000000755e00000, 0x0000000755effff8, 0x0000000755f00000| 99%| O|  |TAMS 0x0000000755effff8, 0x0000000755e00000| Updating 
|1299|0x0000000755f00000, 0x0000000755fffff0, 0x0000000756000000| 99%| O|  |TAMS 0x0000000755fffff0, 0x0000000755f00000| Updating 
|1300|0x0000000756000000, 0x00000007560ffff8, 0x0000000756100000| 99%| O|  |TAMS 0x00000007560ffff8, 0x0000000756000000| Updating 
|1301|0x0000000756100000, 0x00000007561fffc0, 0x0000000756200000| 99%| O|  |TAMS 0x00000007561fffc0, 0x0000000756100000| Updating 
|1302|0x0000000756200000, 0x0000000756300000, 0x0000000756300000|100%| O|  |TAMS 0x0000000756300000, 0x0000000756200000| Updating 
|1303|0x0000000756300000, 0x0000000756400000, 0x0000000756400000|100%| O|  |TAMS 0x0000000756400000, 0x0000000756300000| Updating 
|1304|0x0000000756400000, 0x00000007564ffff8, 0x0000000756500000| 99%| O|  |TAMS 0x00000007564ffff8, 0x0000000756400000| Updating 
|1305|0x0000000756500000, 0x00000007565ffff0, 0x0000000756600000| 99%| O|  |TAMS 0x00000007565ffff0, 0x0000000756500000| Updating 
|1306|0x0000000756600000, 0x00000007566ffff8, 0x0000000756700000| 99%| O|  |TAMS 0x00000007566ffff8, 0x0000000756600000| Updating 
|1307|0x0000000756700000, 0x00000007567fffe0, 0x0000000756800000| 99%| O|  |TAMS 0x00000007567fffe0, 0x0000000756700000| Updating 
|1308|0x0000000756800000, 0x00000007568ffff0, 0x0000000756900000| 99%| O|  |TAMS 0x00000007568ffff0, 0x0000000756800000| Updating 
|1309|0x0000000756900000, 0x0000000756a00000, 0x0000000756a00000|100%| O|  |TAMS 0x0000000756a00000, 0x0000000756900000| Updating 
|1310|0x0000000756a00000, 0x0000000756b00000, 0x0000000756b00000|100%| O|  |TAMS 0x0000000756b00000, 0x0000000756a00000| Updating 
|1311|0x0000000756b00000, 0x0000000756c00000, 0x0000000756c00000|100%| O|  |TAMS 0x0000000756c00000, 0x0000000756b00000| Updating 
|1312|0x0000000756c00000, 0x0000000756cfffe8, 0x0000000756d00000| 99%| O|  |TAMS 0x0000000756cfffe8, 0x0000000756c00000| Updating 
|1313|0x0000000756d00000, 0x0000000756e00000, 0x0000000756e00000|100%| O|  |TAMS 0x0000000756e00000, 0x0000000756d00000| Updating 
|1314|0x0000000756e00000, 0x0000000756effff8, 0x0000000756f00000| 99%| O|  |TAMS 0x0000000756effff8, 0x0000000756e00000| Updating 
|1315|0x0000000756f00000, 0x0000000756f00000, 0x0000000757000000|  0%| F|  |TAMS 0x0000000756f00000, 0x0000000756f00000| Untracked 
|1316|0x0000000757000000, 0x0000000757100000, 0x0000000757100000|100%| O|  |TAMS 0x0000000757100000, 0x0000000757000000| Updating 
|1317|0x0000000757100000, 0x00000007571ffff8, 0x0000000757200000| 99%| O|  |TAMS 0x00000007571ffff8, 0x0000000757100000| Updating 
|1318|0x0000000757200000, 0x00000007572ffff0, 0x0000000757300000| 99%| O|  |TAMS 0x00000007572ffff0, 0x0000000757200000| Updating 
|1319|0x0000000757300000, 0x0000000757400000, 0x0000000757400000|100%| O|  |TAMS 0x0000000757400000, 0x0000000757300000| Updating 
|1320|0x0000000757400000, 0x00000007574ffff0, 0x0000000757500000| 99%| O|  |TAMS 0x00000007574ffff0, 0x0000000757400000| Updating 
|1321|0x0000000757500000, 0x00000007575fffc8, 0x0000000757600000| 99%| O|  |TAMS 0x00000007575fffc8, 0x0000000757500000| Updating 
|1322|0x0000000757600000, 0x00000007576fffd8, 0x0000000757700000| 99%| O|  |TAMS 0x00000007576fffd8, 0x0000000757600000| Updating 
|1323|0x0000000757700000, 0x0000000757800000, 0x0000000757800000|100%| O|  |TAMS 0x0000000757800000, 0x0000000757700000| Updating 
|1324|0x0000000757800000, 0x00000007578ffff0, 0x0000000757900000| 99%| O|  |TAMS 0x00000007578ffff0, 0x0000000757800000| Updating 
|1325|0x0000000757900000, 0x0000000757a00000, 0x0000000757a00000|100%| O|  |TAMS 0x0000000757a00000, 0x0000000757900000| Updating 
|1326|0x0000000757a00000, 0x0000000757affff0, 0x0000000757b00000| 99%| O|  |TAMS 0x0000000757affff0, 0x0000000757a00000| Updating 
|1327|0x0000000757b00000, 0x0000000757b00000, 0x0000000757c00000|  0%| F|  |TAMS 0x0000000757b00000, 0x0000000757b00000| Untracked 
|1328|0x0000000757c00000, 0x0000000757cfffd8, 0x0000000757d00000| 99%| O|  |TAMS 0x0000000757cfffd8, 0x0000000757c00000| Updating 
|1329|0x0000000757d00000, 0x0000000757e00000, 0x0000000757e00000|100%| O|  |TAMS 0x0000000757e00000, 0x0000000757d00000| Updating 
|1330|0x0000000757e00000, 0x0000000757f00000, 0x0000000757f00000|100%| O|  |TAMS 0x0000000757f00000, 0x0000000757e00000| Updating 
|1331|0x0000000757f00000, 0x0000000757ffffa8, 0x0000000758000000| 99%| O|  |TAMS 0x0000000757ffffa8, 0x0000000757f00000| Updating 
|1332|0x0000000758000000, 0x00000007580ffff0, 0x0000000758100000| 99%| O|  |TAMS 0x00000007580ffff0, 0x0000000758000000| Updating 
|1333|0x0000000758100000, 0x00000007581fffe8, 0x0000000758200000| 99%| O|  |TAMS 0x00000007581fffe8, 0x0000000758100000| Updating 
|1334|0x0000000758200000, 0x00000007582ffff8, 0x0000000758300000| 99%| O|  |TAMS 0x00000007582ffff8, 0x0000000758200000| Updating 
|1335|0x0000000758300000, 0x00000007583ffff0, 0x0000000758400000| 99%| O|  |TAMS 0x00000007583ffff0, 0x0000000758300000| Updating 
|1336|0x0000000758400000, 0x00000007584fffe0, 0x0000000758500000| 99%| O|  |TAMS 0x00000007584fffe0, 0x0000000758400000| Updating 
|1337|0x0000000758500000, 0x00000007585ffff8, 0x0000000758600000| 99%| O|  |TAMS 0x00000007585ffff8, 0x0000000758500000| Updating 
|1338|0x0000000758600000, 0x0000000758700000, 0x0000000758700000|100%| O|  |TAMS 0x0000000758700000, 0x0000000758600000| Updating 
|1339|0x0000000758700000, 0x00000007587ffff8, 0x0000000758800000| 99%| O|  |TAMS 0x00000007587ffff8, 0x0000000758700000| Updating 
|1340|0x0000000758800000, 0x00000007588ffff8, 0x0000000758900000| 99%| O|  |TAMS 0x00000007588ffff8, 0x0000000758800000| Updating 
|1341|0x0000000758900000, 0x00000007589ffff0, 0x0000000758a00000| 99%| O|  |TAMS 0x00000007589ffff0, 0x0000000758900000| Updating 
|1342|0x0000000758a00000, 0x0000000758affff8, 0x0000000758b00000| 99%| O|  |TAMS 0x0000000758affff8, 0x0000000758a00000| Updating 
|1343|0x0000000758b00000, 0x0000000758bfffe0, 0x0000000758c00000| 99%| O|  |TAMS 0x0000000758bfffe0, 0x0000000758b00000| Updating 
|1344|0x0000000758c00000, 0x0000000758cffff0, 0x0000000758d00000| 99%| O|  |TAMS 0x0000000758cffff0, 0x0000000758c00000| Updating 
|1345|0x0000000758d00000, 0x0000000758dfffb8, 0x0000000758e00000| 99%| O|  |TAMS 0x0000000758dfffb8, 0x0000000758d00000| Updating 
|1346|0x0000000758e00000, 0x0000000758f00000, 0x0000000758f00000|100%| O|  |TAMS 0x0000000758f00000, 0x0000000758e00000| Updating 
|1347|0x0000000758f00000, 0x0000000758ffffe8, 0x0000000759000000| 99%| O|  |TAMS 0x0000000758ffffe8, 0x0000000758f00000| Updating 
|1348|0x0000000759000000, 0x0000000759100000, 0x0000000759100000|100%| O|  |TAMS 0x0000000759100000, 0x0000000759000000| Updating 
|1349|0x0000000759100000, 0x00000007591ffff0, 0x0000000759200000| 99%| O|  |TAMS 0x00000007591ffff0, 0x0000000759100000| Updating 
|1350|0x0000000759200000, 0x00000007592ffff0, 0x0000000759300000| 99%| O|  |TAMS 0x00000007592ffff0, 0x0000000759200000| Updating 
|1351|0x0000000759300000, 0x00000007593fffe8, 0x0000000759400000| 99%| O|  |TAMS 0x00000007593fffe8, 0x0000000759300000| Updating 
|1352|0x0000000759400000, 0x0000000759500000, 0x0000000759500000|100%| O|  |TAMS 0x0000000759500000, 0x0000000759400000| Updating 
|1353|0x0000000759500000, 0x0000000759600000, 0x0000000759600000|100%| O|  |TAMS 0x0000000759600000, 0x0000000759500000| Updating 
|1354|0x0000000759600000, 0x00000007596fffe8, 0x0000000759700000| 99%| O|  |TAMS 0x00000007596fffe8, 0x0000000759600000| Updating 
|1355|0x0000000759700000, 0x00000007597fffc0, 0x0000000759800000| 99%| O|  |TAMS 0x00000007597fffc0, 0x0000000759700000| Updating 
|1356|0x0000000759800000, 0x0000000759900000, 0x0000000759900000|100%| O|  |TAMS 0x0000000759900000, 0x0000000759800000| Updating 
|1357|0x0000000759900000, 0x00000007599ffff0, 0x0000000759a00000| 99%| O|  |TAMS 0x00000007599ffff0, 0x0000000759900000| Updating 
|1358|0x0000000759a00000, 0x0000000759b00000, 0x0000000759b00000|100%| O|  |TAMS 0x0000000759b00000, 0x0000000759a00000| Updating 
|1359|0x0000000759b00000, 0x0000000759bffff0, 0x0000000759c00000| 99%| O|  |TAMS 0x0000000759bffff0, 0x0000000759b00000| Updating 
|1360|0x0000000759c00000, 0x0000000759c00000, 0x0000000759d00000|  0%| F|  |TAMS 0x0000000759c00000, 0x0000000759c00000| Untracked 
|1361|0x0000000759d00000, 0x0000000759dfffe8, 0x0000000759e00000| 99%| O|  |TAMS 0x0000000759dfffe8, 0x0000000759d00000| Updating 
|1362|0x0000000759e00000, 0x0000000759f00000, 0x0000000759f00000|100%| O|  |TAMS 0x0000000759f00000, 0x0000000759e00000| Updating 
|1363|0x0000000759f00000, 0x000000075a000000, 0x000000075a000000|100%| O|  |TAMS 0x000000075a000000, 0x0000000759f00000| Updating 
|1364|0x000000075a000000, 0x000000075a100000, 0x000000075a100000|100%| O|  |TAMS 0x000000075a100000, 0x000000075a000000| Updating 
|1365|0x000000075a100000, 0x000000075a200000, 0x000000075a200000|100%| O|  |TAMS 0x000000075a200000, 0x000000075a100000| Updating 
|1366|0x000000075a200000, 0x000000075a2ffff0, 0x000000075a300000| 99%| O|  |TAMS 0x000000075a2ffff0, 0x000000075a200000| Updating 
|1367|0x000000075a300000, 0x000000075a3ffff8, 0x000000075a400000| 99%| O|  |TAMS 0x000000075a3ffff8, 0x000000075a300000| Updating 
|1368|0x000000075a400000, 0x000000075a400000, 0x000000075a500000|  0%| F|  |TAMS 0x000000075a400000, 0x000000075a400000| Untracked 
|1369|0x000000075a500000, 0x000000075a5fffe8, 0x000000075a600000| 99%| O|  |TAMS 0x000000075a5fffe8, 0x000000075a500000| Updating 
|1370|0x000000075a600000, 0x000000075a600000, 0x000000075a700000|  0%| F|  |TAMS 0x000000075a600000, 0x000000075a600000| Untracked 
|1371|0x000000075a700000, 0x000000075a7ffff8, 0x000000075a800000| 99%| O|  |TAMS 0x000000075a7ffff8, 0x000000075a700000| Updating 
|1372|0x000000075a800000, 0x000000075a8ffff0, 0x000000075a900000| 99%| O|  |TAMS 0x000000075a8ffff0, 0x000000075a800000| Updating 
|1373|0x000000075a900000, 0x000000075a9fffe0, 0x000000075aa00000| 99%| O|  |TAMS 0x000000075a9fffe0, 0x000000075a900000| Updating 
|1374|0x000000075aa00000, 0x000000075aaffff0, 0x000000075ab00000| 99%| O|  |TAMS 0x000000075aaffff0, 0x000000075aa00000| Updating 
|1375|0x000000075ab00000, 0x000000075abfffe8, 0x000000075ac00000| 99%| O|  |TAMS 0x000000075abfffe8, 0x000000075ab00000| Updating 
|1376|0x000000075ac00000, 0x000000075acffff0, 0x000000075ad00000| 99%| O|  |TAMS 0x000000075acffff0, 0x000000075ac00000| Updating 
|1377|0x000000075ad00000, 0x000000075adffff0, 0x000000075ae00000| 99%| O|  |TAMS 0x000000075adffff0, 0x000000075ad00000| Updating 
|1378|0x000000075ae00000, 0x000000075af00000, 0x000000075af00000|100%| O|  |TAMS 0x000000075af00000, 0x000000075ae00000| Updating 
|1379|0x000000075af00000, 0x000000075afffff0, 0x000000075b000000| 99%| O|  |TAMS 0x000000075afffff0, 0x000000075af00000| Updating 
|1380|0x000000075b000000, 0x000000075b0ffff8, 0x000000075b100000| 99%| O|  |TAMS 0x000000075b0ffff8, 0x000000075b000000| Updating 
|1381|0x000000075b100000, 0x000000075b1fffd8, 0x000000075b200000| 99%| O|  |TAMS 0x000000075b1fffd8, 0x000000075b100000| Updating 
|1382|0x000000075b200000, 0x000000075b2fffe8, 0x000000075b300000| 99%| O|  |TAMS 0x000000075b2fffe8, 0x000000075b200000| Updating 
|1383|0x000000075b300000, 0x000000075b3ffff0, 0x000000075b400000| 99%| O|  |TAMS 0x000000075b3ffff0, 0x000000075b300000| Updating 
|1384|0x000000075b400000, 0x000000075b500000, 0x000000075b500000|100%| O|  |TAMS 0x000000075b500000, 0x000000075b400000| Updating 
|1385|0x000000075b500000, 0x000000075b600000, 0x000000075b600000|100%| O|  |TAMS 0x000000075b600000, 0x000000075b500000| Updating 
|1386|0x000000075b600000, 0x000000075b6ffff0, 0x000000075b700000| 99%| O|  |TAMS 0x000000075b6ffff0, 0x000000075b600000| Updating 
|1387|0x000000075b700000, 0x000000075b800000, 0x000000075b800000|100%| O|  |TAMS 0x000000075b800000, 0x000000075b700000| Updating 
|1388|0x000000075b800000, 0x000000075b8ffff8, 0x000000075b900000| 99%| O|  |TAMS 0x000000075b8ffff8, 0x000000075b800000| Updating 
|1389|0x000000075b900000, 0x000000075b900000, 0x000000075ba00000|  0%| F|  |TAMS 0x000000075b900000, 0x000000075b900000| Untracked 
|1390|0x000000075ba00000, 0x000000075bafffc8, 0x000000075bb00000| 99%| O|  |TAMS 0x000000075bafffc8, 0x000000075ba00000| Updating 
|1391|0x000000075bb00000, 0x000000075bbffff0, 0x000000075bc00000| 99%| O|  |TAMS 0x000000075bbffff0, 0x000000075bb00000| Updating 
|1392|0x000000075bc00000, 0x000000075bcffff0, 0x000000075bd00000| 99%| O|  |TAMS 0x000000075bcffff0, 0x000000075bc00000| Updating 
|1393|0x000000075bd00000, 0x000000075be00000, 0x000000075be00000|100%| O|  |TAMS 0x000000075be00000, 0x000000075bd00000| Updating 
|1394|0x000000075be00000, 0x000000075bf00000, 0x000000075bf00000|100%| O|  |TAMS 0x000000075bf00000, 0x000000075be00000| Updating 
|1395|0x000000075bf00000, 0x000000075bfffff8, 0x000000075c000000| 99%| O|  |TAMS 0x000000075bfffff8, 0x000000075bf00000| Updating 
|1396|0x000000075c000000, 0x000000075c0fffe0, 0x000000075c100000| 99%| O|  |TAMS 0x000000075c0fffe0, 0x000000075c000000| Updating 
|1397|0x000000075c100000, 0x000000075c1ffff0, 0x000000075c200000| 99%| O|  |TAMS 0x000000075c1ffff0, 0x000000075c100000| Updating 
|1398|0x000000075c200000, 0x000000075c2fffe8, 0x000000075c300000| 99%| O|  |TAMS 0x000000075c2fffe8, 0x000000075c200000| Updating 
|1399|0x000000075c300000, 0x000000075c3fffe0, 0x000000075c400000| 99%| O|  |TAMS 0x000000075c3fffe0, 0x000000075c300000| Updating 
|1400|0x000000075c400000, 0x000000075c500000, 0x000000075c500000|100%| O|  |TAMS 0x000000075c500000, 0x000000075c400000| Updating 
|1401|0x000000075c500000, 0x000000075c5fffe8, 0x000000075c600000| 99%| O|  |TAMS 0x000000075c5fffe8, 0x000000075c500000| Updating 
|1402|0x000000075c600000, 0x000000075c6fffe8, 0x000000075c700000| 99%| O|  |TAMS 0x000000075c6fffe8, 0x000000075c600000| Updating 
|1403|0x000000075c700000, 0x000000075c800000, 0x000000075c800000|100%| O|  |TAMS 0x000000075c800000, 0x000000075c700000| Updating 
|1404|0x000000075c800000, 0x000000075c8fffd0, 0x000000075c900000| 99%| O|  |TAMS 0x000000075c8fffd0, 0x000000075c800000| Updating 
|1405|0x000000075c900000, 0x000000075c9ffff8, 0x000000075ca00000| 99%| O|  |TAMS 0x000000075c9ffff8, 0x000000075c900000| Updating 
|1406|0x000000075ca00000, 0x000000075caffff8, 0x000000075cb00000| 99%| O|  |TAMS 0x000000075caffff8, 0x000000075ca00000| Updating 
|1407|0x000000075cb00000, 0x000000075cc00000, 0x000000075cc00000|100%| O|  |TAMS 0x000000075cc00000, 0x000000075cb00000| Updating 
|1408|0x000000075cc00000, 0x000000075cd00000, 0x000000075cd00000|100%| O|  |TAMS 0x000000075cd00000, 0x000000075cc00000| Updating 
|1409|0x000000075cd00000, 0x000000075cdffff8, 0x000000075ce00000| 99%| O|  |TAMS 0x000000075cdffff8, 0x000000075cd00000| Updating 
|1410|0x000000075ce00000, 0x000000075ceffff8, 0x000000075cf00000| 99%| O|  |TAMS 0x000000075ceffff8, 0x000000075ce00000| Updating 
|1411|0x000000075cf00000, 0x000000075d000000, 0x000000075d000000|100%| O|  |TAMS 0x000000075d000000, 0x000000075cf00000| Updating 
|1412|0x000000075d000000, 0x000000075d0ffff8, 0x000000075d100000| 99%| O|  |TAMS 0x000000075d0ffff8, 0x000000075d000000| Updating 
|1413|0x000000075d100000, 0x000000075d200000, 0x000000075d200000|100%| O|  |TAMS 0x000000075d200000, 0x000000075d100000| Updating 
|1414|0x000000075d200000, 0x000000075d2fffd0, 0x000000075d300000| 99%| O|  |TAMS 0x000000075d2fffd0, 0x000000075d200000| Updating 
|1415|0x000000075d300000, 0x000000075d400000, 0x000000075d400000|100%| O|  |TAMS 0x000000075d400000, 0x000000075d300000| Updating 
|1416|0x000000075d400000, 0x000000075d500000, 0x000000075d500000|100%| O|  |TAMS 0x000000075d500000, 0x000000075d400000| Updating 
|1417|0x000000075d500000, 0x000000075d600000, 0x000000075d600000|100%| O|  |TAMS 0x000000075d600000, 0x000000075d500000| Updating 
|1418|0x000000075d600000, 0x000000075d6ffff0, 0x000000075d700000| 99%| O|  |TAMS 0x000000075d6ffff0, 0x000000075d600000| Updating 
|1419|0x000000075d700000, 0x000000075d7ffff8, 0x000000075d800000| 99%| O|  |TAMS 0x000000075d7ffff8, 0x000000075d700000| Updating 
|1420|0x000000075d800000, 0x000000075d900000, 0x000000075d900000|100%| O|  |TAMS 0x000000075d900000, 0x000000075d800000| Updating 
|1421|0x000000075d900000, 0x000000075d9fffe8, 0x000000075da00000| 99%| O|  |TAMS 0x000000075d9fffe8, 0x000000075d900000| Updating 
|1422|0x000000075da00000, 0x000000075dafecd8, 0x000000075db00000| 99%| O|  |TAMS 0x000000075dafecd8, 0x000000075da00000| Updating 
|1423|0x000000075db00000, 0x000000075dc00000, 0x000000075dc00000|100%| O|  |TAMS 0x000000075dc00000, 0x000000075db00000| Updating 
|1424|0x000000075dc00000, 0x000000075dcffff0, 0x000000075dd00000| 99%| O|  |TAMS 0x000000075dcffff0, 0x000000075dc00000| Updating 
|1425|0x000000075dd00000, 0x000000075ddffff8, 0x000000075de00000| 99%| O|  |TAMS 0x000000075ddffff8, 0x000000075dd00000| Updating 
|1426|0x000000075de00000, 0x000000075defffe8, 0x000000075df00000| 99%| O|  |TAMS 0x000000075defffe8, 0x000000075de00000| Updating 
|1427|0x000000075df00000, 0x000000075df00000, 0x000000075e000000|  0%| F|  |TAMS 0x000000075df00000, 0x000000075df00000| Untracked 
|1428|0x000000075e000000, 0x000000075e0ffff0, 0x000000075e100000| 99%| O|  |TAMS 0x000000075e0ffff0, 0x000000075e000000| Updating 
|1429|0x000000075e100000, 0x000000075e1fffe8, 0x000000075e200000| 99%| O|  |TAMS 0x000000075e1fffe8, 0x000000075e100000| Updating 
|1430|0x000000075e200000, 0x000000075e2fff60, 0x000000075e300000| 99%| O|  |TAMS 0x000000075e2fff60, 0x000000075e200000| Updating 
|1431|0x000000075e300000, 0x000000075e3ffff8, 0x000000075e400000| 99%| O|  |TAMS 0x000000075e3ffff8, 0x000000075e300000| Updating 
|1432|0x000000075e400000, 0x000000075e4ffff8, 0x000000075e500000| 99%| O|  |TAMS 0x000000075e4ffff8, 0x000000075e400000| Updating 
|1433|0x000000075e500000, 0x000000075e500000, 0x000000075e600000|  0%| F|  |TAMS 0x000000075e500000, 0x000000075e500000| Untracked 
|1434|0x000000075e600000, 0x000000075e700000, 0x000000075e700000|100%| O|  |TAMS 0x000000075e700000, 0x000000075e600000| Updating 
|1435|0x000000075e700000, 0x000000075e7fffe8, 0x000000075e800000| 99%| O|  |TAMS 0x000000075e7fffe8, 0x000000075e700000| Updating 
|1436|0x000000075e800000, 0x000000075e900000, 0x000000075e900000|100%| O|  |TAMS 0x000000075e900000, 0x000000075e800000| Updating 
|1437|0x000000075e900000, 0x000000075e9ffff8, 0x000000075ea00000| 99%| O|  |TAMS 0x000000075e9ffff8, 0x000000075e900000| Updating 
|1438|0x000000075ea00000, 0x000000075eafffe8, 0x000000075eb00000| 99%| O|  |TAMS 0x000000075eafffe8, 0x000000075ea00000| Updating 
|1439|0x000000075eb00000, 0x000000075ebfffe0, 0x000000075ec00000| 99%| O|  |TAMS 0x000000075ebfffe0, 0x000000075eb00000| Updating 
|1440|0x000000075ec00000, 0x000000075ecff938, 0x000000075ed00000| 99%| O|  |TAMS 0x000000075ecff938, 0x000000075ec00000| Updating 
|1441|0x000000075ed00000, 0x000000075edffff0, 0x000000075ee00000| 99%| O|  |TAMS 0x000000075edffff0, 0x000000075ed00000| Updating 
|1442|0x000000075ee00000, 0x000000075ef00000, 0x000000075ef00000|100%| O|  |TAMS 0x000000075ef00000, 0x000000075ee00000| Updating 
|1443|0x000000075ef00000, 0x000000075efffff8, 0x000000075f000000| 99%| O|  |TAMS 0x000000075efffff8, 0x000000075ef00000| Updating 
|1444|0x000000075f000000, 0x000000075f100000, 0x000000075f100000|100%| O|  |TAMS 0x000000075f100000, 0x000000075f000000| Updating 
|1445|0x000000075f100000, 0x000000075f1fffe8, 0x000000075f200000| 99%| O|  |TAMS 0x000000075f1fffe8, 0x000000075f100000| Updating 
|1446|0x000000075f200000, 0x000000075f300000, 0x000000075f300000|100%| O|  |TAMS 0x000000075f300000, 0x000000075f200000| Updating 
|1447|0x000000075f300000, 0x000000075f3ffff8, 0x000000075f400000| 99%| O|  |TAMS 0x000000075f3ffff8, 0x000000075f300000| Updating 
|1448|0x000000075f400000, 0x000000075f4ffea0, 0x000000075f500000| 99%| O|  |TAMS 0x000000075f4ffea0, 0x000000075f400000| Updating 
|1449|0x000000075f500000, 0x000000075f5fffe8, 0x000000075f600000| 99%| O|  |TAMS 0x000000075f5fffe8, 0x000000075f500000| Updating 
|1450|0x000000075f600000, 0x000000075f6ffd00, 0x000000075f700000| 99%| O|  |TAMS 0x000000075f6ffd00, 0x000000075f600000| Updating 
|1451|0x000000075f700000, 0x000000075f7ffff0, 0x000000075f800000| 99%| O|  |TAMS 0x000000075f7ffff0, 0x000000075f700000| Updating 
|1452|0x000000075f800000, 0x000000075f8ffff8, 0x000000075f900000| 99%| O|  |TAMS 0x000000075f8ffff8, 0x000000075f800000| Updating 
|1453|0x000000075f900000, 0x000000075f900000, 0x000000075fa00000|  0%| F|  |TAMS 0x000000075f900000, 0x000000075f900000| Untracked 
|1454|0x000000075fa00000, 0x000000075fb00000, 0x000000075fb00000|100%| O|  |TAMS 0x000000075fb00000, 0x000000075fa00000| Updating 
|1455|0x000000075fb00000, 0x000000075fb00000, 0x000000075fc00000|  0%| F|  |TAMS 0x000000075fb00000, 0x000000075fb00000| Untracked 
|1456|0x000000075fc00000, 0x000000075fcfffe8, 0x000000075fd00000| 99%| O|  |TAMS 0x000000075fcfffe8, 0x000000075fc00000| Updating 
|1457|0x000000075fd00000, 0x000000075fdffff8, 0x000000075fe00000| 99%| O|  |TAMS 0x000000075fdffff8, 0x000000075fd00000| Updating 
|1458|0x000000075fe00000, 0x000000075feffff0, 0x000000075ff00000| 99%| O|  |TAMS 0x000000075feffff0, 0x000000075fe00000| Updating 
|1459|0x000000075ff00000, 0x000000075fffffe8, 0x0000000760000000| 99%| O|  |TAMS 0x000000075fffffe8, 0x000000075ff00000| Updating 
|1460|0x0000000760000000, 0x0000000760100000, 0x0000000760100000|100%| O|  |TAMS 0x0000000760100000, 0x0000000760000000| Updating 
|1461|0x0000000760100000, 0x00000007601ffff0, 0x0000000760200000| 99%| O|  |TAMS 0x00000007601ffff0, 0x0000000760100000| Updating 
|1462|0x0000000760200000, 0x00000007602ffff0, 0x0000000760300000| 99%| O|  |TAMS 0x00000007602ffff0, 0x0000000760200000| Updating 
|1463|0x0000000760300000, 0x0000000760400000, 0x0000000760400000|100%| O|  |TAMS 0x0000000760400000, 0x0000000760300000| Updating 
|1464|0x0000000760400000, 0x0000000760500000, 0x0000000760500000|100%| O|  |TAMS 0x0000000760500000, 0x0000000760400000| Updating 
|1465|0x0000000760500000, 0x00000007605ffff8, 0x0000000760600000| 99%| O|  |TAMS 0x00000007605ffff8, 0x0000000760500000| Updating 
|1466|0x0000000760600000, 0x00000007606ffff0, 0x0000000760700000| 99%| O|  |TAMS 0x00000007606ffff0, 0x0000000760600000| Updating 
|1467|0x0000000760700000, 0x00000007607ffff0, 0x0000000760800000| 99%| O|  |TAMS 0x00000007607ffff0, 0x0000000760700000| Updating 
|1468|0x0000000760800000, 0x0000000760900000, 0x0000000760900000|100%| O|  |TAMS 0x0000000760900000, 0x0000000760800000| Updating 
|1469|0x0000000760900000, 0x00000007609ffff8, 0x0000000760a00000| 99%| O|  |TAMS 0x00000007609ffff8, 0x0000000760900000| Updating 
|1470|0x0000000760a00000, 0x0000000760affff8, 0x0000000760b00000| 99%| O|  |TAMS 0x0000000760affff8, 0x0000000760a00000| Updating 
|1471|0x0000000760b00000, 0x0000000760bffff8, 0x0000000760c00000| 99%| O|  |TAMS 0x0000000760bffff8, 0x0000000760b00000| Updating 
|1472|0x0000000760c00000, 0x0000000760cffff8, 0x0000000760d00000| 99%| O|  |TAMS 0x0000000760cffff8, 0x0000000760c00000| Updating 
|1473|0x0000000760d00000, 0x0000000760dffff0, 0x0000000760e00000| 99%| O|  |TAMS 0x0000000760dffff0, 0x0000000760d00000| Updating 
|1474|0x0000000760e00000, 0x0000000760f00000, 0x0000000760f00000|100%| O|  |TAMS 0x0000000760f00000, 0x0000000760e00000| Updating 
|1475|0x0000000760f00000, 0x0000000760fffff0, 0x0000000761000000| 99%| O|  |TAMS 0x0000000760fffff0, 0x0000000760f00000| Updating 
|1476|0x0000000761000000, 0x0000000761100000, 0x0000000761100000|100%| O|  |TAMS 0x0000000761100000, 0x0000000761000000| Updating 
|1477|0x0000000761100000, 0x00000007611ffff8, 0x0000000761200000| 99%| O|  |TAMS 0x00000007611ffff8, 0x0000000761100000| Updating 
|1478|0x0000000761200000, 0x00000007612ffff8, 0x0000000761300000| 99%| O|  |TAMS 0x00000007612ffff8, 0x0000000761200000| Updating 
|1479|0x0000000761300000, 0x00000007613fffe8, 0x0000000761400000| 99%| O|  |TAMS 0x00000007613fffe8, 0x0000000761300000| Updating 
|1480|0x0000000761400000, 0x00000007614ffff0, 0x0000000761500000| 99%| O|  |TAMS 0x00000007614ffff0, 0x0000000761400000| Updating 
|1481|0x0000000761500000, 0x0000000761600000, 0x0000000761600000|100%| O|  |TAMS 0x0000000761600000, 0x0000000761500000| Updating 
|1482|0x0000000761600000, 0x00000007616ffff8, 0x0000000761700000| 99%| O|  |TAMS 0x00000007616ffff8, 0x0000000761600000| Updating 
|1483|0x0000000761700000, 0x0000000761800000, 0x0000000761800000|100%| O|  |TAMS 0x0000000761800000, 0x0000000761700000| Updating 
|1484|0x0000000761800000, 0x00000007618fffe8, 0x0000000761900000| 99%| O|  |TAMS 0x00000007618fffe8, 0x0000000761800000| Updating 
|1485|0x0000000761900000, 0x00000007619ffff8, 0x0000000761a00000| 99%| O|  |TAMS 0x00000007619ffff8, 0x0000000761900000| Updating 
|1486|0x0000000761a00000, 0x0000000761b00000, 0x0000000761b00000|100%| O|  |TAMS 0x0000000761b00000, 0x0000000761a00000| Updating 
|1487|0x0000000761b00000, 0x0000000761bffff8, 0x0000000761c00000| 99%| O|  |TAMS 0x0000000761bffff8, 0x0000000761b00000| Updating 
|1488|0x0000000761c00000, 0x0000000761d00000, 0x0000000761d00000|100%| O|  |TAMS 0x0000000761d00000, 0x0000000761c00000| Updating 
|1489|0x0000000761d00000, 0x0000000761dffff0, 0x0000000761e00000| 99%| O|  |TAMS 0x0000000761dffff0, 0x0000000761d00000| Updating 
|1490|0x0000000761e00000, 0x0000000761e00000, 0x0000000761f00000|  0%| F|  |TAMS 0x0000000761e00000, 0x0000000761e00000| Untracked 
|1491|0x0000000761f00000, 0x0000000761ffffe8, 0x0000000762000000| 99%| O|  |TAMS 0x0000000761ffffe8, 0x0000000761f00000| Updating 
|1492|0x0000000762000000, 0x0000000762100000, 0x0000000762100000|100%| O|  |TAMS 0x0000000762100000, 0x0000000762000000| Updating 
|1493|0x0000000762100000, 0x0000000762200000, 0x0000000762200000|100%| O|  |TAMS 0x0000000762200000, 0x0000000762100000| Updating 
|1494|0x0000000762200000, 0x00000007622ffff8, 0x0000000762300000| 99%| O|  |TAMS 0x00000007622ffff8, 0x0000000762200000| Updating 
|1495|0x0000000762300000, 0x00000007623fffe8, 0x0000000762400000| 99%| O|  |TAMS 0x00000007623fffe8, 0x0000000762300000| Updating 
|1496|0x0000000762400000, 0x0000000762500000, 0x0000000762500000|100%| O|  |TAMS 0x0000000762500000, 0x0000000762400000| Updating 
|1497|0x0000000762500000, 0x00000007625ffff0, 0x0000000762600000| 99%| O|  |TAMS 0x00000007625ffff0, 0x0000000762500000| Updating 
|1498|0x0000000762600000, 0x00000007626ffff0, 0x0000000762700000| 99%| O|  |TAMS 0x00000007626ffff0, 0x0000000762600000| Updating 
|1499|0x0000000762700000, 0x00000007627ffff8, 0x0000000762800000| 99%| O|  |TAMS 0x00000007627ffff8, 0x0000000762700000| Updating 
|1500|0x0000000762800000, 0x0000000762900000, 0x0000000762900000|100%| O|  |TAMS 0x0000000762900000, 0x0000000762800000| Updating 
|1501|0x0000000762900000, 0x00000007629ffff0, 0x0000000762a00000| 99%| O|  |TAMS 0x00000007629ffff0, 0x0000000762900000| Updating 
|1502|0x0000000762a00000, 0x0000000762affff8, 0x0000000762b00000| 99%| O|  |TAMS 0x0000000762affff8, 0x0000000762a00000| Updating 
|1503|0x0000000762b00000, 0x0000000762bffff0, 0x0000000762c00000| 99%| O|  |TAMS 0x0000000762bffff0, 0x0000000762b00000| Updating 
|1504|0x0000000762c00000, 0x0000000762cffff8, 0x0000000762d00000| 99%| O|  |TAMS 0x0000000762cffff8, 0x0000000762c00000| Updating 
|1505|0x0000000762d00000, 0x0000000762dfffc0, 0x0000000762e00000| 99%| O|  |TAMS 0x0000000762dfffc0, 0x0000000762d00000| Updating 
|1506|0x0000000762e00000, 0x0000000762effff8, 0x0000000762f00000| 99%| O|  |TAMS 0x0000000762effff8, 0x0000000762e00000| Updating 
|1507|0x0000000762f00000, 0x0000000762fffff0, 0x0000000763000000| 99%| O|  |TAMS 0x0000000762fffff0, 0x0000000762f00000| Updating 
|1508|0x0000000763000000, 0x00000007630ffff8, 0x0000000763100000| 99%| O|  |TAMS 0x00000007630ffff8, 0x0000000763000000| Updating 
|1509|0x0000000763100000, 0x00000007631ffff8, 0x0000000763200000| 99%| O|  |TAMS 0x00000007631ffff8, 0x0000000763100000| Updating 
|1510|0x0000000763200000, 0x00000007632ffff8, 0x0000000763300000| 99%| O|  |TAMS 0x00000007632ffff8, 0x0000000763200000| Updating 
|1511|0x0000000763300000, 0x00000007633ffff8, 0x0000000763400000| 99%| O|  |TAMS 0x00000007633ffff8, 0x0000000763300000| Updating 
|1512|0x0000000763400000, 0x0000000763500000, 0x0000000763500000|100%| O|  |TAMS 0x0000000763500000, 0x0000000763400000| Updating 
|1513|0x0000000763500000, 0x0000000763600000, 0x0000000763600000|100%| O|  |TAMS 0x0000000763600000, 0x0000000763500000| Updating 
|1514|0x0000000763600000, 0x00000007636ffff8, 0x0000000763700000| 99%| O|  |TAMS 0x00000007636ffff8, 0x0000000763600000| Updating 
|1515|0x0000000763700000, 0x00000007637fffe0, 0x0000000763800000| 99%| O|  |TAMS 0x00000007637fffe0, 0x0000000763700000| Updating 
|1516|0x0000000763800000, 0x00000007638ffff0, 0x0000000763900000| 99%| O|  |TAMS 0x00000007638ffff0, 0x0000000763800000| Updating 
|1517|0x0000000763900000, 0x00000007639fffe8, 0x0000000763a00000| 99%| O|  |TAMS 0x00000007639fffe8, 0x0000000763900000| Updating 
|1518|0x0000000763a00000, 0x0000000763afffe0, 0x0000000763b00000| 99%| O|  |TAMS 0x0000000763afffe0, 0x0000000763a00000| Updating 
|1519|0x0000000763b00000, 0x0000000763b00000, 0x0000000763c00000|  0%| F|  |TAMS 0x0000000763b00000, 0x0000000763b00000| Untracked 
|1520|0x0000000763c00000, 0x0000000763cffff8, 0x0000000763d00000| 99%| O|  |TAMS 0x0000000763cffff8, 0x0000000763c00000| Updating 
|1521|0x0000000763d00000, 0x0000000763dffff8, 0x0000000763e00000| 99%| O|  |TAMS 0x0000000763dffff8, 0x0000000763d00000| Updating 
|1522|0x0000000763e00000, 0x0000000763effff8, 0x0000000763f00000| 99%| O|  |TAMS 0x0000000763effff8, 0x0000000763e00000| Updating 
|1523|0x0000000763f00000, 0x0000000763ffffe8, 0x0000000764000000| 99%| O|  |TAMS 0x0000000763ffffe8, 0x0000000763f00000| Updating 
|1524|0x0000000764000000, 0x00000007640ffff8, 0x0000000764100000| 99%| O|  |TAMS 0x00000007640ffff8, 0x0000000764000000| Updating 
|1525|0x0000000764100000, 0x0000000764200000, 0x0000000764200000|100%| O|  |TAMS 0x0000000764200000, 0x0000000764100000| Updating 
|1526|0x0000000764200000, 0x00000007642fffe8, 0x0000000764300000| 99%| O|  |TAMS 0x00000007642fffe8, 0x0000000764200000| Updating 
|1527|0x0000000764300000, 0x00000007643ffff0, 0x0000000764400000| 99%| O|  |TAMS 0x00000007643ffff0, 0x0000000764300000| Updating 
|1528|0x0000000764400000, 0x00000007644ffff0, 0x0000000764500000| 99%| O|  |TAMS 0x00000007644ffff0, 0x0000000764400000| Updating 
|1529|0x0000000764500000, 0x0000000764600000, 0x0000000764600000|100%| O|  |TAMS 0x0000000764600000, 0x0000000764500000| Updating 
|1530|0x0000000764600000, 0x00000007646fffe0, 0x0000000764700000| 99%| O|  |TAMS 0x00000007646fffe0, 0x0000000764600000| Updating 
|1531|0x0000000764700000, 0x00000007647ffff0, 0x0000000764800000| 99%| O|  |TAMS 0x00000007647ffff0, 0x0000000764700000| Updating 
|1532|0x0000000764800000, 0x0000000764900000, 0x0000000764900000|100%| O|  |TAMS 0x0000000764900000, 0x0000000764800000| Updating 
|1533|0x0000000764900000, 0x00000007649fffd8, 0x0000000764a00000| 99%| O|  |TAMS 0x00000007649fffd8, 0x0000000764900000| Updating 
|1534|0x0000000764a00000, 0x0000000764a00000, 0x0000000764b00000|  0%| F|  |TAMS 0x0000000764a00000, 0x0000000764a00000| Untracked 
|1535|0x0000000764b00000, 0x0000000764bffff8, 0x0000000764c00000| 99%| O|  |TAMS 0x0000000764bffff8, 0x0000000764b00000| Updating 
|1536|0x0000000764c00000, 0x0000000764cffff0, 0x0000000764d00000| 99%| O|  |TAMS 0x0000000764cffff0, 0x0000000764c00000| Updating 
|1537|0x0000000764d00000, 0x0000000764dffff8, 0x0000000764e00000| 99%| O|  |TAMS 0x0000000764dffff8, 0x0000000764d00000| Updating 
|1538|0x0000000764e00000, 0x0000000764efff88, 0x0000000764f00000| 99%| O|  |TAMS 0x0000000764efff88, 0x0000000764e00000| Updating 
|1539|0x0000000764f00000, 0x0000000764ffffe8, 0x0000000765000000| 99%| O|  |TAMS 0x0000000764ffffe8, 0x0000000764f00000| Updating 
|1540|0x0000000765000000, 0x00000007650ffff0, 0x0000000765100000| 99%| O|  |TAMS 0x00000007650ffff0, 0x0000000765000000| Updating 
|1541|0x0000000765100000, 0x00000007651ffff0, 0x0000000765200000| 99%| O|  |TAMS 0x00000007651ffff0, 0x0000000765100000| Updating 
|1542|0x0000000765200000, 0x00000007652ffff0, 0x0000000765300000| 99%| O|  |TAMS 0x00000007652ffff0, 0x0000000765200000| Updating 
|1543|0x0000000765300000, 0x0000000765400000, 0x0000000765400000|100%| O|  |TAMS 0x0000000765400000, 0x0000000765300000| Updating 
|1544|0x0000000765400000, 0x00000007654fffe8, 0x0000000765500000| 99%| O|  |TAMS 0x00000007654fffe8, 0x0000000765400000| Updating 
|1545|0x0000000765500000, 0x00000007655fffe8, 0x0000000765600000| 99%| O|  |TAMS 0x00000007655fffe8, 0x0000000765500000| Updating 
|1546|0x0000000765600000, 0x00000007656fffe8, 0x0000000765700000| 99%| O|  |TAMS 0x00000007656fffe8, 0x0000000765600000| Updating 
|1547|0x0000000765700000, 0x00000007657ffff0, 0x0000000765800000| 99%| O|  |TAMS 0x00000007657ffff0, 0x0000000765700000| Updating 
|1548|0x0000000765800000, 0x0000000765900000, 0x0000000765900000|100%| O|  |TAMS 0x0000000765900000, 0x0000000765800000| Updating 
|1549|0x0000000765900000, 0x00000007659fffe8, 0x0000000765a00000| 99%| O|  |TAMS 0x00000007659fffe8, 0x0000000765900000| Updating 
|1550|0x0000000765a00000, 0x0000000765affff8, 0x0000000765b00000| 99%| O|  |TAMS 0x0000000765affff8, 0x0000000765a00000| Updating 
|1551|0x0000000765b00000, 0x0000000765c00000, 0x0000000765c00000|100%| O|  |TAMS 0x0000000765c00000, 0x0000000765b00000| Updating 
|1552|0x0000000765c00000, 0x0000000765d00000, 0x0000000765d00000|100%| O|  |TAMS 0x0000000765d00000, 0x0000000765c00000| Updating 
|1553|0x0000000765d00000, 0x0000000765e00000, 0x0000000765e00000|100%| O|  |TAMS 0x0000000765e00000, 0x0000000765d00000| Updating 
|1554|0x0000000765e00000, 0x0000000765effff0, 0x0000000765f00000| 99%| O|  |TAMS 0x0000000765effff0, 0x0000000765e00000| Updating 
|1555|0x0000000765f00000, 0x0000000766000000, 0x0000000766000000|100%| O|  |TAMS 0x0000000766000000, 0x0000000765f00000| Updating 
|1556|0x0000000766000000, 0x0000000766100000, 0x0000000766100000|100%| O|  |TAMS 0x0000000766100000, 0x0000000766000000| Updating 
|1557|0x0000000766100000, 0x00000007661fffe0, 0x0000000766200000| 99%| O|  |TAMS 0x00000007661fffe0, 0x0000000766100000| Updating 
|1558|0x0000000766200000, 0x00000007662fffe0, 0x0000000766300000| 99%| O|  |TAMS 0x00000007662fffe0, 0x0000000766200000| Updating 
|1559|0x0000000766300000, 0x00000007663fffe0, 0x0000000766400000| 99%| O|  |TAMS 0x00000007663fffe0, 0x0000000766300000| Updating 
|1560|0x0000000766400000, 0x00000007664ffff8, 0x0000000766500000| 99%| O|  |TAMS 0x00000007664ffff8, 0x0000000766400000| Updating 
|1561|0x0000000766500000, 0x00000007665fffe8, 0x0000000766600000| 99%| O|  |TAMS 0x00000007665fffe8, 0x0000000766500000| Updating 
|1562|0x0000000766600000, 0x00000007666fffc8, 0x0000000766700000| 99%| O|  |TAMS 0x00000007666fffc8, 0x0000000766600000| Updating 
|1563|0x0000000766700000, 0x00000007667fffe8, 0x0000000766800000| 99%| O|  |TAMS 0x00000007667fffe8, 0x0000000766700000| Updating 
|1564|0x0000000766800000, 0x00000007668ffff8, 0x0000000766900000| 99%| O|  |TAMS 0x00000007668ffff8, 0x0000000766800000| Updating 
|1565|0x0000000766900000, 0x00000007669fffe8, 0x0000000766a00000| 99%| O|  |TAMS 0x00000007669fffe8, 0x0000000766900000| Updating 
|1566|0x0000000766a00000, 0x0000000766affff0, 0x0000000766b00000| 99%| O|  |TAMS 0x0000000766affff0, 0x0000000766a00000| Updating 
|1567|0x0000000766b00000, 0x0000000766bffff0, 0x0000000766c00000| 99%| O|  |TAMS 0x0000000766bffff0, 0x0000000766b00000| Updating 
|1568|0x0000000766c00000, 0x0000000766d00000, 0x0000000766d00000|100%| O|  |TAMS 0x0000000766d00000, 0x0000000766c00000| Updating 
|1569|0x0000000766d00000, 0x0000000766dffff0, 0x0000000766e00000| 99%| O|  |TAMS 0x0000000766dffff0, 0x0000000766d00000| Updating 
|1570|0x0000000766e00000, 0x0000000766effff0, 0x0000000766f00000| 99%| O|  |TAMS 0x0000000766effff0, 0x0000000766e00000| Updating 
|1571|0x0000000766f00000, 0x0000000766fffff0, 0x0000000767000000| 99%| O|  |TAMS 0x0000000766fffff0, 0x0000000766f00000| Updating 
|1572|0x0000000767000000, 0x00000007670ffff8, 0x0000000767100000| 99%| O|  |TAMS 0x00000007670ffff8, 0x0000000767000000| Updating 
|1573|0x0000000767100000, 0x00000007671ffff8, 0x0000000767200000| 99%| O|  |TAMS 0x00000007671ffff8, 0x0000000767100000| Updating 
|1574|0x0000000767200000, 0x0000000767300000, 0x0000000767300000|100%| O|  |TAMS 0x0000000767300000, 0x0000000767200000| Updating 
|1575|0x0000000767300000, 0x00000007673ffff0, 0x0000000767400000| 99%| O|  |TAMS 0x00000007673ffff0, 0x0000000767300000| Updating 
|1576|0x0000000767400000, 0x00000007674ffff0, 0x0000000767500000| 99%| O|  |TAMS 0x00000007674ffff0, 0x0000000767400000| Updating 
|1577|0x0000000767500000, 0x00000007675ffff8, 0x0000000767600000| 99%| O|  |TAMS 0x00000007675ffff8, 0x0000000767500000| Updating 
|1578|0x0000000767600000, 0x00000007676fffe8, 0x0000000767700000| 99%| O|  |TAMS 0x00000007676fffe8, 0x0000000767600000| Updating 
|1579|0x0000000767700000, 0x00000007677fff60, 0x0000000767800000| 99%| O|  |TAMS 0x00000007677fff60, 0x0000000767700000| Updating 
|1580|0x0000000767800000, 0x00000007678ffff8, 0x0000000767900000| 99%| O|  |TAMS 0x00000007678ffff8, 0x0000000767800000| Updating 
|1581|0x0000000767900000, 0x0000000767a00000, 0x0000000767a00000|100%| O|  |TAMS 0x0000000767a00000, 0x0000000767900000| Updating 
|1582|0x0000000767a00000, 0x0000000767affff8, 0x0000000767b00000| 99%| O|  |TAMS 0x0000000767affff8, 0x0000000767a00000| Updating 
|1583|0x0000000767b00000, 0x0000000767c00000, 0x0000000767c00000|100%| O|  |TAMS 0x0000000767c00000, 0x0000000767b00000| Updating 
|1584|0x0000000767c00000, 0x0000000767d00000, 0x0000000767d00000|100%| O|  |TAMS 0x0000000767d00000, 0x0000000767c00000| Updating 
|1585|0x0000000767d00000, 0x0000000767e00000, 0x0000000767e00000|100%| O|  |TAMS 0x0000000767e00000, 0x0000000767d00000| Updating 
|1586|0x0000000767e00000, 0x0000000767effff8, 0x0000000767f00000| 99%| O|  |TAMS 0x0000000767effff8, 0x0000000767e00000| Updating 
|1587|0x0000000767f00000, 0x0000000767fffff8, 0x0000000768000000| 99%| O|  |TAMS 0x0000000767fffff8, 0x0000000767f00000| Updating 
|1588|0x0000000768000000, 0x00000007680ffff0, 0x0000000768100000| 99%| O|  |TAMS 0x00000007680ffff0, 0x0000000768000000| Updating 
|1589|0x0000000768100000, 0x00000007681ffff0, 0x0000000768200000| 99%| O|  |TAMS 0x00000007681ffff0, 0x0000000768100000| Updating 
|1590|0x0000000768200000, 0x00000007682fffe8, 0x0000000768300000| 99%| O|  |TAMS 0x00000007682fffe8, 0x0000000768200000| Updating 
|1591|0x0000000768300000, 0x00000007683ffff0, 0x0000000768400000| 99%| O|  |TAMS 0x00000007683ffff0, 0x0000000768300000| Updating 
|1592|0x0000000768400000, 0x00000007684ffff8, 0x0000000768500000| 99%| O|  |TAMS 0x00000007684ffff8, 0x0000000768400000| Updating 
|1593|0x0000000768500000, 0x00000007685fffe8, 0x0000000768600000| 99%| O|  |TAMS 0x00000007685fffe8, 0x0000000768500000| Updating 
|1594|0x0000000768600000, 0x00000007686ffff8, 0x0000000768700000| 99%| O|  |TAMS 0x00000007686ffff8, 0x0000000768600000| Updating 
|1595|0x0000000768700000, 0x00000007687fffe8, 0x0000000768800000| 99%| O|  |TAMS 0x00000007687fffe8, 0x0000000768700000| Updating 
|1596|0x0000000768800000, 0x00000007688ffff8, 0x0000000768900000| 99%| O|  |TAMS 0x00000007688ffff8, 0x0000000768800000| Updating 
|1597|0x0000000768900000, 0x0000000768a00000, 0x0000000768a00000|100%| O|  |TAMS 0x0000000768a00000, 0x0000000768900000| Updating 
|1598|0x0000000768a00000, 0x0000000768affff0, 0x0000000768b00000| 99%| O|  |TAMS 0x0000000768affff0, 0x0000000768a00000| Updating 
|1599|0x0000000768b00000, 0x0000000768c00000, 0x0000000768c00000|100%| O|  |TAMS 0x0000000768c00000, 0x0000000768b00000| Updating 
|1600|0x0000000768c00000, 0x0000000768d00000, 0x0000000768d00000|100%| O|  |TAMS 0x0000000768d00000, 0x0000000768c00000| Updating 
|1601|0x0000000768d00000, 0x0000000768dffff8, 0x0000000768e00000| 99%| O|  |TAMS 0x0000000768dffff8, 0x0000000768d00000| Updating 
|1602|0x0000000768e00000, 0x0000000768effff8, 0x0000000768f00000| 99%| O|  |TAMS 0x0000000768effff8, 0x0000000768e00000| Updating 
|1603|0x0000000768f00000, 0x0000000768ffffe8, 0x0000000769000000| 99%| O|  |TAMS 0x0000000768ffffe8, 0x0000000768f00000| Updating 
|1604|0x0000000769000000, 0x00000007690fffe8, 0x0000000769100000| 99%| O|  |TAMS 0x00000007690fffe8, 0x0000000769000000| Updating 
|1605|0x0000000769100000, 0x0000000769200000, 0x0000000769200000|100%| O|  |TAMS 0x0000000769200000, 0x0000000769100000| Updating 
|1606|0x0000000769200000, 0x00000007692fffe0, 0x0000000769300000| 99%| O|  |TAMS 0x00000007692fffe0, 0x0000000769200000| Updating 
|1607|0x0000000769300000, 0x00000007693ffff0, 0x0000000769400000| 99%| O|  |TAMS 0x00000007693ffff0, 0x0000000769300000| Updating 
|1608|0x0000000769400000, 0x00000007694ffff8, 0x0000000769500000| 99%| O|  |TAMS 0x00000007694ffff8, 0x0000000769400000| Updating 
|1609|0x0000000769500000, 0x00000007695fffe8, 0x0000000769600000| 99%| O|  |TAMS 0x00000007695fffe8, 0x0000000769500000| Updating 
|1610|0x0000000769600000, 0x00000007696ffff0, 0x0000000769700000| 99%| O|  |TAMS 0x00000007696ffff0, 0x0000000769600000| Updating 
|1611|0x0000000769700000, 0x00000007697ffff0, 0x0000000769800000| 99%| O|  |TAMS 0x00000007697ffff0, 0x0000000769700000| Updating 
|1612|0x0000000769800000, 0x00000007698fff28, 0x0000000769900000| 99%| O|  |TAMS 0x00000007698fff28, 0x0000000769800000| Updating 
|1613|0x0000000769900000, 0x00000007699fffe8, 0x0000000769a00000| 99%| O|  |TAMS 0x00000007699fffe8, 0x0000000769900000| Updating 
|1614|0x0000000769a00000, 0x0000000769afffe8, 0x0000000769b00000| 99%| O|  |TAMS 0x0000000769afffe8, 0x0000000769a00000| Updating 
|1615|0x0000000769b00000, 0x0000000769c00000, 0x0000000769c00000|100%| O|  |TAMS 0x0000000769c00000, 0x0000000769b00000| Updating 
|1616|0x0000000769c00000, 0x0000000769cffff0, 0x0000000769d00000| 99%| O|  |TAMS 0x0000000769cffff0, 0x0000000769c00000| Updating 
|1617|0x0000000769d00000, 0x0000000769dffff8, 0x0000000769e00000| 99%| O|  |TAMS 0x0000000769dffff8, 0x0000000769d00000| Updating 
|1618|0x0000000769e00000, 0x0000000769effff8, 0x0000000769f00000| 99%| O|  |TAMS 0x0000000769effff8, 0x0000000769e00000| Updating 
|1619|0x0000000769f00000, 0x0000000769fffff0, 0x000000076a000000| 99%| O|  |TAMS 0x0000000769fffff0, 0x0000000769f00000| Updating 
|1620|0x000000076a000000, 0x000000076a0ffff8, 0x000000076a100000| 99%| O|  |TAMS 0x000000076a0ffff8, 0x000000076a000000| Updating 
|1621|0x000000076a100000, 0x000000076a200000, 0x000000076a200000|100%| O|  |TAMS 0x000000076a200000, 0x000000076a100000| Updating 
|1622|0x000000076a200000, 0x000000076a2ffff8, 0x000000076a300000| 99%| O|  |TAMS 0x000000076a2ffff8, 0x000000076a200000| Updating 
|1623|0x000000076a300000, 0x000000076a3ffff0, 0x000000076a400000| 99%| O|  |TAMS 0x000000076a3ffff0, 0x000000076a300000| Updating 
|1624|0x000000076a400000, 0x000000076a500000, 0x000000076a500000|100%| O|  |TAMS 0x000000076a500000, 0x000000076a400000| Updating 
|1625|0x000000076a500000, 0x000000076a600000, 0x000000076a600000|100%| O|  |TAMS 0x000000076a600000, 0x000000076a500000| Updating 
|1626|0x000000076a600000, 0x000000076a6ffde0, 0x000000076a700000| 99%| O|  |TAMS 0x000000076a6ffde0, 0x000000076a600000| Updating 
|1627|0x000000076a700000, 0x000000076a7ffff8, 0x000000076a800000| 99%| O|  |TAMS 0x000000076a7ffff8, 0x000000076a700000| Updating 
|1628|0x000000076a800000, 0x000000076a8ffff8, 0x000000076a900000| 99%| O|  |TAMS 0x000000076a8ffff8, 0x000000076a800000| Updating 
|1629|0x000000076a900000, 0x000000076aa00000, 0x000000076aa00000|100%| O|  |TAMS 0x000000076aa00000, 0x000000076a900000| Updating 
|1630|0x000000076aa00000, 0x000000076aaffcd0, 0x000000076ab00000| 99%| O|  |TAMS 0x000000076aaffcd0, 0x000000076aa00000| Updating 
|1631|0x000000076ab00000, 0x000000076ac00000, 0x000000076ac00000|100%| O|  |TAMS 0x000000076ac00000, 0x000000076ab00000| Updating 
|1632|0x000000076ac00000, 0x000000076acfffe0, 0x000000076ad00000| 99%| O|  |TAMS 0x000000076acfffe0, 0x000000076ac00000| Updating 
|1633|0x000000076ad00000, 0x000000076adffff8, 0x000000076ae00000| 99%| O|  |TAMS 0x000000076adffff8, 0x000000076ad00000| Updating 
|1634|0x000000076ae00000, 0x000000076aeffff8, 0x000000076af00000| 99%| O|  |TAMS 0x000000076aeffff8, 0x000000076ae00000| Updating 
|1635|0x000000076af00000, 0x000000076afffff0, 0x000000076b000000| 99%| O|  |TAMS 0x000000076afffff0, 0x000000076af00000| Updating 
|1636|0x000000076b000000, 0x000000076b0ffff8, 0x000000076b100000| 99%| O|  |TAMS 0x000000076b0ffff8, 0x000000076b000000| Updating 
|1637|0x000000076b100000, 0x000000076b200000, 0x000000076b200000|100%| O|  |TAMS 0x000000076b200000, 0x000000076b100000| Updating 
|1638|0x000000076b200000, 0x000000076b300000, 0x000000076b300000|100%| O|  |TAMS 0x000000076b300000, 0x000000076b200000| Updating 
|1639|0x000000076b300000, 0x000000076b3ffff0, 0x000000076b400000| 99%| O|  |TAMS 0x000000076b3ffff0, 0x000000076b300000| Updating 
|1640|0x000000076b400000, 0x000000076b500000, 0x000000076b500000|100%| O|  |TAMS 0x000000076b500000, 0x000000076b400000| Updating 
|1641|0x000000076b500000, 0x000000076b5ffff0, 0x000000076b600000| 99%| O|  |TAMS 0x000000076b5ffff0, 0x000000076b500000| Updating 
|1642|0x000000076b600000, 0x000000076b700000, 0x000000076b700000|100%| O|  |TAMS 0x000000076b700000, 0x000000076b600000| Updating 
|1643|0x000000076b700000, 0x000000076b7ffff8, 0x000000076b800000| 99%| O|  |TAMS 0x000000076b7ffff8, 0x000000076b700000| Updating 
|1644|0x000000076b800000, 0x000000076b8fffe8, 0x000000076b900000| 99%| O|  |TAMS 0x000000076b8fffe8, 0x000000076b800000| Updating 
|1645|0x000000076b900000, 0x000000076b9ffff8, 0x000000076ba00000| 99%| O|  |TAMS 0x000000076b9ffff8, 0x000000076b900000| Updating 
|1646|0x000000076ba00000, 0x000000076baffff0, 0x000000076bb00000| 99%| O|  |TAMS 0x000000076baffff0, 0x000000076ba00000| Updating 
|1647|0x000000076bb00000, 0x000000076bbffff0, 0x000000076bc00000| 99%| O|  |TAMS 0x000000076bbffff0, 0x000000076bb00000| Updating 
|1648|0x000000076bc00000, 0x000000076bcfffe0, 0x000000076bd00000| 99%| O|  |TAMS 0x000000076bcfffe0, 0x000000076bc00000| Updating 
|1649|0x000000076bd00000, 0x000000076bdfffe8, 0x000000076be00000| 99%| O|  |TAMS 0x000000076bdfffe8, 0x000000076bd00000| Updating 
|1650|0x000000076be00000, 0x000000076beffff0, 0x000000076bf00000| 99%| O|  |TAMS 0x000000076beffff0, 0x000000076be00000| Updating 
|1651|0x000000076bf00000, 0x000000076c000000, 0x000000076c000000|100%| O|  |TAMS 0x000000076c000000, 0x000000076bf00000| Updating 
|1652|0x000000076c000000, 0x000000076c0fffe8, 0x000000076c100000| 99%| O|  |TAMS 0x000000076c0fffe8, 0x000000076c000000| Updating 
|1653|0x000000076c100000, 0x000000076c1fff00, 0x000000076c200000| 99%| O|  |TAMS 0x000000076c1fff00, 0x000000076c100000| Updating 
|1654|0x000000076c200000, 0x000000076c2ffff8, 0x000000076c300000| 99%| O|  |TAMS 0x000000076c2ffff8, 0x000000076c200000| Updating 
|1655|0x000000076c300000, 0x000000076c3ffff0, 0x000000076c400000| 99%| O|  |TAMS 0x000000076c3ffff0, 0x000000076c300000| Updating 
|1656|0x000000076c400000, 0x000000076c4ffff0, 0x000000076c500000| 99%| O|  |TAMS 0x000000076c4ffff0, 0x000000076c400000| Updating 
|1657|0x000000076c500000, 0x000000076c5ffff0, 0x000000076c600000| 99%| O|  |TAMS 0x000000076c5ffff0, 0x000000076c500000| Updating 
|1658|0x000000076c600000, 0x000000076c6fffe8, 0x000000076c700000| 99%| O|  |TAMS 0x000000076c6fffe8, 0x000000076c600000| Updating 
|1659|0x000000076c700000, 0x000000076c7fffe8, 0x000000076c800000| 99%| O|  |TAMS 0x000000076c7fffe8, 0x000000076c700000| Updating 
|1660|0x000000076c800000, 0x000000076c8fffe8, 0x000000076c900000| 99%| O|  |TAMS 0x000000076c8fffe8, 0x000000076c800000| Updating 
|1661|0x000000076c900000, 0x000000076c9ffff8, 0x000000076ca00000| 99%| O|  |TAMS 0x000000076c9ffff8, 0x000000076c900000| Updating 
|1662|0x000000076ca00000, 0x000000076cb00000, 0x000000076cb00000|100%| O|  |TAMS 0x000000076cb00000, 0x000000076ca00000| Updating 
|1663|0x000000076cb00000, 0x000000076cbfffe8, 0x000000076cc00000| 99%| O|  |TAMS 0x000000076cbfffe8, 0x000000076cb00000| Updating 
|1664|0x000000076cc00000, 0x000000076cd00000, 0x000000076cd00000|100%| O|  |TAMS 0x000000076cd00000, 0x000000076cc00000| Updating 
|1665|0x000000076cd00000, 0x000000076cdffff8, 0x000000076ce00000| 99%| O|  |TAMS 0x000000076cdffff8, 0x000000076cd00000| Updating 
|1666|0x000000076ce00000, 0x000000076ceffff8, 0x000000076cf00000| 99%| O|  |TAMS 0x000000076ceffff8, 0x000000076ce00000| Updating 
|1667|0x000000076cf00000, 0x000000076cfffff8, 0x000000076d000000| 99%| O|  |TAMS 0x000000076cfffff8, 0x000000076cf00000| Updating 
|1668|0x000000076d000000, 0x000000076d100000, 0x000000076d100000|100%| O|  |TAMS 0x000000076d100000, 0x000000076d000000| Updating 
|1669|0x000000076d100000, 0x000000076d1fffe8, 0x000000076d200000| 99%| O|  |TAMS 0x000000076d1fffe8, 0x000000076d100000| Updating 
|1670|0x000000076d200000, 0x000000076d2fffe8, 0x000000076d300000| 99%| O|  |TAMS 0x000000076d2fffe8, 0x000000076d200000| Updating 
|1671|0x000000076d300000, 0x000000076d3ffff0, 0x000000076d400000| 99%| O|  |TAMS 0x000000076d3ffff0, 0x000000076d300000| Updating 
|1672|0x000000076d400000, 0x000000076d4ffff8, 0x000000076d500000| 99%| O|  |TAMS 0x000000076d4ffff8, 0x000000076d400000| Updating 
|1673|0x000000076d500000, 0x000000076d5fffe8, 0x000000076d600000| 99%| O|  |TAMS 0x000000076d5fffe8, 0x000000076d500000| Updating 
|1674|0x000000076d600000, 0x000000076d6fffe8, 0x000000076d700000| 99%| O|  |TAMS 0x000000076d6fffe8, 0x000000076d600000| Updating 
|1675|0x000000076d700000, 0x000000076d800000, 0x000000076d800000|100%| O|  |TAMS 0x000000076d800000, 0x000000076d700000| Updating 
|1676|0x000000076d800000, 0x000000076d900000, 0x000000076d900000|100%| O|  |TAMS 0x000000076d900000, 0x000000076d800000| Updating 
|1677|0x000000076d900000, 0x000000076d9fffa0, 0x000000076da00000| 99%| O|  |TAMS 0x000000076d9fffa0, 0x000000076d900000| Updating 
|1678|0x000000076da00000, 0x000000076dafffe8, 0x000000076db00000| 99%| O|  |TAMS 0x000000076dafffe8, 0x000000076da00000| Updating 
|1679|0x000000076db00000, 0x000000076dc00000, 0x000000076dc00000|100%| O|  |TAMS 0x000000076dc00000, 0x000000076db00000| Updating 
|1680|0x000000076dc00000, 0x000000076dd00000, 0x000000076dd00000|100%| O|  |TAMS 0x000000076dd00000, 0x000000076dc00000| Updating 
|1681|0x000000076dd00000, 0x000000076de00000, 0x000000076de00000|100%| O|  |TAMS 0x000000076de00000, 0x000000076dd00000| Updating 
|1682|0x000000076de00000, 0x000000076df00000, 0x000000076df00000|100%| O|  |TAMS 0x000000076df00000, 0x000000076de00000| Updating 
|1683|0x000000076df00000, 0x000000076e000000, 0x000000076e000000|100%| O|  |TAMS 0x000000076e000000, 0x000000076df00000| Updating 
|1684|0x000000076e000000, 0x000000076e0fffd8, 0x000000076e100000| 99%| O|  |TAMS 0x000000076e0fffd8, 0x000000076e000000| Updating 
|1685|0x000000076e100000, 0x000000076e200000, 0x000000076e200000|100%| O|  |TAMS 0x000000076e200000, 0x000000076e100000| Updating 
|1686|0x000000076e200000, 0x000000076e2fffe8, 0x000000076e300000| 99%| O|  |TAMS 0x000000076e2fffe8, 0x000000076e200000| Updating 
|1687|0x000000076e300000, 0x000000076e400000, 0x000000076e400000|100%| O|  |TAMS 0x000000076e400000, 0x000000076e300000| Updating 
|1688|0x000000076e400000, 0x000000076e500000, 0x000000076e500000|100%| O|  |TAMS 0x000000076e500000, 0x000000076e400000| Updating 
|1689|0x000000076e500000, 0x000000076e600000, 0x000000076e600000|100%| O|  |TAMS 0x000000076e600000, 0x000000076e500000| Updating 
|1690|0x000000076e600000, 0x000000076e6fffe8, 0x000000076e700000| 99%| O|  |TAMS 0x000000076e6fffe8, 0x000000076e600000| Updating 
|1691|0x000000076e700000, 0x000000076e7ffff8, 0x000000076e800000| 99%| O|  |TAMS 0x000000076e7ffff8, 0x000000076e700000| Updating 
|1692|0x000000076e800000, 0x000000076e8ffff0, 0x000000076e900000| 99%| O|  |TAMS 0x000000076e8ffff0, 0x000000076e800000| Updating 
|1693|0x000000076e900000, 0x000000076e9ffff0, 0x000000076ea00000| 99%| O|  |TAMS 0x000000076e9ffff0, 0x000000076e900000| Updating 
|1694|0x000000076ea00000, 0x000000076eb00000, 0x000000076eb00000|100%| O|  |TAMS 0x000000076eb00000, 0x000000076ea00000| Updating 
|1695|0x000000076eb00000, 0x000000076ebffff8, 0x000000076ec00000| 99%| O|  |TAMS 0x000000076ebffff8, 0x000000076eb00000| Updating 
|1696|0x000000076ec00000, 0x000000076ecffff8, 0x000000076ed00000| 99%| O|  |TAMS 0x000000076ecffff8, 0x000000076ec00000| Updating 
|1697|0x000000076ed00000, 0x000000076ee00000, 0x000000076ee00000|100%| O|  |TAMS 0x000000076ee00000, 0x000000076ed00000| Updating 
|1698|0x000000076ee00000, 0x000000076eefffe0, 0x000000076ef00000| 99%| O|  |TAMS 0x000000076eefffe0, 0x000000076ee00000| Updating 
|1699|0x000000076ef00000, 0x000000076efffff8, 0x000000076f000000| 99%| O|  |TAMS 0x000000076efffff8, 0x000000076ef00000| Updating 
|1700|0x000000076f000000, 0x000000076f0ffbc0, 0x000000076f100000| 99%| O|  |TAMS 0x000000076f0ffbc0, 0x000000076f000000| Updating 
|1701|0x000000076f100000, 0x000000076f200000, 0x000000076f200000|100%| O|  |TAMS 0x000000076f200000, 0x000000076f100000| Updating 
|1702|0x000000076f200000, 0x000000076f2ffff0, 0x000000076f300000| 99%| O|  |TAMS 0x000000076f2ffff0, 0x000000076f200000| Updating 
|1703|0x000000076f300000, 0x000000076f3fffd0, 0x000000076f400000| 99%| O|  |TAMS 0x000000076f3fffd0, 0x000000076f300000| Updating 
|1704|0x000000076f400000, 0x000000076f500000, 0x000000076f500000|100%| O|  |TAMS 0x000000076f500000, 0x000000076f400000| Updating 
|1705|0x000000076f500000, 0x000000076f5ffff8, 0x000000076f600000| 99%| O|  |TAMS 0x000000076f5ffff8, 0x000000076f500000| Updating 
|1706|0x000000076f600000, 0x000000076f6fffe8, 0x000000076f700000| 99%| O|  |TAMS 0x000000076f6fffe8, 0x000000076f600000| Updating 
|1707|0x000000076f700000, 0x000000076f7fffe0, 0x000000076f800000| 99%| O|  |TAMS 0x000000076f7fffe0, 0x000000076f700000| Updating 
|1708|0x000000076f800000, 0x000000076f8fff98, 0x000000076f900000| 99%| O|  |TAMS 0x000000076f8fff98, 0x000000076f800000| Updating 
|1709|0x000000076f900000, 0x000000076fa00000, 0x000000076fa00000|100%| O|  |TAMS 0x000000076fa00000, 0x000000076f900000| Updating 
|1710|0x000000076fa00000, 0x000000076faffff8, 0x000000076fb00000| 99%| O|  |TAMS 0x000000076faffff8, 0x000000076fa00000| Updating 
|1711|0x000000076fb00000, 0x000000076fbffff0, 0x000000076fc00000| 99%| O|  |TAMS 0x000000076fbffff0, 0x000000076fb00000| Updating 
|1712|0x000000076fc00000, 0x000000076fd00000, 0x000000076fd00000|100%| O|  |TAMS 0x000000076fd00000, 0x000000076fc00000| Updating 
|1713|0x000000076fd00000, 0x000000076fdfffe8, 0x000000076fe00000| 99%| O|  |TAMS 0x000000076fdfffe8, 0x000000076fd00000| Updating 
|1714|0x000000076fe00000, 0x000000076fefff98, 0x000000076ff00000| 99%| O|  |TAMS 0x000000076fefff98, 0x000000076fe00000| Updating 
|1715|0x000000076ff00000, 0x000000076fffffe8, 0x0000000770000000| 99%| O|  |TAMS 0x000000076fffffe8, 0x000000076ff00000| Updating 
|1716|0x0000000770000000, 0x00000007700fffd0, 0x0000000770100000| 99%| O|  |TAMS 0x00000007700fffd0, 0x0000000770000000| Updating 
|1717|0x0000000770100000, 0x00000007701ffff8, 0x0000000770200000| 99%| O|  |TAMS 0x00000007701ffff8, 0x0000000770100000| Updating 
|1718|0x0000000770200000, 0x00000007702ffff8, 0x0000000770300000| 99%| O|  |TAMS 0x00000007702ffff8, 0x0000000770200000| Updating 
|1719|0x0000000770300000, 0x00000007703ffff8, 0x0000000770400000| 99%| O|  |TAMS 0x00000007703ffff8, 0x0000000770300000| Updating 
|1720|0x0000000770400000, 0x00000007704fffe0, 0x0000000770500000| 99%| O|  |TAMS 0x00000007704fffe0, 0x0000000770400000| Updating 
|1721|0x0000000770500000, 0x0000000770600000, 0x0000000770600000|100%| O|  |TAMS 0x0000000770600000, 0x0000000770500000| Updating 
|1722|0x0000000770600000, 0x00000007706ffff0, 0x0000000770700000| 99%| O|  |TAMS 0x00000007706ffff0, 0x0000000770600000| Updating 
|1723|0x0000000770700000, 0x00000007707ffff0, 0x0000000770800000| 99%| O|  |TAMS 0x00000007707ffff0, 0x0000000770700000| Updating 
|1724|0x0000000770800000, 0x00000007708ffff8, 0x0000000770900000| 99%| O|  |TAMS 0x00000007708ffff8, 0x0000000770800000| Updating 
|1725|0x0000000770900000, 0x00000007709ffff8, 0x0000000770a00000| 99%| O|  |TAMS 0x00000007709ffff8, 0x0000000770900000| Updating 
|1726|0x0000000770a00000, 0x0000000770afff90, 0x0000000770b00000| 99%| O|  |TAMS 0x0000000770afff90, 0x0000000770a00000| Updating 
|1727|0x0000000770b00000, 0x0000000770bffff8, 0x0000000770c00000| 99%| O|  |TAMS 0x0000000770bffff8, 0x0000000770b00000| Updating 
|1728|0x0000000770c00000, 0x0000000770cfffe8, 0x0000000770d00000| 99%| O|  |TAMS 0x0000000770cfffe8, 0x0000000770c00000| Updating 
|1729|0x0000000770d00000, 0x0000000770dfffe0, 0x0000000770e00000| 99%| O|  |TAMS 0x0000000770dfffe0, 0x0000000770d00000| Updating 
|1730|0x0000000770e00000, 0x0000000770efffe0, 0x0000000770f00000| 99%| O|  |TAMS 0x0000000770efffe0, 0x0000000770e00000| Updating 
|1731|0x0000000770f00000, 0x0000000771000000, 0x0000000771000000|100%| O|  |TAMS 0x0000000771000000, 0x0000000770f00000| Updating 
|1732|0x0000000771000000, 0x00000007710ffff8, 0x0000000771100000| 99%| O|  |TAMS 0x00000007710ffff8, 0x0000000771000000| Updating 
|1733|0x0000000771100000, 0x00000007711fffe8, 0x0000000771200000| 99%| O|  |TAMS 0x00000007711fffe8, 0x0000000771100000| Updating 
|1734|0x0000000771200000, 0x00000007712fffe0, 0x0000000771300000| 99%| O|  |TAMS 0x00000007712fffe0, 0x0000000771200000| Updating 
|1735|0x0000000771300000, 0x00000007713fffd8, 0x0000000771400000| 99%| O|  |TAMS 0x00000007713fffd8, 0x0000000771300000| Updating 
|1736|0x0000000771400000, 0x0000000771500000, 0x0000000771500000|100%| O|  |TAMS 0x0000000771500000, 0x0000000771400000| Updating 
|1737|0x0000000771500000, 0x00000007715fffe8, 0x0000000771600000| 99%| O|  |TAMS 0x00000007715fffe8, 0x0000000771500000| Updating 
|1738|0x0000000771600000, 0x00000007716fffc8, 0x0000000771700000| 99%| O|  |TAMS 0x00000007716fffc8, 0x0000000771600000| Updating 
|1739|0x0000000771700000, 0x00000007717ffff8, 0x0000000771800000| 99%| O|  |TAMS 0x00000007717ffff8, 0x0000000771700000| Updating 
|1740|0x0000000771800000, 0x00000007718ffff8, 0x0000000771900000| 99%| O|  |TAMS 0x00000007718ffff8, 0x0000000771800000| Updating 
|1741|0x0000000771900000, 0x0000000771a00000, 0x0000000771a00000|100%| O|  |TAMS 0x0000000771a00000, 0x0000000771900000| Updating 
|1742|0x0000000771a00000, 0x0000000771afffe0, 0x0000000771b00000| 99%| O|  |TAMS 0x0000000771afffe0, 0x0000000771a00000| Updating 
|1743|0x0000000771b00000, 0x0000000771bfffe0, 0x0000000771c00000| 99%| O|  |TAMS 0x0000000771bfffe0, 0x0000000771b00000| Updating 
|1744|0x0000000771c00000, 0x0000000771d00000, 0x0000000771d00000|100%| O|  |TAMS 0x0000000771d00000, 0x0000000771c00000| Updating 
|1745|0x0000000771d00000, 0x0000000771dffff8, 0x0000000771e00000| 99%| O|  |TAMS 0x0000000771dffff8, 0x0000000771d00000| Updating 
|1746|0x0000000771e00000, 0x0000000771f00000, 0x0000000771f00000|100%| O|  |TAMS 0x0000000771f00000, 0x0000000771e00000| Updating 
|1747|0x0000000771f00000, 0x0000000772000000, 0x0000000772000000|100%| O|  |TAMS 0x0000000772000000, 0x0000000771f00000| Updating 
|1748|0x0000000772000000, 0x0000000772100000, 0x0000000772100000|100%| O|  |TAMS 0x0000000772100000, 0x0000000772000000| Updating 
|1749|0x0000000772100000, 0x00000007721fffe8, 0x0000000772200000| 99%| O|  |TAMS 0x00000007721fffe8, 0x0000000772100000| Updating 
|1750|0x0000000772200000, 0x0000000772300000, 0x0000000772300000|100%| O|  |TAMS 0x0000000772300000, 0x0000000772200000| Updating 
|1751|0x0000000772300000, 0x0000000772400000, 0x0000000772400000|100%| O|  |TAMS 0x0000000772400000, 0x0000000772300000| Updating 
|1752|0x0000000772400000, 0x0000000772500000, 0x0000000772500000|100%| O|  |TAMS 0x0000000772500000, 0x0000000772400000| Updating 
|1753|0x0000000772500000, 0x00000007725fffe8, 0x0000000772600000| 99%| O|  |TAMS 0x00000007725fffe8, 0x0000000772500000| Updating 
|1754|0x0000000772600000, 0x00000007726fffe8, 0x0000000772700000| 99%| O|  |TAMS 0x00000007726fffe8, 0x0000000772600000| Updating 
|1755|0x0000000772700000, 0x00000007727ffff8, 0x0000000772800000| 99%| O|  |TAMS 0x00000007727ffff8, 0x0000000772700000| Updating 
|1756|0x0000000772800000, 0x00000007728ffff8, 0x0000000772900000| 99%| O|  |TAMS 0x00000007728ffff8, 0x0000000772800000| Updating 
|1757|0x0000000772900000, 0x00000007729ffff8, 0x0000000772a00000| 99%| O|  |TAMS 0x00000007729ffff8, 0x0000000772900000| Updating 
|1758|0x0000000772a00000, 0x0000000772afffe8, 0x0000000772b00000| 99%| O|  |TAMS 0x0000000772afffe8, 0x0000000772a00000| Updating 
|1759|0x0000000772b00000, 0x0000000772bfffe8, 0x0000000772c00000| 99%| O|  |TAMS 0x0000000772bfffe8, 0x0000000772b00000| Updating 
|1760|0x0000000772c00000, 0x0000000772cffff8, 0x0000000772d00000| 99%| O|  |TAMS 0x0000000772cffff8, 0x0000000772c00000| Updating 
|1761|0x0000000772d00000, 0x0000000772dfffc8, 0x0000000772e00000| 99%| O|  |TAMS 0x0000000772dfffc8, 0x0000000772d00000| Updating 
|1762|0x0000000772e00000, 0x0000000772efffd0, 0x0000000772f00000| 99%| O|  |TAMS 0x0000000772efffd0, 0x0000000772e00000| Updating 
|1763|0x0000000772f00000, 0x0000000772ffffc0, 0x0000000773000000| 99%| O|  |TAMS 0x0000000772ffffc0, 0x0000000772f00000| Updating 
|1764|0x0000000773000000, 0x00000007730ffff8, 0x0000000773100000| 99%| O|  |TAMS 0x00000007730ffff8, 0x0000000773000000| Updating 
|1765|0x0000000773100000, 0x0000000773200000, 0x0000000773200000|100%| O|  |TAMS 0x0000000773200000, 0x0000000773100000| Updating 
|1766|0x0000000773200000, 0x00000007732fffe0, 0x0000000773300000| 99%| O|  |TAMS 0x00000007732fffe0, 0x0000000773200000| Updating 
|1767|0x0000000773300000, 0x00000007733ffff0, 0x0000000773400000| 99%| O|  |TAMS 0x00000007733ffff0, 0x0000000773300000| Updating 
|1768|0x0000000773400000, 0x00000007734ffff8, 0x0000000773500000| 99%| O|  |TAMS 0x00000007734ffff8, 0x0000000773400000| Updating 
|1769|0x0000000773500000, 0x0000000773600000, 0x0000000773600000|100%| O|  |TAMS 0x0000000773600000, 0x0000000773500000| Updating 
|1770|0x0000000773600000, 0x0000000773700000, 0x0000000773700000|100%| O|  |TAMS 0x0000000773700000, 0x0000000773600000| Updating 
|1771|0x0000000773700000, 0x0000000773800000, 0x0000000773800000|100%| O|  |TAMS 0x0000000773800000, 0x0000000773700000| Updating 
|1772|0x0000000773800000, 0x0000000773900000, 0x0000000773900000|100%| O|  |TAMS 0x0000000773900000, 0x0000000773800000| Updating 
|1773|0x0000000773900000, 0x00000007739ffff0, 0x0000000773a00000| 99%| O|  |TAMS 0x00000007739ffff0, 0x0000000773900000| Updating 
|1774|0x0000000773a00000, 0x0000000773affff0, 0x0000000773b00000| 99%| O|  |TAMS 0x0000000773affff0, 0x0000000773a00000| Updating 
|1775|0x0000000773b00000, 0x0000000773bffff8, 0x0000000773c00000| 99%| O|  |TAMS 0x0000000773bffff8, 0x0000000773b00000| Updating 
|1776|0x0000000773c00000, 0x0000000773d00000, 0x0000000773d00000|100%| O|  |TAMS 0x0000000773d00000, 0x0000000773c00000| Updating 
|1777|0x0000000773d00000, 0x0000000773dffff0, 0x0000000773e00000| 99%| O|  |TAMS 0x0000000773dffff0, 0x0000000773d00000| Updating 
|1778|0x0000000773e00000, 0x0000000773efffe8, 0x0000000773f00000| 99%| O|  |TAMS 0x0000000773efffe8, 0x0000000773e00000| Updating 
|1779|0x0000000773f00000, 0x0000000773fffff0, 0x0000000774000000| 99%| O|  |TAMS 0x0000000773fffff0, 0x0000000773f00000| Updating 
|1780|0x0000000774000000, 0x0000000774100000, 0x0000000774100000|100%| O|  |TAMS 0x0000000774100000, 0x0000000774000000| Updating 
|1781|0x0000000774100000, 0x00000007741fffe0, 0x0000000774200000| 99%| O|  |TAMS 0x00000007741fffe0, 0x0000000774100000| Updating 
|1782|0x0000000774200000, 0x00000007742ffff8, 0x0000000774300000| 99%| O|  |TAMS 0x00000007742ffff8, 0x0000000774200000| Updating 
|1783|0x0000000774300000, 0x00000007743fffe8, 0x0000000774400000| 99%| O|  |TAMS 0x00000007743fffe8, 0x0000000774300000| Updating 
|1784|0x0000000774400000, 0x00000007744fffe8, 0x0000000774500000| 99%| O|  |TAMS 0x00000007744fffe8, 0x0000000774400000| Updating 
|1785|0x0000000774500000, 0x00000007745ffff0, 0x0000000774600000| 99%| O|  |TAMS 0x00000007745ffff0, 0x0000000774500000| Updating 
|1786|0x0000000774600000, 0x00000007746ffff8, 0x0000000774700000| 99%| O|  |TAMS 0x00000007746ffff8, 0x0000000774600000| Updating 
|1787|0x0000000774700000, 0x0000000774800000, 0x0000000774800000|100%| O|  |TAMS 0x0000000774800000, 0x0000000774700000| Updating 
|1788|0x0000000774800000, 0x0000000774900000, 0x0000000774900000|100%| O|  |TAMS 0x0000000774900000, 0x0000000774800000| Updating 
|1789|0x0000000774900000, 0x0000000774900000, 0x0000000774a00000|  0%| F|  |TAMS 0x0000000774900000, 0x0000000774900000| Untracked 
|1790|0x0000000774a00000, 0x0000000774b00000, 0x0000000774b00000|100%| O|  |TAMS 0x0000000774b00000, 0x0000000774a00000| Updating 
|1791|0x0000000774b00000, 0x0000000774c00000, 0x0000000774c00000|100%| O|  |TAMS 0x0000000774c00000, 0x0000000774b00000| Updating 
|1792|0x0000000774c00000, 0x0000000774cfffe8, 0x0000000774d00000| 99%| O|  |TAMS 0x0000000774cfffe8, 0x0000000774c00000| Updating 
|1793|0x0000000774d00000, 0x0000000774e00000, 0x0000000774e00000|100%| O|  |TAMS 0x0000000774e00000, 0x0000000774d00000| Updating 
|1794|0x0000000774e00000, 0x0000000774effff0, 0x0000000774f00000| 99%| O|  |TAMS 0x0000000774effff0, 0x0000000774e00000| Updating 
|1795|0x0000000774f00000, 0x0000000774fffff0, 0x0000000775000000| 99%| O|  |TAMS 0x0000000774fffff0, 0x0000000774f00000| Updating 
|1796|0x0000000775000000, 0x0000000775100000, 0x0000000775100000|100%| O|  |TAMS 0x0000000775100000, 0x0000000775000000| Updating 
|1797|0x0000000775100000, 0x00000007751ffa98, 0x0000000775200000| 99%| O|  |TAMS 0x00000007751ffa98, 0x0000000775100000| Updating 
|1798|0x0000000775200000, 0x00000007752ffff0, 0x0000000775300000| 99%| O|  |TAMS 0x00000007752ffff0, 0x0000000775200000| Updating 
|1799|0x0000000775300000, 0x00000007753ffff0, 0x0000000775400000| 99%| O|  |TAMS 0x00000007753ffff0, 0x0000000775300000| Updating 
|1800|0x0000000775400000, 0x00000007754ffff8, 0x0000000775500000| 99%| O|  |TAMS 0x00000007754ffff8, 0x0000000775400000| Updating 
|1801|0x0000000775500000, 0x0000000775600000, 0x0000000775600000|100%| O|  |TAMS 0x0000000775600000, 0x0000000775500000| Updating 
|1802|0x0000000775600000, 0x00000007756ffff8, 0x0000000775700000| 99%| O|  |TAMS 0x00000007756ffff8, 0x0000000775600000| Updating 
|1803|0x0000000775700000, 0x00000007757fffe8, 0x0000000775800000| 99%| O|  |TAMS 0x00000007757fffe8, 0x0000000775700000| Updating 
|1804|0x0000000775800000, 0x00000007758fffe0, 0x0000000775900000| 99%| O|  |TAMS 0x00000007758fffe0, 0x0000000775800000| Updating 
|1805|0x0000000775900000, 0x00000007759ffff8, 0x0000000775a00000| 99%| O|  |TAMS 0x00000007759ffff8, 0x0000000775900000| Updating 
|1806|0x0000000775a00000, 0x0000000775afffe8, 0x0000000775b00000| 99%| O|  |TAMS 0x0000000775afffe8, 0x0000000775a00000| Updating 
|1807|0x0000000775b00000, 0x0000000775bffff8, 0x0000000775c00000| 99%| O|  |TAMS 0x0000000775bffff8, 0x0000000775b00000| Updating 
|1808|0x0000000775c00000, 0x0000000775cffff8, 0x0000000775d00000| 99%| O|  |TAMS 0x0000000775cffff8, 0x0000000775c00000| Updating 
|1809|0x0000000775d00000, 0x0000000775dffff0, 0x0000000775e00000| 99%| O|  |TAMS 0x0000000775dffff0, 0x0000000775d00000| Updating 
|1810|0x0000000775e00000, 0x0000000775effff0, 0x0000000775f00000| 99%| O|  |TAMS 0x0000000775effff0, 0x0000000775e00000| Updating 
|1811|0x0000000775f00000, 0x0000000775ffffe0, 0x0000000776000000| 99%| O|  |TAMS 0x0000000775ffffe0, 0x0000000775f00000| Updating 
|1812|0x0000000776000000, 0x00000007760ffff0, 0x0000000776100000| 99%| O|  |TAMS 0x00000007760ffff0, 0x0000000776000000| Updating 
|1813|0x0000000776100000, 0x00000007761fffe8, 0x0000000776200000| 99%| O|  |TAMS 0x00000007761fffe8, 0x0000000776100000| Updating 
|1814|0x0000000776200000, 0x00000007762fffe8, 0x0000000776300000| 99%| O|  |TAMS 0x00000007762fffe8, 0x0000000776200000| Updating 
|1815|0x0000000776300000, 0x00000007763ffff8, 0x0000000776400000| 99%| O|  |TAMS 0x00000007763ffff8, 0x0000000776300000| Updating 
|1816|0x0000000776400000, 0x00000007764fffe8, 0x0000000776500000| 99%| O|  |TAMS 0x00000007764fffe8, 0x0000000776400000| Updating 
|1817|0x0000000776500000, 0x00000007765ffff8, 0x0000000776600000| 99%| O|  |TAMS 0x00000007765ffff8, 0x0000000776500000| Updating 
|1818|0x0000000776600000, 0x00000007766ffff0, 0x0000000776700000| 99%| O|  |TAMS 0x00000007766ffff0, 0x0000000776600000| Updating 
|1819|0x0000000776700000, 0x0000000776800000, 0x0000000776800000|100%| O|  |TAMS 0x0000000776800000, 0x0000000776700000| Updating 
|1820|0x0000000776800000, 0x00000007768ffff8, 0x0000000776900000| 99%| O|  |TAMS 0x00000007768ffff8, 0x0000000776800000| Updating 
|1821|0x0000000776900000, 0x0000000776a00000, 0x0000000776a00000|100%| O|  |TAMS 0x0000000776a00000, 0x0000000776900000| Updating 
|1822|0x0000000776a00000, 0x0000000776affff8, 0x0000000776b00000| 99%| O|  |TAMS 0x0000000776affff8, 0x0000000776a00000| Updating 
|1823|0x0000000776b00000, 0x0000000776bfffd8, 0x0000000776c00000| 99%| O|  |TAMS 0x0000000776bfffd8, 0x0000000776b00000| Updating 
|1824|0x0000000776c00000, 0x0000000776d00000, 0x0000000776d00000|100%| O|  |TAMS 0x0000000776d00000, 0x0000000776c00000| Updating 
|1825|0x0000000776d00000, 0x0000000776dffff8, 0x0000000776e00000| 99%| O|  |TAMS 0x0000000776dffff8, 0x0000000776d00000| Updating 
|1826|0x0000000776e00000, 0x0000000776effff0, 0x0000000776f00000| 99%| O|  |TAMS 0x0000000776effff0, 0x0000000776e00000| Updating 
|1827|0x0000000776f00000, 0x0000000777000000, 0x0000000777000000|100%| O|  |TAMS 0x0000000777000000, 0x0000000776f00000| Updating 
|1828|0x0000000777000000, 0x00000007770ffff0, 0x0000000777100000| 99%| O|  |TAMS 0x00000007770ffff0, 0x0000000777000000| Updating 
|1829|0x0000000777100000, 0x00000007771ffff8, 0x0000000777200000| 99%| O|  |TAMS 0x00000007771ffff8, 0x0000000777100000| Updating 
|1830|0x0000000777200000, 0x0000000777300000, 0x0000000777300000|100%| O|  |TAMS 0x0000000777300000, 0x0000000777200000| Updating 
|1831|0x0000000777300000, 0x00000007773fffe0, 0x0000000777400000| 99%| O|  |TAMS 0x00000007773fffe0, 0x0000000777300000| Updating 
|1832|0x0000000777400000, 0x00000007774ffff8, 0x0000000777500000| 99%| O|  |TAMS 0x00000007774ffff8, 0x0000000777400000| Updating 
|1833|0x0000000777500000, 0x00000007775fffe8, 0x0000000777600000| 99%| O|  |TAMS 0x00000007775fffe8, 0x0000000777500000| Updating 
|1834|0x0000000777600000, 0x00000007776ffe80, 0x0000000777700000| 99%| O|  |TAMS 0x00000007776ffe80, 0x0000000777600000| Updating 
|1835|0x0000000777700000, 0x00000007777fff50, 0x0000000777800000| 99%| O|  |TAMS 0x00000007777fff50, 0x0000000777700000| Updating 
|1836|0x0000000777800000, 0x00000007778ffff0, 0x0000000777900000| 99%| O|  |TAMS 0x00000007778ffff0, 0x0000000777800000| Updating 
|1837|0x0000000777900000, 0x00000007779ffff0, 0x0000000777a00000| 99%| O|  |TAMS 0x00000007779ffff0, 0x0000000777900000| Updating 
|1838|0x0000000777a00000, 0x0000000777b00000, 0x0000000777b00000|100%| O|  |TAMS 0x0000000777b00000, 0x0000000777a00000| Updating 
|1839|0x0000000777b00000, 0x0000000777bffff0, 0x0000000777c00000| 99%| O|  |TAMS 0x0000000777bffff0, 0x0000000777b00000| Updating 
|1840|0x0000000777c00000, 0x0000000777cfffe8, 0x0000000777d00000| 99%| O|  |TAMS 0x0000000777cfffe8, 0x0000000777c00000| Updating 
|1841|0x0000000777d00000, 0x0000000777e00000, 0x0000000777e00000|100%| O|  |TAMS 0x0000000777e00000, 0x0000000777d00000| Updating 
|1842|0x0000000777e00000, 0x0000000777f00000, 0x0000000777f00000|100%| O|  |TAMS 0x0000000777f00000, 0x0000000777e00000| Updating 
|1843|0x0000000777f00000, 0x0000000777fffff8, 0x0000000778000000| 99%| O|  |TAMS 0x0000000777fffff8, 0x0000000777f00000| Updating 
|1844|0x0000000778000000, 0x0000000778100000, 0x0000000778100000|100%| O|  |TAMS 0x0000000778100000, 0x0000000778000000| Updating 
|1845|0x0000000778100000, 0x0000000778200000, 0x0000000778200000|100%| O|  |TAMS 0x0000000778200000, 0x0000000778100000| Updating 
|1846|0x0000000778200000, 0x00000007782fffe8, 0x0000000778300000| 99%| O|  |TAMS 0x00000007782fffe8, 0x0000000778200000| Updating 
|1847|0x0000000778300000, 0x00000007783ffff8, 0x0000000778400000| 99%| O|  |TAMS 0x00000007783ffff8, 0x0000000778300000| Updating 
|1848|0x0000000778400000, 0x00000007784fffe8, 0x0000000778500000| 99%| O|  |TAMS 0x00000007784fffe8, 0x0000000778400000| Updating 
|1849|0x0000000778500000, 0x00000007785ffff8, 0x0000000778600000| 99%| O|  |TAMS 0x00000007785ffff8, 0x0000000778500000| Updating 
|1850|0x0000000778600000, 0x00000007786fffe8, 0x0000000778700000| 99%| O|  |TAMS 0x00000007786fffe8, 0x0000000778600000| Updating 
|1851|0x0000000778700000, 0x00000007787ffff8, 0x0000000778800000| 99%| O|  |TAMS 0x00000007787ffff8, 0x0000000778700000| Updating 
|1852|0x0000000778800000, 0x00000007788fff78, 0x0000000778900000| 99%| O|  |TAMS 0x00000007788fff78, 0x0000000778800000| Updating 
|1853|0x0000000778900000, 0x00000007789ffff0, 0x0000000778a00000| 99%| O|  |TAMS 0x00000007789ffff0, 0x0000000778900000| Updating 
|1854|0x0000000778a00000, 0x0000000778affff0, 0x0000000778b00000| 99%| O|  |TAMS 0x0000000778affff0, 0x0000000778a00000| Updating 
|1855|0x0000000778b00000, 0x0000000778bfffe0, 0x0000000778c00000| 99%| O|  |TAMS 0x0000000778bfffe0, 0x0000000778b00000| Updating 
|1856|0x0000000778c00000, 0x0000000778cffff0, 0x0000000778d00000| 99%| O|  |TAMS 0x0000000778cffff0, 0x0000000778c00000| Updating 
|1857|0x0000000778d00000, 0x0000000778dfffe8, 0x0000000778e00000| 99%| O|  |TAMS 0x0000000778dfffe8, 0x0000000778d00000| Updating 
|1858|0x0000000778e00000, 0x0000000778effff8, 0x0000000778f00000| 99%| O|  |TAMS 0x0000000778effff8, 0x0000000778e00000| Updating 
|1859|0x0000000778f00000, 0x0000000779000000, 0x0000000779000000|100%| O|  |TAMS 0x0000000779000000, 0x0000000778f00000| Updating 
|1860|0x0000000779000000, 0x00000007790ffff8, 0x0000000779100000| 99%| O|  |TAMS 0x00000007790ffff8, 0x0000000779000000| Updating 
|1861|0x0000000779100000, 0x00000007791ffff0, 0x0000000779200000| 99%| O|  |TAMS 0x00000007791ffff0, 0x0000000779100000| Updating 
|1862|0x0000000779200000, 0x00000007792ffff8, 0x0000000779300000| 99%| O|  |TAMS 0x00000007792ffff8, 0x0000000779200000| Updating 
|1863|0x0000000779300000, 0x00000007793ffff8, 0x0000000779400000| 99%| O|  |TAMS 0x00000007793ffff8, 0x0000000779300000| Updating 
|1864|0x0000000779400000, 0x00000007794ffff8, 0x0000000779500000| 99%| O|  |TAMS 0x00000007794ffff8, 0x0000000779400000| Updating 
|1865|0x0000000779500000, 0x0000000779600000, 0x0000000779600000|100%| O|  |TAMS 0x0000000779600000, 0x0000000779500000| Updating 
|1866|0x0000000779600000, 0x00000007796ffff0, 0x0000000779700000| 99%| O|  |TAMS 0x00000007796ffff0, 0x0000000779600000| Updating 
|1867|0x0000000779700000, 0x00000007797ffff0, 0x0000000779800000| 99%| O|  |TAMS 0x00000007797ffff0, 0x0000000779700000| Updating 
|1868|0x0000000779800000, 0x00000007798ffff8, 0x0000000779900000| 99%| O|  |TAMS 0x00000007798ffff8, 0x0000000779800000| Updating 
|1869|0x0000000779900000, 0x0000000779a00000, 0x0000000779a00000|100%| O|  |TAMS 0x0000000779a00000, 0x0000000779900000| Updating 
|1870|0x0000000779a00000, 0x0000000779affff8, 0x0000000779b00000| 99%| O|  |TAMS 0x0000000779affff8, 0x0000000779a00000| Updating 
|1871|0x0000000779b00000, 0x0000000779c00000, 0x0000000779c00000|100%| O|  |TAMS 0x0000000779c00000, 0x0000000779b00000| Updating 
|1872|0x0000000779c00000, 0x0000000779d00000, 0x0000000779d00000|100%| O|  |TAMS 0x0000000779d00000, 0x0000000779c00000| Updating 
|1873|0x0000000779d00000, 0x0000000779dfffe8, 0x0000000779e00000| 99%| O|  |TAMS 0x0000000779dfffe8, 0x0000000779d00000| Updating 
|1874|0x0000000779e00000, 0x0000000779effff8, 0x0000000779f00000| 99%| O|  |TAMS 0x0000000779effff8, 0x0000000779e00000| Updating 
|1875|0x0000000779f00000, 0x0000000779ffffd8, 0x000000077a000000| 99%| O|  |TAMS 0x0000000779ffffd8, 0x0000000779f00000| Updating 
|1876|0x000000077a000000, 0x000000077a100000, 0x000000077a100000|100%| O|  |TAMS 0x000000077a100000, 0x000000077a000000| Updating 
|1877|0x000000077a100000, 0x000000077a1ffbb8, 0x000000077a200000| 99%| O|  |TAMS 0x000000077a1ffbb8, 0x000000077a100000| Updating 
|1878|0x000000077a200000, 0x000000077a2fffd8, 0x000000077a300000| 99%| O|  |TAMS 0x000000077a2fffd8, 0x000000077a200000| Updating 
|1879|0x000000077a300000, 0x000000077a400000, 0x000000077a400000|100%| O|  |TAMS 0x000000077a400000, 0x000000077a300000| Updating 
|1880|0x000000077a400000, 0x000000077a4ffff8, 0x000000077a500000| 99%| O|  |TAMS 0x000000077a4ffff8, 0x000000077a400000| Updating 
|1881|0x000000077a500000, 0x000000077a5ffff8, 0x000000077a600000| 99%| O|  |TAMS 0x000000077a5ffff8, 0x000000077a500000| Updating 
|1882|0x000000077a600000, 0x000000077a6ffff8, 0x000000077a700000| 99%| O|  |TAMS 0x000000077a6ffff8, 0x000000077a600000| Updating 
|1883|0x000000077a700000, 0x000000077a7fffc0, 0x000000077a800000| 99%| O|  |TAMS 0x000000077a7fffc0, 0x000000077a700000| Updating 
|1884|0x000000077a800000, 0x000000077a900000, 0x000000077a900000|100%| O|  |TAMS 0x000000077a900000, 0x000000077a800000| Updating 
|1885|0x000000077a900000, 0x000000077a9ffff0, 0x000000077aa00000| 99%| O|  |TAMS 0x000000077a9ffff0, 0x000000077a900000| Updating 
|1886|0x000000077aa00000, 0x000000077aaffff0, 0x000000077ab00000| 99%| O|  |TAMS 0x000000077aaffff0, 0x000000077aa00000| Updating 
|1887|0x000000077ab00000, 0x000000077abfffe8, 0x000000077ac00000| 99%| O|  |TAMS 0x000000077abfffe8, 0x000000077ab00000| Updating 
|1888|0x000000077ac00000, 0x000000077acfffe8, 0x000000077ad00000| 99%| O|  |TAMS 0x000000077acfffe8, 0x000000077ac00000| Updating 
|1889|0x000000077ad00000, 0x000000077adfffe8, 0x000000077ae00000| 99%| O|  |TAMS 0x000000077adfffe8, 0x000000077ad00000| Updating 
|1890|0x000000077ae00000, 0x000000077aefffd0, 0x000000077af00000| 99%| O|  |TAMS 0x000000077aefffd0, 0x000000077ae00000| Updating 
|1891|0x000000077af00000, 0x000000077b000000, 0x000000077b000000|100%| O|  |TAMS 0x000000077b000000, 0x000000077af00000| Updating 
|1892|0x000000077b000000, 0x000000077b0fffd0, 0x000000077b100000| 99%| O|  |TAMS 0x000000077b0fffd0, 0x000000077b000000| Updating 
|1893|0x000000077b100000, 0x000000077b1fffe0, 0x000000077b200000| 99%| O|  |TAMS 0x000000077b1fffe0, 0x000000077b100000| Updating 
|1894|0x000000077b200000, 0x000000077b300000, 0x000000077b300000|100%| O|  |TAMS 0x000000077b300000, 0x000000077b200000| Updating 
|1895|0x000000077b300000, 0x000000077b3ffff0, 0x000000077b400000| 99%| O|  |TAMS 0x000000077b3ffff0, 0x000000077b300000| Updating 
|1896|0x000000077b400000, 0x000000077b4ffff8, 0x000000077b500000| 99%| O|  |TAMS 0x000000077b4ffff8, 0x000000077b400000| Updating 
|1897|0x000000077b500000, 0x000000077b600000, 0x000000077b600000|100%| O|  |TAMS 0x000000077b600000, 0x000000077b500000| Updating 
|1898|0x000000077b600000, 0x000000077b6ffec0, 0x000000077b700000| 99%| O|  |TAMS 0x000000077b6ffec0, 0x000000077b600000| Updating 
|1899|0x000000077b700000, 0x000000077b7ffff0, 0x000000077b800000| 99%| O|  |TAMS 0x000000077b7ffff0, 0x000000077b700000| Updating 
|1900|0x000000077b800000, 0x000000077b8ffff8, 0x000000077b900000| 99%| O|  |TAMS 0x000000077b8ffff8, 0x000000077b800000| Updating 
|1901|0x000000077b900000, 0x000000077ba00000, 0x000000077ba00000|100%| O|  |TAMS 0x000000077ba00000, 0x000000077b900000| Updating 
|1902|0x000000077ba00000, 0x000000077bb00000, 0x000000077bb00000|100%| O|  |TAMS 0x000000077bb00000, 0x000000077ba00000| Updating 
|1903|0x000000077bb00000, 0x000000077bc00000, 0x000000077bc00000|100%| O|  |TAMS 0x000000077bc00000, 0x000000077bb00000| Updating 
|1904|0x000000077bc00000, 0x000000077bcffff8, 0x000000077bd00000| 99%| O|  |TAMS 0x000000077bcffff8, 0x000000077bc00000| Updating 
|1905|0x000000077bd00000, 0x000000077be00000, 0x000000077be00000|100%| O|  |TAMS 0x000000077be00000, 0x000000077bd00000| Updating 
|1906|0x000000077be00000, 0x000000077bf00000, 0x000000077bf00000|100%| O|  |TAMS 0x000000077bf00000, 0x000000077be00000| Updating 
|1907|0x000000077bf00000, 0x000000077bfffff8, 0x000000077c000000| 99%| O|  |TAMS 0x000000077bfffff8, 0x000000077bf00000| Updating 
|1908|0x000000077c000000, 0x000000077c100000, 0x000000077c100000|100%| O|  |TAMS 0x000000077c100000, 0x000000077c000000| Updating 
|1909|0x000000077c100000, 0x000000077c1ffff8, 0x000000077c200000| 99%| O|  |TAMS 0x000000077c1ffff8, 0x000000077c100000| Updating 
|1910|0x000000077c200000, 0x000000077c2fff58, 0x000000077c300000| 99%| O|  |TAMS 0x000000077c2fff58, 0x000000077c200000| Updating 
|1911|0x000000077c300000, 0x000000077c3ffff8, 0x000000077c400000| 99%| O|  |TAMS 0x000000077c3ffff8, 0x000000077c300000| Updating 
|1912|0x000000077c400000, 0x000000077c4fffe8, 0x000000077c500000| 99%| O|  |TAMS 0x000000077c4fffe8, 0x000000077c400000| Updating 
|1913|0x000000077c500000, 0x000000077c5ffff8, 0x000000077c600000| 99%| O|  |TAMS 0x000000077c5ffff8, 0x000000077c500000| Updating 
|1914|0x000000077c600000, 0x000000077c6fff30, 0x000000077c700000| 99%| O|  |TAMS 0x000000077c6fff30, 0x000000077c600000| Updating 
|1915|0x000000077c700000, 0x000000077c7ffff8, 0x000000077c800000| 99%| O|  |TAMS 0x000000077c7ffff8, 0x000000077c700000| Updating 
|1916|0x000000077c800000, 0x000000077c8fffe0, 0x000000077c900000| 99%| O|  |TAMS 0x000000077c8fffe0, 0x000000077c800000| Updating 
|1917|0x000000077c900000, 0x000000077ca00000, 0x000000077ca00000|100%| O|  |TAMS 0x000000077ca00000, 0x000000077c900000| Updating 
|1918|0x000000077ca00000, 0x000000077caffff8, 0x000000077cb00000| 99%| O|  |TAMS 0x000000077caffff8, 0x000000077ca00000| Updating 
|1919|0x000000077cb00000, 0x000000077cbffff8, 0x000000077cc00000| 99%| O|  |TAMS 0x000000077cbffff8, 0x000000077cb00000| Updating 
|1920|0x000000077cc00000, 0x000000077ccffff0, 0x000000077cd00000| 99%| O|  |TAMS 0x000000077ccffff0, 0x000000077cc00000| Updating 
|1921|0x000000077cd00000, 0x000000077cdffff8, 0x000000077ce00000| 99%| O|  |TAMS 0x000000077cdffff8, 0x000000077cd00000| Updating 
|1922|0x000000077ce00000, 0x000000077cf00000, 0x000000077cf00000|100%| O|  |TAMS 0x000000077cf00000, 0x000000077ce00000| Updating 
|1923|0x000000077cf00000, 0x000000077cfffff0, 0x000000077d000000| 99%| O|  |TAMS 0x000000077cfffff0, 0x000000077cf00000| Updating 
|1924|0x000000077d000000, 0x000000077d100000, 0x000000077d100000|100%| O|  |TAMS 0x000000077d100000, 0x000000077d000000| Updating 
|1925|0x000000077d100000, 0x000000077d1ffff0, 0x000000077d200000| 99%| O|  |TAMS 0x000000077d1ffff0, 0x000000077d100000| Updating 
|1926|0x000000077d200000, 0x000000077d2fffe8, 0x000000077d300000| 99%| O|  |TAMS 0x000000077d2fffe8, 0x000000077d200000| Updating 
|1927|0x000000077d300000, 0x000000077d3ffff0, 0x000000077d400000| 99%| O|  |TAMS 0x000000077d3ffff0, 0x000000077d300000| Updating 
|1928|0x000000077d400000, 0x000000077d4ffff0, 0x000000077d500000| 99%| O|  |TAMS 0x000000077d4ffff0, 0x000000077d400000| Updating 
|1929|0x000000077d500000, 0x000000077d5ffff0, 0x000000077d600000| 99%| O|  |TAMS 0x000000077d5ffff0, 0x000000077d500000| Updating 
|1930|0x000000077d600000, 0x000000077d6ffff0, 0x000000077d700000| 99%| O|  |TAMS 0x000000077d6ffff0, 0x000000077d600000| Updating 
|1931|0x000000077d700000, 0x000000077d7ffff8, 0x000000077d800000| 99%| O|  |TAMS 0x000000077d7ffff8, 0x000000077d700000| Updating 
|1932|0x000000077d800000, 0x000000077d8fffe8, 0x000000077d900000| 99%| O|  |TAMS 0x000000077d8fffe8, 0x000000077d800000| Updating 
|1933|0x000000077d900000, 0x000000077da00000, 0x000000077da00000|100%| O|  |TAMS 0x000000077da00000, 0x000000077d900000| Updating 
|1934|0x000000077da00000, 0x000000077daffff8, 0x000000077db00000| 99%| O|  |TAMS 0x000000077daffff8, 0x000000077da00000| Updating 
|1935|0x000000077db00000, 0x000000077dbffff8, 0x000000077dc00000| 99%| O|  |TAMS 0x000000077dbffff8, 0x000000077db00000| Updating 
|1936|0x000000077dc00000, 0x000000077dd00000, 0x000000077dd00000|100%| O|  |TAMS 0x000000077dd00000, 0x000000077dc00000| Updating 
|1937|0x000000077dd00000, 0x000000077ddffff8, 0x000000077de00000| 99%| O|  |TAMS 0x000000077ddffff8, 0x000000077dd00000| Updating 
|1938|0x000000077de00000, 0x000000077df00000, 0x000000077df00000|100%| O|  |TAMS 0x000000077df00000, 0x000000077de00000| Updating 
|1939|0x000000077df00000, 0x000000077dfffff8, 0x000000077e000000| 99%| O|  |TAMS 0x000000077dfffff8, 0x000000077df00000| Updating 
|1940|0x000000077e000000, 0x000000077e0fff58, 0x000000077e100000| 99%| O|  |TAMS 0x000000077e0fff58, 0x000000077e000000| Updating 
|1941|0x000000077e100000, 0x000000077e200000, 0x000000077e200000|100%| O|  |TAMS 0x000000077e200000, 0x000000077e100000| Updating 
|1942|0x000000077e200000, 0x000000077e2fffe0, 0x000000077e300000| 99%| O|  |TAMS 0x000000077e2fffe0, 0x000000077e200000| Updating 
|1943|0x000000077e300000, 0x000000077e3fffe8, 0x000000077e400000| 99%| O|  |TAMS 0x000000077e3fffe8, 0x000000077e300000| Updating 
|1944|0x000000077e400000, 0x000000077e500000, 0x000000077e500000|100%| O|  |TAMS 0x000000077e500000, 0x000000077e400000| Updating 
|1945|0x000000077e500000, 0x000000077e600000, 0x000000077e600000|100%| O|  |TAMS 0x000000077e600000, 0x000000077e500000| Updating 
|1946|0x000000077e600000, 0x000000077e6ffff8, 0x000000077e700000| 99%| O|  |TAMS 0x000000077e6ffff8, 0x000000077e600000| Updating 
|1947|0x000000077e700000, 0x000000077e7ffff0, 0x000000077e800000| 99%| O|  |TAMS 0x000000077e7ffff0, 0x000000077e700000| Updating 
|1948|0x000000077e800000, 0x000000077e8ffff0, 0x000000077e900000| 99%| O|  |TAMS 0x000000077e8ffff0, 0x000000077e800000| Updating 
|1949|0x000000077e900000, 0x000000077e9fffe8, 0x000000077ea00000| 99%| O|  |TAMS 0x000000077e9fffe8, 0x000000077e900000| Updating 
|1950|0x000000077ea00000, 0x000000077eb00000, 0x000000077eb00000|100%| O|  |TAMS 0x000000077eb00000, 0x000000077ea00000| Updating 
|1951|0x000000077eb00000, 0x000000077ec00000, 0x000000077ec00000|100%| O|  |TAMS 0x000000077ec00000, 0x000000077eb00000| Updating 
|1952|0x000000077ec00000, 0x000000077ed00000, 0x000000077ed00000|100%| O|  |TAMS 0x000000077ed00000, 0x000000077ec00000| Updating 
|1953|0x000000077ed00000, 0x000000077edffff0, 0x000000077ee00000| 99%| O|  |TAMS 0x000000077edffff0, 0x000000077ed00000| Updating 
|1954|0x000000077ee00000, 0x000000077ef00000, 0x000000077ef00000|100%| O|  |TAMS 0x000000077ef00000, 0x000000077ee00000| Updating 
|1955|0x000000077ef00000, 0x000000077effff38, 0x000000077f000000| 99%| O|  |TAMS 0x000000077effff38, 0x000000077ef00000| Updating 
|1956|0x000000077f000000, 0x000000077f0ffff8, 0x000000077f100000| 99%| O|  |TAMS 0x000000077f0ffff8, 0x000000077f000000| Updating 
|1957|0x000000077f100000, 0x000000077f1fffe0, 0x000000077f200000| 99%| O|  |TAMS 0x000000077f1fffe0, 0x000000077f100000| Updating 
|1958|0x000000077f200000, 0x000000077f2ffff8, 0x000000077f300000| 99%| O|  |TAMS 0x000000077f2ffff8, 0x000000077f200000| Updating 
|1959|0x000000077f300000, 0x000000077f3ffff0, 0x000000077f400000| 99%| O|  |TAMS 0x000000077f3ffff0, 0x000000077f300000| Updating 
|1960|0x000000077f400000, 0x000000077f4ffff8, 0x000000077f500000| 99%| O|  |TAMS 0x000000077f4ffff8, 0x000000077f400000| Updating 
|1961|0x000000077f500000, 0x000000077f5fffc0, 0x000000077f600000| 99%| O|  |TAMS 0x000000077f5fffc0, 0x000000077f500000| Updating 
|1962|0x000000077f600000, 0x000000077f6ffff0, 0x000000077f700000| 99%| O|  |TAMS 0x000000077f6ffff0, 0x000000077f600000| Updating 
|1963|0x000000077f700000, 0x000000077f800000, 0x000000077f800000|100%| O|  |TAMS 0x000000077f800000, 0x000000077f700000| Updating 
|1964|0x000000077f800000, 0x000000077f8ffff8, 0x000000077f900000| 99%| O|  |TAMS 0x000000077f8ffff8, 0x000000077f800000| Updating 
|1965|0x000000077f900000, 0x000000077fa00000, 0x000000077fa00000|100%| O|  |TAMS 0x000000077fa00000, 0x000000077f900000| Updating 
|1966|0x000000077fa00000, 0x000000077fa00000, 0x000000077fb00000|  0%| F|  |TAMS 0x000000077fa00000, 0x000000077fa00000| Untracked 
|1967|0x000000077fb00000, 0x000000077fbfffe8, 0x000000077fc00000| 99%| O|  |TAMS 0x000000077fbfffe8, 0x000000077fb00000| Updating 
|1968|0x000000077fc00000, 0x000000077fcffff0, 0x000000077fd00000| 99%| O|  |TAMS 0x000000077fcffff0, 0x000000077fc00000| Updating 
|1969|0x000000077fd00000, 0x000000077fdffff8, 0x000000077fe00000| 99%| O|  |TAMS 0x000000077fdffff8, 0x000000077fd00000| Updating 
|1970|0x000000077fe00000, 0x000000077feffcf0, 0x000000077ff00000| 99%| O|  |TAMS 0x000000077feffcf0, 0x000000077fe00000| Updating 
|1971|0x000000077ff00000, 0x0000000780000000, 0x0000000780000000|100%| O|  |TAMS 0x0000000780000000, 0x000000077ff00000| Updating 
|1972|0x0000000780000000, 0x00000007800ffff0, 0x0000000780100000| 99%| O|  |TAMS 0x00000007800ffff0, 0x0000000780000000| Updating 
|1973|0x0000000780100000, 0x00000007801fffe8, 0x0000000780200000| 99%| O|  |TAMS 0x00000007801fffe8, 0x0000000780100000| Updating 
|1974|0x0000000780200000, 0x00000007802ffff0, 0x0000000780300000| 99%| O|  |TAMS 0x00000007802ffff0, 0x0000000780200000| Updating 
|1975|0x0000000780300000, 0x0000000780400000, 0x0000000780400000|100%| O|  |TAMS 0x0000000780400000, 0x0000000780300000| Updating 
|1976|0x0000000780400000, 0x00000007804ffff0, 0x0000000780500000| 99%| O|  |TAMS 0x00000007804ffff0, 0x0000000780400000| Updating 
|1977|0x0000000780500000, 0x0000000780600000, 0x0000000780600000|100%| O|  |TAMS 0x0000000780600000, 0x0000000780500000| Updating 
|1978|0x0000000780600000, 0x00000007806ffff0, 0x0000000780700000| 99%| O|  |TAMS 0x00000007806ffff0, 0x0000000780600000| Updating 
|1979|0x0000000780700000, 0x0000000780800000, 0x0000000780800000|100%| O|  |TAMS 0x0000000780800000, 0x0000000780700000| Updating 
|1980|0x0000000780800000, 0x00000007808ffff8, 0x0000000780900000| 99%| O|  |TAMS 0x00000007808ffff8, 0x0000000780800000| Updating 
|1981|0x0000000780900000, 0x00000007809fff88, 0x0000000780a00000| 99%| O|  |TAMS 0x00000007809fff88, 0x0000000780900000| Updating 
|1982|0x0000000780a00000, 0x0000000780afffe8, 0x0000000780b00000| 99%| O|  |TAMS 0x0000000780afffe8, 0x0000000780a00000| Updating 
|1983|0x0000000780b00000, 0x0000000780bfffe8, 0x0000000780c00000| 99%| O|  |TAMS 0x0000000780bfffe8, 0x0000000780b00000| Updating 
|1984|0x0000000780c00000, 0x0000000780d00000, 0x0000000780d00000|100%| O|  |TAMS 0x0000000780d00000, 0x0000000780c00000| Updating 
|1985|0x0000000780d00000, 0x0000000780e00000, 0x0000000780e00000|100%| O|  |TAMS 0x0000000780e00000, 0x0000000780d00000| Updating 
|1986|0x0000000780e00000, 0x0000000780effff0, 0x0000000780f00000| 99%| O|  |TAMS 0x0000000780effff0, 0x0000000780e00000| Updating 
|1987|0x0000000780f00000, 0x0000000781000000, 0x0000000781000000|100%| O|  |TAMS 0x0000000781000000, 0x0000000780f00000| Updating 
|1988|0x0000000781000000, 0x0000000781100000, 0x0000000781100000|100%| O|  |TAMS 0x0000000781100000, 0x0000000781000000| Updating 
|1989|0x0000000781100000, 0x00000007811ffff8, 0x0000000781200000| 99%| O|  |TAMS 0x00000007811ffff8, 0x0000000781100000| Updating 
|1990|0x0000000781200000, 0x0000000781300000, 0x0000000781300000|100%| O|  |TAMS 0x0000000781300000, 0x0000000781200000| Updating 
|1991|0x0000000781300000, 0x0000000781400000, 0x0000000781400000|100%| O|  |TAMS 0x0000000781400000, 0x0000000781300000| Updating 
|1992|0x0000000781400000, 0x0000000781500000, 0x0000000781500000|100%| O|  |TAMS 0x0000000781500000, 0x0000000781400000| Updating 
|1993|0x0000000781500000, 0x0000000781600000, 0x0000000781600000|100%| O|  |TAMS 0x0000000781600000, 0x0000000781500000| Updating 
|1994|0x0000000781600000, 0x0000000781600000, 0x0000000781700000|  0%| F|  |TAMS 0x0000000781600000, 0x0000000781600000| Untracked 
|1995|0x0000000781700000, 0x0000000781800000, 0x0000000781800000|100%| O|  |TAMS 0x0000000781800000, 0x0000000781700000| Updating 
|1996|0x0000000781800000, 0x0000000781800000, 0x0000000781900000|  0%| F|  |TAMS 0x0000000781800000, 0x0000000781800000| Untracked 
|1997|0x0000000781900000, 0x0000000781a00000, 0x0000000781a00000|100%| O|  |TAMS 0x0000000781a00000, 0x0000000781900000| Updating 
|1998|0x0000000781a00000, 0x0000000781b00000, 0x0000000781b00000|100%| O|  |TAMS 0x0000000781b00000, 0x0000000781a00000| Updating 
|1999|0x0000000781b00000, 0x0000000781c00000, 0x0000000781c00000|100%| O|  |TAMS 0x0000000781c00000, 0x0000000781b00000| Updating 
|2000|0x0000000781c00000, 0x0000000781cfffe8, 0x0000000781d00000| 99%| O|  |TAMS 0x0000000781cfffe8, 0x0000000781c00000| Updating 
|2001|0x0000000781d00000, 0x0000000781dfffe8, 0x0000000781e00000| 99%| O|  |TAMS 0x0000000781dfffe8, 0x0000000781d00000| Updating 
|2002|0x0000000781e00000, 0x0000000781effff8, 0x0000000781f00000| 99%| O|  |TAMS 0x0000000781effff8, 0x0000000781e00000| Updating 
|2003|0x0000000781f00000, 0x0000000781fffff8, 0x0000000782000000| 99%| O|  |TAMS 0x0000000781fffff8, 0x0000000781f00000| Updating 
|2004|0x0000000782000000, 0x00000007820ffff8, 0x0000000782100000| 99%| O|  |TAMS 0x00000007820ffff8, 0x0000000782000000| Updating 
|2005|0x0000000782100000, 0x0000000782200000, 0x0000000782200000|100%| O|  |TAMS 0x0000000782200000, 0x0000000782100000| Updating 
|2006|0x0000000782200000, 0x0000000782300000, 0x0000000782300000|100%| O|  |TAMS 0x0000000782300000, 0x0000000782200000| Updating 
|2007|0x0000000782300000, 0x00000007823ffff0, 0x0000000782400000| 99%| O|  |TAMS 0x00000007823ffff0, 0x0000000782300000| Updating 
|2008|0x0000000782400000, 0x0000000782500000, 0x0000000782500000|100%| O|  |TAMS 0x0000000782500000, 0x0000000782400000| Updating 
|2009|0x0000000782500000, 0x0000000782600000, 0x0000000782600000|100%| O|  |TAMS 0x0000000782600000, 0x0000000782500000| Updating 
|2010|0x0000000782600000, 0x0000000782700000, 0x0000000782700000|100%| O|  |TAMS 0x0000000782700000, 0x0000000782600000| Updating 
|2011|0x0000000782700000, 0x0000000782800000, 0x0000000782800000|100%| O|  |TAMS 0x0000000782800000, 0x0000000782700000| Updating 
|2012|0x0000000782800000, 0x00000007828ffff0, 0x0000000782900000| 99%| O|  |TAMS 0x00000007828ffff0, 0x0000000782800000| Updating 
|2013|0x0000000782900000, 0x0000000782900000, 0x0000000782a00000|  0%| F|  |TAMS 0x0000000782900000, 0x0000000782900000| Untracked 
|2014|0x0000000782a00000, 0x0000000782b00000, 0x0000000782b00000|100%| O|  |TAMS 0x0000000782b00000, 0x0000000782a00000| Updating 
|2015|0x0000000782b00000, 0x0000000782bfff90, 0x0000000782c00000| 99%| O|  |TAMS 0x0000000782bfff90, 0x0000000782b00000| Updating 
|2016|0x0000000782c00000, 0x0000000782cfffe8, 0x0000000782d00000| 99%| O|  |TAMS 0x0000000782cfffe8, 0x0000000782c00000| Updating 
|2017|0x0000000782d00000, 0x0000000782dfffe8, 0x0000000782e00000| 99%| O|  |TAMS 0x0000000782dfffe8, 0x0000000782d00000| Updating 
|2018|0x0000000782e00000, 0x0000000782effff8, 0x0000000782f00000| 99%| O|  |TAMS 0x0000000782effff8, 0x0000000782e00000| Updating 
|2019|0x0000000782f00000, 0x0000000783000000, 0x0000000783000000|100%| O|  |TAMS 0x0000000783000000, 0x0000000782f00000| Updating 
|2020|0x0000000783000000, 0x00000007830fffe0, 0x0000000783100000| 99%| O|  |TAMS 0x00000007830fffe0, 0x0000000783000000| Updating 
|2021|0x0000000783100000, 0x00000007831ffff8, 0x0000000783200000| 99%| O|  |TAMS 0x00000007831ffff8, 0x0000000783100000| Updating 
|2022|0x0000000783200000, 0x00000007832ffff8, 0x0000000783300000| 99%| O|  |TAMS 0x00000007832ffff8, 0x0000000783200000| Updating 
|2023|0x0000000783300000, 0x00000007833ffff8, 0x0000000783400000| 99%| O|  |TAMS 0x00000007833ffff8, 0x0000000783300000| Updating 
|2024|0x0000000783400000, 0x00000007834ffff8, 0x0000000783500000| 99%| O|  |TAMS 0x00000007834ffff8, 0x0000000783400000| Updating 
|2025|0x0000000783500000, 0x00000007835ffff0, 0x0000000783600000| 99%| O|  |TAMS 0x00000007835ffff0, 0x0000000783500000| Updating 
|2026|0x0000000783600000, 0x00000007836ffff0, 0x0000000783700000| 99%| O|  |TAMS 0x00000007836ffff0, 0x0000000783600000| Updating 
|2027|0x0000000783700000, 0x0000000783800000, 0x0000000783800000|100%| O|  |TAMS 0x0000000783800000, 0x0000000783700000| Updating 
|2028|0x0000000783800000, 0x00000007838ffff8, 0x0000000783900000| 99%| O|  |TAMS 0x00000007838ffff8, 0x0000000783800000| Updating 
|2029|0x0000000783900000, 0x0000000783a00000, 0x0000000783a00000|100%| O|  |TAMS 0x0000000783a00000, 0x0000000783900000| Updating 
|2030|0x0000000783a00000, 0x0000000783affff8, 0x0000000783b00000| 99%| O|  |TAMS 0x0000000783affff8, 0x0000000783a00000| Updating 
|2031|0x0000000783b00000, 0x0000000783bffff8, 0x0000000783c00000| 99%| O|  |TAMS 0x0000000783bffff8, 0x0000000783b00000| Updating 
|2032|0x0000000783c00000, 0x0000000783cffff8, 0x0000000783d00000| 99%| O|  |TAMS 0x0000000783cffff8, 0x0000000783c00000| Updating 
|2033|0x0000000783d00000, 0x0000000783dfff88, 0x0000000783e00000| 99%| O|  |TAMS 0x0000000783dfff88, 0x0000000783d00000| Updating 
|2034|0x0000000783e00000, 0x0000000783efffd8, 0x0000000783f00000| 99%| O|  |TAMS 0x0000000783efffd8, 0x0000000783e00000| Updating 
|2035|0x0000000783f00000, 0x0000000783ffffe8, 0x0000000784000000| 99%| O|  |TAMS 0x0000000783ffffe8, 0x0000000783f00000| Updating 
|2036|0x0000000784000000, 0x0000000784100000, 0x0000000784100000|100%| O|  |TAMS 0x0000000784100000, 0x0000000784000000| Updating 
|2037|0x0000000784100000, 0x00000007841ffff8, 0x0000000784200000| 99%| O|  |TAMS 0x00000007841ffff8, 0x0000000784100000| Updating 
|2038|0x0000000784200000, 0x00000007842fe880, 0x0000000784300000| 99%| O|  |TAMS 0x00000007842fe880, 0x0000000784200000| Updating 
|2039|0x0000000784300000, 0x00000007843ffff0, 0x0000000784400000| 99%| O|  |TAMS 0x00000007843ffff0, 0x0000000784300000| Updating 
|2040|0x0000000784400000, 0x00000007844fff88, 0x0000000784500000| 99%| O|  |TAMS 0x00000007844fff88, 0x0000000784400000| Updating 
|2041|0x0000000784500000, 0x0000000784600000, 0x0000000784600000|100%| O|  |TAMS 0x0000000784600000, 0x0000000784500000| Updating 
|2042|0x0000000784600000, 0x00000007846fedd8, 0x0000000784700000| 99%| O|  |TAMS 0x00000007846fedd8, 0x0000000784600000| Updating 
|2043|0x0000000784700000, 0x00000007847fffd0, 0x0000000784800000| 99%| O|  |TAMS 0x00000007847fffd0, 0x0000000784700000| Updating 
|2044|0x0000000784800000, 0x00000007848fa8d8, 0x0000000784900000| 97%| O|  |TAMS 0x00000007848fa8d8, 0x0000000784800000| Updating 
|2045|0x0000000784900000, 0x0000000784a00000, 0x0000000784a00000|100%| O|  |TAMS 0x0000000784a00000, 0x0000000784900000| Updating 
|2046|0x0000000784a00000, 0x0000000784a00000, 0x0000000784b00000|  0%| F|  |TAMS 0x0000000784a00000, 0x0000000784a00000| Untracked 
|2047|0x0000000784b00000, 0x0000000784bffff8, 0x0000000784c00000| 99%| O|  |TAMS 0x0000000784bffff8, 0x0000000784b00000| Updating 
|2048|0x0000000784c00000, 0x0000000784cfffe8, 0x0000000784d00000| 99%| O|  |TAMS 0x0000000784cfffe8, 0x0000000784c00000| Updating 
|2049|0x0000000784d00000, 0x0000000784d00000, 0x0000000784e00000|  0%| F|  |TAMS 0x0000000784d00000, 0x0000000784d00000| Untracked 
|2050|0x0000000784e00000, 0x0000000784f00000, 0x0000000784f00000|100%| O|  |TAMS 0x0000000784f00000, 0x0000000784e00000| Updating 
|2051|0x0000000784f00000, 0x0000000784ffded8, 0x0000000785000000| 99%| O|  |TAMS 0x0000000784ffded8, 0x0000000784f00000| Updating 
|2052|0x0000000785000000, 0x00000007850ec1b8, 0x0000000785100000| 92%| O|  |TAMS 0x00000007850ec1b8, 0x0000000785000000| Updating 
|2053|0x0000000785100000, 0x0000000785200000, 0x0000000785200000|100%| O|  |TAMS 0x0000000785200000, 0x0000000785100000| Updating 
|2054|0x0000000785200000, 0x0000000785300000, 0x0000000785300000|100%| O|  |TAMS 0x0000000785300000, 0x0000000785200000| Updating 
|2055|0x0000000785300000, 0x0000000785400000, 0x0000000785400000|100%| O|  |TAMS 0x0000000785400000, 0x0000000785300000| Updating 
|2056|0x0000000785400000, 0x0000000785400000, 0x0000000785500000|  0%| F|  |TAMS 0x0000000785400000, 0x0000000785400000| Untracked 
|2057|0x0000000785500000, 0x0000000785600000, 0x0000000785600000|100%| O|  |TAMS 0x0000000785600000, 0x0000000785500000| Updating 
|2058|0x0000000785600000, 0x0000000785700000, 0x0000000785700000|100%| O|  |TAMS 0x0000000785700000, 0x0000000785600000| Updating 
|2059|0x0000000785700000, 0x0000000785700000, 0x0000000785800000|  0%| F|  |TAMS 0x0000000785700000, 0x0000000785700000| Untracked 
|2060|0x0000000785800000, 0x0000000785900000, 0x0000000785900000|100%| O|  |TAMS 0x0000000785900000, 0x0000000785800000| Updating 
|2061|0x0000000785900000, 0x0000000785a00000, 0x0000000785a00000|100%| O|  |TAMS 0x0000000785a00000, 0x0000000785900000| Updating 
|2062|0x0000000785a00000, 0x0000000785a00000, 0x0000000785b00000|  0%| F|  |TAMS 0x0000000785a00000, 0x0000000785a00000| Untracked 
|2063|0x0000000785b00000, 0x0000000785c00000, 0x0000000785c00000|100%| O|  |TAMS 0x0000000785c00000, 0x0000000785b00000| Updating 
|2064|0x0000000785c00000, 0x0000000785c00000, 0x0000000785d00000|  0%| F|  |TAMS 0x0000000785c00000, 0x0000000785c00000| Untracked 
|2065|0x0000000785d00000, 0x0000000785e00000, 0x0000000785e00000|100%| O|  |TAMS 0x0000000785e00000, 0x0000000785d00000| Updating 
|2066|0x0000000785e00000, 0x0000000785f00000, 0x0000000785f00000|100%| O|  |TAMS 0x0000000785f00000, 0x0000000785e00000| Updating 
|2067|0x0000000785f00000, 0x0000000785f00000, 0x0000000786000000|  0%| F|  |TAMS 0x0000000785f00000, 0x0000000785f00000| Untracked 
|2068|0x0000000786000000, 0x0000000786100000, 0x0000000786100000|100%| O|  |TAMS 0x0000000786100000, 0x0000000786000000| Updating 
|2069|0x0000000786100000, 0x0000000786100000, 0x0000000786200000|  0%| F|  |TAMS 0x0000000786100000, 0x0000000786100000| Untracked 
|2070|0x0000000786200000, 0x0000000786300000, 0x0000000786300000|100%| O|  |TAMS 0x0000000786300000, 0x0000000786200000| Updating 
|2071|0x0000000786300000, 0x0000000786400000, 0x0000000786400000|100%| O|  |TAMS 0x0000000786400000, 0x0000000786300000| Updating 
|2072|0x0000000786400000, 0x0000000786500000, 0x0000000786500000|100%| O|  |TAMS 0x0000000786500000, 0x0000000786400000| Updating 
|2073|0x0000000786500000, 0x0000000786500000, 0x0000000786600000|  0%| F|  |TAMS 0x0000000786500000, 0x0000000786500000| Untracked 
|2074|0x0000000786600000, 0x0000000786600000, 0x0000000786700000|  0%| F|  |TAMS 0x0000000786600000, 0x0000000786600000| Untracked 
|2075|0x0000000786700000, 0x0000000786800000, 0x0000000786800000|100%| O|  |TAMS 0x0000000786800000, 0x0000000786700000| Updating 
|2076|0x0000000786800000, 0x0000000786900000, 0x0000000786900000|100%| O|  |TAMS 0x0000000786900000, 0x0000000786800000| Updating 
|2077|0x0000000786900000, 0x0000000786a00000, 0x0000000786a00000|100%|HS|  |TAMS 0x0000000786a00000, 0x0000000786900000| Complete 
|2078|0x0000000786a00000, 0x0000000786b00000, 0x0000000786b00000|100%|HC|  |TAMS 0x0000000786b00000, 0x0000000786a00000| Complete 
|2079|0x0000000786b00000, 0x0000000786c00000, 0x0000000786c00000|100%|HC|  |TAMS 0x0000000786c00000, 0x0000000786b00000| Complete 
|2080|0x0000000786c00000, 0x0000000786c00000, 0x0000000786d00000|  0%| F|  |TAMS 0x0000000786c00000, 0x0000000786c00000| Untracked 
|2081|0x0000000786d00000, 0x0000000786e00000, 0x0000000786e00000|100%| O|  |TAMS 0x0000000786e00000, 0x0000000786d00000| Updating 
|2082|0x0000000786e00000, 0x0000000786f00000, 0x0000000786f00000|100%| O|  |TAMS 0x0000000786f00000, 0x0000000786e00000| Updating 
|2083|0x0000000786f00000, 0x0000000786f00000, 0x0000000787000000|  0%| F|  |TAMS 0x0000000786f00000, 0x0000000786f00000| Untracked 
|2084|0x0000000787000000, 0x0000000787000000, 0x0000000787100000|  0%| F|  |TAMS 0x0000000787000000, 0x0000000787000000| Untracked 
|2085|0x0000000787100000, 0x0000000787100000, 0x0000000787200000|  0%| F|  |TAMS 0x0000000787100000, 0x0000000787100000| Untracked 
|2086|0x0000000787200000, 0x0000000787300000, 0x0000000787300000|100%| O|  |TAMS 0x0000000787300000, 0x0000000787200000| Updating 
|2087|0x0000000787300000, 0x0000000787300000, 0x0000000787400000|  0%| F|  |TAMS 0x0000000787300000, 0x0000000787300000| Untracked 
|2088|0x0000000787400000, 0x0000000787500000, 0x0000000787500000|100%| O|  |TAMS 0x0000000787500000, 0x0000000787400000| Updating 
|2089|0x0000000787500000, 0x0000000787600000, 0x0000000787600000|100%| O|  |TAMS 0x0000000787600000, 0x0000000787500000| Updating 
|2090|0x0000000787600000, 0x0000000787700000, 0x0000000787700000|100%| O|  |TAMS 0x0000000787700000, 0x0000000787600000| Updating 
|2091|0x0000000787700000, 0x0000000787800000, 0x0000000787800000|100%| O|  |TAMS 0x0000000787800000, 0x0000000787700000| Updating 
|2092|0x0000000787800000, 0x0000000787800000, 0x0000000787900000|  0%| F|  |TAMS 0x0000000787800000, 0x0000000787800000| Untracked 
|2093|0x0000000787900000, 0x0000000787a00000, 0x0000000787a00000|100%| O|  |TAMS 0x0000000787a00000, 0x0000000787900000| Updating 
|2094|0x0000000787a00000, 0x0000000787b00000, 0x0000000787b00000|100%| O|  |TAMS 0x0000000787b00000, 0x0000000787a00000| Updating 
|2095|0x0000000787b00000, 0x0000000787b00000, 0x0000000787c00000|  0%| F|  |TAMS 0x0000000787b00000, 0x0000000787b00000| Untracked 
|2096|0x0000000787c00000, 0x0000000787c00000, 0x0000000787d00000|  0%| F|  |TAMS 0x0000000787c00000, 0x0000000787c00000| Untracked 
|2097|0x0000000787d00000, 0x0000000787d00000, 0x0000000787e00000|  0%| F|  |TAMS 0x0000000787d00000, 0x0000000787d00000| Untracked 
|2098|0x0000000787e00000, 0x0000000787e00000, 0x0000000787f00000|  0%| F|  |TAMS 0x0000000787e00000, 0x0000000787e00000| Untracked 
|2099|0x0000000787f00000, 0x0000000787f00000, 0x0000000788000000|  0%| F|  |TAMS 0x0000000787f00000, 0x0000000787f00000| Untracked 
|2100|0x0000000788000000, 0x0000000788100000, 0x0000000788100000|100%| O|  |TAMS 0x0000000788100000, 0x0000000788000000| Updating 
|2101|0x0000000788100000, 0x0000000788200000, 0x0000000788200000|100%| O|  |TAMS 0x0000000788200000, 0x0000000788100000| Updating 
|2102|0x0000000788200000, 0x0000000788200000, 0x0000000788300000|  0%| F|  |TAMS 0x0000000788200000, 0x0000000788200000| Untracked 
|2103|0x0000000788300000, 0x0000000788400000, 0x0000000788400000|100%| O|  |TAMS 0x0000000788400000, 0x0000000788300000| Updating 
|2104|0x0000000788400000, 0x0000000788400000, 0x0000000788500000|  0%| F|  |TAMS 0x0000000788400000, 0x0000000788400000| Untracked 
|2105|0x0000000788500000, 0x0000000788600000, 0x0000000788600000|100%| O|  |TAMS 0x0000000788600000, 0x0000000788500000| Updating 
|2106|0x0000000788600000, 0x0000000788700000, 0x0000000788700000|100%| O|  |TAMS 0x0000000788700000, 0x0000000788600000| Updating 
|2107|0x0000000788700000, 0x0000000788800000, 0x0000000788800000|100%| O|  |TAMS 0x0000000788800000, 0x0000000788700000| Updating 
|2108|0x0000000788800000, 0x0000000788900000, 0x0000000788900000|100%| O|  |TAMS 0x0000000788900000, 0x0000000788800000| Updating 
|2109|0x0000000788900000, 0x0000000788a00000, 0x0000000788a00000|100%| O|  |TAMS 0x0000000788a00000, 0x0000000788900000| Updating 
|2110|0x0000000788a00000, 0x0000000788a00000, 0x0000000788b00000|  0%| F|  |TAMS 0x0000000788a00000, 0x0000000788a00000| Untracked 
|2111|0x0000000788b00000, 0x0000000788c00000, 0x0000000788c00000|100%| O|  |TAMS 0x0000000788c00000, 0x0000000788b00000| Updating 
|2112|0x0000000788c00000, 0x0000000788d00000, 0x0000000788d00000|100%| O|  |TAMS 0x0000000788d00000, 0x0000000788c00000| Updating 
|2113|0x0000000788d00000, 0x0000000788e00000, 0x0000000788e00000|100%| O|  |TAMS 0x0000000788e00000, 0x0000000788d00000| Updating 
|2114|0x0000000788e00000, 0x0000000788e00000, 0x0000000788f00000|  0%| F|  |TAMS 0x0000000788e00000, 0x0000000788e00000| Untracked 
|2115|0x0000000788f00000, 0x0000000789000000, 0x0000000789000000|100%| O|  |TAMS 0x0000000789000000, 0x0000000788f00000| Updating 
|2116|0x0000000789000000, 0x0000000789100000, 0x0000000789100000|100%| O|  |TAMS 0x0000000789100000, 0x0000000789000000| Updating 
|2117|0x0000000789100000, 0x0000000789100000, 0x0000000789200000|  0%| F|  |TAMS 0x0000000789100000, 0x0000000789100000| Untracked 
|2118|0x0000000789200000, 0x0000000789200000, 0x0000000789300000|  0%| F|  |TAMS 0x0000000789200000, 0x0000000789200000| Untracked 
|2119|0x0000000789300000, 0x0000000789400000, 0x0000000789400000|100%| O|  |TAMS 0x0000000789400000, 0x0000000789300000| Updating 
|2120|0x0000000789400000, 0x0000000789500000, 0x0000000789500000|100%| O|  |TAMS 0x0000000789500000, 0x0000000789400000| Updating 
|2121|0x0000000789500000, 0x0000000789500000, 0x0000000789600000|  0%| F|  |TAMS 0x0000000789500000, 0x0000000789500000| Untracked 
|2122|0x0000000789600000, 0x0000000789700000, 0x0000000789700000|100%| O|  |TAMS 0x0000000789700000, 0x0000000789600000| Updating 
|2123|0x0000000789700000, 0x0000000789800000, 0x0000000789800000|100%| O|  |TAMS 0x0000000789800000, 0x0000000789700000| Updating 
|2124|0x0000000789800000, 0x0000000789900000, 0x0000000789900000|100%| O|  |TAMS 0x0000000789900000, 0x0000000789800000| Updating 
|2125|0x0000000789900000, 0x0000000789900000, 0x0000000789a00000|  0%| F|  |TAMS 0x0000000789900000, 0x0000000789900000| Untracked 
|2126|0x0000000789a00000, 0x0000000789b00000, 0x0000000789b00000|100%| O|  |TAMS 0x0000000789b00000, 0x0000000789a00000| Updating 
|2127|0x0000000789b00000, 0x0000000789c00000, 0x0000000789c00000|100%| O|  |TAMS 0x0000000789c00000, 0x0000000789b00000| Updating 
|2128|0x0000000789c00000, 0x0000000789c00000, 0x0000000789d00000|  0%| F|  |TAMS 0x0000000789c00000, 0x0000000789c00000| Untracked 
|2129|0x0000000789d00000, 0x0000000789e00000, 0x0000000789e00000|100%| O|  |TAMS 0x0000000789e00000, 0x0000000789d00000| Updating 
|2130|0x0000000789e00000, 0x0000000789f00000, 0x0000000789f00000|100%| O|  |TAMS 0x0000000789f00000, 0x0000000789e00000| Updating 
|2131|0x0000000789f00000, 0x000000078a000000, 0x000000078a000000|100%| O|  |TAMS 0x000000078a000000, 0x0000000789f00000| Updating 
|2132|0x000000078a000000, 0x000000078a100000, 0x000000078a100000|100%| O|  |TAMS 0x000000078a100000, 0x000000078a000000| Updating 
|2133|0x000000078a100000, 0x000000078a200000, 0x000000078a200000|100%| O|  |TAMS 0x000000078a200000, 0x000000078a100000| Updating 
|2134|0x000000078a200000, 0x000000078a300000, 0x000000078a300000|100%| O|  |TAMS 0x000000078a300000, 0x000000078a200000| Updating 
|2135|0x000000078a300000, 0x000000078a300000, 0x000000078a400000|  0%| F|  |TAMS 0x000000078a300000, 0x000000078a300000| Untracked 
|2136|0x000000078a400000, 0x000000078a400000, 0x000000078a500000|  0%| F|  |TAMS 0x000000078a400000, 0x000000078a400000| Untracked 
|2137|0x000000078a500000, 0x000000078a600000, 0x000000078a600000|100%| O|  |TAMS 0x000000078a600000, 0x000000078a500000| Updating 
|2138|0x000000078a600000, 0x000000078a700000, 0x000000078a700000|100%| O|  |TAMS 0x000000078a700000, 0x000000078a600000| Updating 
|2139|0x000000078a700000, 0x000000078a800000, 0x000000078a800000|100%| O|  |TAMS 0x000000078a800000, 0x000000078a700000| Updating 
|2140|0x000000078a800000, 0x000000078a900000, 0x000000078a900000|100%| O|  |TAMS 0x000000078a900000, 0x000000078a800000| Updating 
|2141|0x000000078a900000, 0x000000078a900000, 0x000000078aa00000|  0%| F|  |TAMS 0x000000078a900000, 0x000000078a900000| Untracked 
|2142|0x000000078aa00000, 0x000000078ab00000, 0x000000078ab00000|100%| O|  |TAMS 0x000000078ab00000, 0x000000078aa00000| Updating 
|2143|0x000000078ab00000, 0x000000078ab00000, 0x000000078ac00000|  0%| F|  |TAMS 0x000000078ab00000, 0x000000078ab00000| Untracked 
|2144|0x000000078ac00000, 0x000000078ac00000, 0x000000078ad00000|  0%| F|  |TAMS 0x000000078ac00000, 0x000000078ac00000| Untracked 
|2145|0x000000078ad00000, 0x000000078ae00000, 0x000000078ae00000|100%| O|  |TAMS 0x000000078ae00000, 0x000000078ad00000| Updating 
|2146|0x000000078ae00000, 0x000000078af00000, 0x000000078af00000|100%| O|  |TAMS 0x000000078af00000, 0x000000078ae00000| Updating 
|2147|0x000000078af00000, 0x000000078b000000, 0x000000078b000000|100%| O|  |TAMS 0x000000078b000000, 0x000000078af00000| Updating 
|2148|0x000000078b000000, 0x000000078b100000, 0x000000078b100000|100%| O|  |TAMS 0x000000078b100000, 0x000000078b000000| Updating 
|2149|0x000000078b100000, 0x000000078b200000, 0x000000078b200000|100%| O|  |TAMS 0x000000078b200000, 0x000000078b100000| Updating 
|2150|0x000000078b200000, 0x000000078b200000, 0x000000078b300000|  0%| F|  |TAMS 0x000000078b200000, 0x000000078b200000| Untracked 
|2151|0x000000078b300000, 0x000000078b400000, 0x000000078b400000|100%| O|  |TAMS 0x000000078b400000, 0x000000078b300000| Updating 
|2152|0x000000078b400000, 0x000000078b500000, 0x000000078b500000|100%| O|  |TAMS 0x000000078b500000, 0x000000078b400000| Updating 
|2153|0x000000078b500000, 0x000000078b600000, 0x000000078b600000|100%| O|  |TAMS 0x000000078b600000, 0x000000078b500000| Updating 
|2154|0x000000078b600000, 0x000000078b700000, 0x000000078b700000|100%| O|  |TAMS 0x000000078b700000, 0x000000078b600000| Updating 
|2155|0x000000078b700000, 0x000000078b800000, 0x000000078b800000|100%| O|  |TAMS 0x000000078b800000, 0x000000078b700000| Updating 
|2156|0x000000078b800000, 0x000000078b900000, 0x000000078b900000|100%| O|  |TAMS 0x000000078b900000, 0x000000078b800000| Updating 
|2157|0x000000078b900000, 0x000000078b900000, 0x000000078ba00000|  0%| F|  |TAMS 0x000000078b900000, 0x000000078b900000| Untracked 
|2158|0x000000078ba00000, 0x000000078bb00000, 0x000000078bb00000|100%| O|  |TAMS 0x000000078bb00000, 0x000000078ba00000| Updating 
|2159|0x000000078bb00000, 0x000000078bc00000, 0x000000078bc00000|100%| O|  |TAMS 0x000000078bc00000, 0x000000078bb00000| Updating 
|2160|0x000000078bc00000, 0x000000078bc00000, 0x000000078bd00000|  0%| F|  |TAMS 0x000000078bc00000, 0x000000078bc00000| Untracked 
|2161|0x000000078bd00000, 0x000000078be00000, 0x000000078be00000|100%| O|  |TAMS 0x000000078be00000, 0x000000078bd00000| Updating 
|2162|0x000000078be00000, 0x000000078bf00000, 0x000000078bf00000|100%| O|  |TAMS 0x000000078bf00000, 0x000000078be00000| Updating 
|2163|0x000000078bf00000, 0x000000078c000000, 0x000000078c000000|100%| O|  |TAMS 0x000000078c000000, 0x000000078bf00000| Updating 
|2164|0x000000078c000000, 0x000000078c000000, 0x000000078c100000|  0%| F|  |TAMS 0x000000078c000000, 0x000000078c000000| Untracked 
|2165|0x000000078c100000, 0x000000078c100000, 0x000000078c200000|  0%| F|  |TAMS 0x000000078c100000, 0x000000078c100000| Untracked 
|2166|0x000000078c200000, 0x000000078c200000, 0x000000078c300000|  0%| F|  |TAMS 0x000000078c200000, 0x000000078c200000| Untracked 
|2167|0x000000078c300000, 0x000000078c400000, 0x000000078c400000|100%| O|  |TAMS 0x000000078c400000, 0x000000078c300000| Updating 
|2168|0x000000078c400000, 0x000000078c500000, 0x000000078c500000|100%| O|  |TAMS 0x000000078c500000, 0x000000078c400000| Updating 
|2169|0x000000078c500000, 0x000000078c600000, 0x000000078c600000|100%| O|  |TAMS 0x000000078c600000, 0x000000078c500000| Updating 
|2170|0x000000078c600000, 0x000000078c600000, 0x000000078c700000|  0%| F|  |TAMS 0x000000078c600000, 0x000000078c600000| Untracked 
|2171|0x000000078c700000, 0x000000078c800000, 0x000000078c800000|100%| O|  |TAMS 0x000000078c800000, 0x000000078c700000| Updating 
|2172|0x000000078c800000, 0x000000078c900000, 0x000000078c900000|100%| O|  |TAMS 0x000000078c900000, 0x000000078c800000| Updating 
|2173|0x000000078c900000, 0x000000078c900000, 0x000000078ca00000|  0%| F|  |TAMS 0x000000078c900000, 0x000000078c900000| Untracked 
|2174|0x000000078ca00000, 0x000000078cb00000, 0x000000078cb00000|100%| O|  |TAMS 0x000000078cb00000, 0x000000078ca00000| Updating 
|2175|0x000000078cb00000, 0x000000078cc00000, 0x000000078cc00000|100%| O|  |TAMS 0x000000078cc00000, 0x000000078cb00000| Updating 
|2176|0x000000078cc00000, 0x000000078cc00000, 0x000000078cd00000|  0%| F|  |TAMS 0x000000078cc00000, 0x000000078cc00000| Untracked 
|2177|0x000000078cd00000, 0x000000078ce00000, 0x000000078ce00000|100%| O|  |TAMS 0x000000078ce00000, 0x000000078cd00000| Updating 
|2178|0x000000078ce00000, 0x000000078cf00000, 0x000000078cf00000|100%| O|  |TAMS 0x000000078cf00000, 0x000000078ce00000| Updating 
|2179|0x000000078cf00000, 0x000000078d000000, 0x000000078d000000|100%| O|  |TAMS 0x000000078d000000, 0x000000078cf00000| Updating 
|2180|0x000000078d000000, 0x000000078d000000, 0x000000078d100000|  0%| F|  |TAMS 0x000000078d000000, 0x000000078d000000| Untracked 
|2181|0x000000078d100000, 0x000000078d100000, 0x000000078d200000|  0%| F|  |TAMS 0x000000078d100000, 0x000000078d100000| Untracked 
|2182|0x000000078d200000, 0x000000078d300000, 0x000000078d300000|100%| O|  |TAMS 0x000000078d300000, 0x000000078d200000| Updating 
|2183|0x000000078d300000, 0x000000078d400000, 0x000000078d400000|100%| O|  |TAMS 0x000000078d400000, 0x000000078d300000| Updating 
|2184|0x000000078d400000, 0x000000078d500000, 0x000000078d500000|100%| O|  |TAMS 0x000000078d500000, 0x000000078d400000| Updating 
|2185|0x000000078d500000, 0x000000078d600000, 0x000000078d600000|100%| O|  |TAMS 0x000000078d600000, 0x000000078d500000| Updating 
|2186|0x000000078d600000, 0x000000078d700000, 0x000000078d700000|100%| O|  |TAMS 0x000000078d700000, 0x000000078d600000| Updating 
|2187|0x000000078d700000, 0x000000078d800000, 0x000000078d800000|100%| O|  |TAMS 0x000000078d800000, 0x000000078d700000| Updating 
|2188|0x000000078d800000, 0x000000078d900000, 0x000000078d900000|100%| O|  |TAMS 0x000000078d900000, 0x000000078d800000| Updating 
|2189|0x000000078d900000, 0x000000078da00000, 0x000000078da00000|100%| O|  |TAMS 0x000000078da00000, 0x000000078d900000| Updating 
|2190|0x000000078da00000, 0x000000078db00000, 0x000000078db00000|100%| O|  |TAMS 0x000000078db00000, 0x000000078da00000| Updating 
|2191|0x000000078db00000, 0x000000078dc00000, 0x000000078dc00000|100%| O|  |TAMS 0x000000078dc00000, 0x000000078db00000| Updating 
|2192|0x000000078dc00000, 0x000000078dd00000, 0x000000078dd00000|100%| O|  |TAMS 0x000000078dd00000, 0x000000078dc00000| Updating 
|2193|0x000000078dd00000, 0x000000078de00000, 0x000000078de00000|100%| O|  |TAMS 0x000000078de00000, 0x000000078dd00000| Updating 
|2194|0x000000078de00000, 0x000000078df00000, 0x000000078df00000|100%| O|  |TAMS 0x000000078df00000, 0x000000078de00000| Updating 
|2195|0x000000078df00000, 0x000000078e000000, 0x000000078e000000|100%| O|  |TAMS 0x000000078e000000, 0x000000078df00000| Updating 
|2196|0x000000078e000000, 0x000000078e100000, 0x000000078e100000|100%| O|  |TAMS 0x000000078e100000, 0x000000078e000000| Updating 
|2197|0x000000078e100000, 0x000000078e200000, 0x000000078e200000|100%| O|  |TAMS 0x000000078e200000, 0x000000078e100000| Updating 
|2198|0x000000078e200000, 0x000000078e300000, 0x000000078e300000|100%| O|  |TAMS 0x000000078e300000, 0x000000078e200000| Updating 
|2199|0x000000078e300000, 0x000000078e400000, 0x000000078e400000|100%| O|  |TAMS 0x000000078e400000, 0x000000078e300000| Updating 
|2200|0x000000078e400000, 0x000000078e500000, 0x000000078e500000|100%| O|  |TAMS 0x000000078e500000, 0x000000078e400000| Updating 
|2201|0x000000078e500000, 0x000000078e600000, 0x000000078e600000|100%| O|  |TAMS 0x000000078e600000, 0x000000078e500000| Updating 
|2202|0x000000078e600000, 0x000000078e700000, 0x000000078e700000|100%| O|  |TAMS 0x000000078e700000, 0x000000078e600000| Updating 
|2203|0x000000078e700000, 0x000000078e800000, 0x000000078e800000|100%| O|  |TAMS 0x000000078e800000, 0x000000078e700000| Updating 
|2204|0x000000078e800000, 0x000000078e800000, 0x000000078e900000|  0%| F|  |TAMS 0x000000078e800000, 0x000000078e800000| Untracked 
|2205|0x000000078e900000, 0x000000078e900000, 0x000000078ea00000|  0%| F|  |TAMS 0x000000078e900000, 0x000000078e900000| Untracked 
|2206|0x000000078ea00000, 0x000000078eb00000, 0x000000078eb00000|100%| O|  |TAMS 0x000000078eb00000, 0x000000078ea00000| Updating 
|2207|0x000000078eb00000, 0x000000078ec00000, 0x000000078ec00000|100%| O|  |TAMS 0x000000078ec00000, 0x000000078eb00000| Updating 
|2208|0x000000078ec00000, 0x000000078ec00000, 0x000000078ed00000|  0%| F|  |TAMS 0x000000078ec00000, 0x000000078ec00000| Untracked 
|2209|0x000000078ed00000, 0x000000078ee00000, 0x000000078ee00000|100%| O|  |TAMS 0x000000078ee00000, 0x000000078ed00000| Updating 
|2210|0x000000078ee00000, 0x000000078ef00000, 0x000000078ef00000|100%| O|  |TAMS 0x000000078ef00000, 0x000000078ee00000| Updating 
|2211|0x000000078ef00000, 0x000000078f000000, 0x000000078f000000|100%| O|  |TAMS 0x000000078f000000, 0x000000078ef00000| Updating 
|2212|0x000000078f000000, 0x000000078f100000, 0x000000078f100000|100%| O|  |TAMS 0x000000078f100000, 0x000000078f000000| Updating 
|2213|0x000000078f100000, 0x000000078f200000, 0x000000078f200000|100%| O|  |TAMS 0x000000078f200000, 0x000000078f100000| Updating 
|2214|0x000000078f200000, 0x000000078f300000, 0x000000078f300000|100%| O|  |TAMS 0x000000078f300000, 0x000000078f200000| Updating 
|2215|0x000000078f300000, 0x000000078f300000, 0x000000078f400000|  0%| F|  |TAMS 0x000000078f300000, 0x000000078f300000| Untracked 
|2216|0x000000078f400000, 0x000000078f400000, 0x000000078f500000|  0%| F|  |TAMS 0x000000078f400000, 0x000000078f400000| Untracked 
|2217|0x000000078f500000, 0x000000078f600000, 0x000000078f600000|100%| O|  |TAMS 0x000000078f600000, 0x000000078f500000| Updating 
|2218|0x000000078f600000, 0x000000078f700000, 0x000000078f700000|100%| O|  |TAMS 0x000000078f700000, 0x000000078f600000| Updating 
|2219|0x000000078f700000, 0x000000078f800000, 0x000000078f800000|100%| O|  |TAMS 0x000000078f800000, 0x000000078f700000| Updating 
|2220|0x000000078f800000, 0x000000078f900000, 0x000000078f900000|100%| O|  |TAMS 0x000000078f900000, 0x000000078f800000| Updating 
|2221|0x000000078f900000, 0x000000078fa00000, 0x000000078fa00000|100%| O|  |TAMS 0x000000078fa00000, 0x000000078f900000| Updating 
|2222|0x000000078fa00000, 0x000000078fb00000, 0x000000078fb00000|100%| O|  |TAMS 0x000000078fb00000, 0x000000078fa00000| Updating 
|2223|0x000000078fb00000, 0x000000078fc00000, 0x000000078fc00000|100%| O|  |TAMS 0x000000078fc00000, 0x000000078fb00000| Updating 
|2224|0x000000078fc00000, 0x000000078fd00000, 0x000000078fd00000|100%| O|  |TAMS 0x000000078fd00000, 0x000000078fc00000| Updating 
|2225|0x000000078fd00000, 0x000000078fe00000, 0x000000078fe00000|100%| O|  |TAMS 0x000000078fe00000, 0x000000078fd00000| Updating 
|2226|0x000000078fe00000, 0x000000078ff00000, 0x000000078ff00000|100%| O|  |TAMS 0x000000078ff00000, 0x000000078fe00000| Updating 
|2227|0x000000078ff00000, 0x0000000790000000, 0x0000000790000000|100%| O|  |TAMS 0x0000000790000000, 0x000000078ff00000| Updating 
|2228|0x0000000790000000, 0x0000000790100000, 0x0000000790100000|100%| O|  |TAMS 0x0000000790100000, 0x0000000790000000| Updating 
|2229|0x0000000790100000, 0x0000000790200000, 0x0000000790200000|100%| O|  |TAMS 0x0000000790200000, 0x0000000790100000| Updating 
|2230|0x0000000790200000, 0x0000000790300000, 0x0000000790300000|100%| O|  |TAMS 0x0000000790300000, 0x0000000790200000| Updating 
|2231|0x0000000790300000, 0x0000000790400000, 0x0000000790400000|100%| O|  |TAMS 0x0000000790400000, 0x0000000790300000| Updating 
|2232|0x0000000790400000, 0x0000000790500000, 0x0000000790500000|100%| O|  |TAMS 0x0000000790500000, 0x0000000790400000| Updating 
|2233|0x0000000790500000, 0x0000000790600000, 0x0000000790600000|100%| O|  |TAMS 0x0000000790600000, 0x0000000790500000| Updating 
|2234|0x0000000790600000, 0x0000000790700000, 0x0000000790700000|100%| O|  |TAMS 0x0000000790700000, 0x0000000790600000| Updating 
|2235|0x0000000790700000, 0x0000000790700000, 0x0000000790800000|  0%| F|  |TAMS 0x0000000790700000, 0x0000000790700000| Untracked 
|2236|0x0000000790800000, 0x0000000790900000, 0x0000000790900000|100%| O|  |TAMS 0x0000000790900000, 0x0000000790800000| Updating 
|2237|0x0000000790900000, 0x0000000790a00000, 0x0000000790a00000|100%| O|  |TAMS 0x0000000790a00000, 0x0000000790900000| Updating 
|2238|0x0000000790a00000, 0x0000000790b00000, 0x0000000790b00000|100%| O|  |TAMS 0x0000000790b00000, 0x0000000790a00000| Updating 
|2239|0x0000000790b00000, 0x0000000790c00000, 0x0000000790c00000|100%| O|  |TAMS 0x0000000790c00000, 0x0000000790b00000| Updating 
|2240|0x0000000790c00000, 0x0000000790d00000, 0x0000000790d00000|100%| O|  |TAMS 0x0000000790d00000, 0x0000000790c00000| Updating 
|2241|0x0000000790d00000, 0x0000000790e00000, 0x0000000790e00000|100%| O|  |TAMS 0x0000000790e00000, 0x0000000790d00000| Updating 
|2242|0x0000000790e00000, 0x0000000790f00000, 0x0000000790f00000|100%| O|  |TAMS 0x0000000790f00000, 0x0000000790e00000| Updating 
|2243|0x0000000790f00000, 0x0000000791000000, 0x0000000791000000|100%| O|  |TAMS 0x0000000791000000, 0x0000000790f00000| Updating 
|2244|0x0000000791000000, 0x0000000791100000, 0x0000000791100000|100%| O|  |TAMS 0x0000000791100000, 0x0000000791000000| Updating 
|2245|0x0000000791100000, 0x0000000791200000, 0x0000000791200000|100%| O|  |TAMS 0x0000000791200000, 0x0000000791100000| Updating 
|2246|0x0000000791200000, 0x0000000791300000, 0x0000000791300000|100%| O|  |TAMS 0x0000000791300000, 0x0000000791200000| Updating 
|2247|0x0000000791300000, 0x0000000791400000, 0x0000000791400000|100%| O|  |TAMS 0x0000000791400000, 0x0000000791300000| Updating 
|2248|0x0000000791400000, 0x0000000791500000, 0x0000000791500000|100%| O|  |TAMS 0x0000000791500000, 0x0000000791400000| Updating 
|2249|0x0000000791500000, 0x0000000791600000, 0x0000000791600000|100%| O|  |TAMS 0x0000000791600000, 0x0000000791500000| Updating 
|2250|0x0000000791600000, 0x0000000791700000, 0x0000000791700000|100%| O|  |TAMS 0x0000000791700000, 0x0000000791600000| Updating 
|2251|0x0000000791700000, 0x0000000791800000, 0x0000000791800000|100%| O|  |TAMS 0x0000000791800000, 0x0000000791700000| Updating 
|2252|0x0000000791800000, 0x0000000791900000, 0x0000000791900000|100%| O|  |TAMS 0x0000000791900000, 0x0000000791800000| Updating 
|2253|0x0000000791900000, 0x0000000791900000, 0x0000000791a00000|  0%| F|  |TAMS 0x0000000791900000, 0x0000000791900000| Untracked 
|2254|0x0000000791a00000, 0x0000000791b00000, 0x0000000791b00000|100%| O|  |TAMS 0x0000000791b00000, 0x0000000791a00000| Updating 
|2255|0x0000000791b00000, 0x0000000791c00000, 0x0000000791c00000|100%| O|  |TAMS 0x0000000791c00000, 0x0000000791b00000| Updating 
|2256|0x0000000791c00000, 0x0000000791d00000, 0x0000000791d00000|100%| O|  |TAMS 0x0000000791d00000, 0x0000000791c00000| Updating 
|2257|0x0000000791d00000, 0x0000000791e00000, 0x0000000791e00000|100%| O|  |TAMS 0x0000000791e00000, 0x0000000791d00000| Updating 
|2258|0x0000000791e00000, 0x0000000791f00000, 0x0000000791f00000|100%| O|  |TAMS 0x0000000791f00000, 0x0000000791e00000| Updating 
|2259|0x0000000791f00000, 0x0000000792000000, 0x0000000792000000|100%| O|  |TAMS 0x0000000792000000, 0x0000000791f00000| Updating 
|2260|0x0000000792000000, 0x0000000792100000, 0x0000000792100000|100%| O|  |TAMS 0x0000000792100000, 0x0000000792000000| Updating 
|2261|0x0000000792100000, 0x0000000792200000, 0x0000000792200000|100%| O|  |TAMS 0x0000000792200000, 0x0000000792100000| Updating 
|2262|0x0000000792200000, 0x0000000792300000, 0x0000000792300000|100%| O|  |TAMS 0x0000000792300000, 0x0000000792200000| Updating 
|2263|0x0000000792300000, 0x0000000792400000, 0x0000000792400000|100%| O|  |TAMS 0x0000000792400000, 0x0000000792300000| Updating 
|2264|0x0000000792400000, 0x0000000792500000, 0x0000000792500000|100%| O|  |TAMS 0x0000000792500000, 0x0000000792400000| Updating 
|2265|0x0000000792500000, 0x0000000792600000, 0x0000000792600000|100%| O|  |TAMS 0x0000000792600000, 0x0000000792500000| Updating 
|2266|0x0000000792600000, 0x0000000792700000, 0x0000000792700000|100%| O|  |TAMS 0x0000000792700000, 0x0000000792600000| Updating 
|2267|0x0000000792700000, 0x0000000792800000, 0x0000000792800000|100%| O|  |TAMS 0x0000000792800000, 0x0000000792700000| Updating 
|2268|0x0000000792800000, 0x0000000792900000, 0x0000000792900000|100%| O|  |TAMS 0x0000000792900000, 0x0000000792800000| Updating 
|2269|0x0000000792900000, 0x0000000792a00000, 0x0000000792a00000|100%| O|  |TAMS 0x0000000792a00000, 0x0000000792900000| Updating 
|2270|0x0000000792a00000, 0x0000000792b00000, 0x0000000792b00000|100%| O|  |TAMS 0x0000000792b00000, 0x0000000792a00000| Updating 
|2271|0x0000000792b00000, 0x0000000792b00000, 0x0000000792c00000|  0%| F|  |TAMS 0x0000000792b00000, 0x0000000792b00000| Untracked 
|2272|0x0000000792c00000, 0x0000000792d00000, 0x0000000792d00000|100%| O|  |TAMS 0x0000000792d00000, 0x0000000792c00000| Updating 
|2273|0x0000000792d00000, 0x0000000792d00000, 0x0000000792e00000|  0%| F|  |TAMS 0x0000000792d00000, 0x0000000792d00000| Untracked 
|2274|0x0000000792e00000, 0x0000000792f00000, 0x0000000792f00000|100%| O|  |TAMS 0x0000000792f00000, 0x0000000792e00000| Updating 
|2275|0x0000000792f00000, 0x0000000793000000, 0x0000000793000000|100%| O|  |TAMS 0x0000000793000000, 0x0000000792f00000| Updating 
|2276|0x0000000793000000, 0x0000000793100000, 0x0000000793100000|100%| O|  |TAMS 0x0000000793100000, 0x0000000793000000| Updating 
|2277|0x0000000793100000, 0x0000000793200000, 0x0000000793200000|100%| O|  |TAMS 0x0000000793200000, 0x0000000793100000| Updating 
|2278|0x0000000793200000, 0x0000000793200000, 0x0000000793300000|  0%| F|  |TAMS 0x0000000793200000, 0x0000000793200000| Untracked 
|2279|0x0000000793300000, 0x0000000793400000, 0x0000000793400000|100%| O|  |TAMS 0x0000000793400000, 0x0000000793300000| Updating 
|2280|0x0000000793400000, 0x0000000793400000, 0x0000000793500000|  0%| F|  |TAMS 0x0000000793400000, 0x0000000793400000| Untracked 
|2281|0x0000000793500000, 0x0000000793500000, 0x0000000793600000|  0%| F|  |TAMS 0x0000000793500000, 0x0000000793500000| Untracked 
|2282|0x0000000793600000, 0x0000000793600000, 0x0000000793700000|  0%| F|  |TAMS 0x0000000793600000, 0x0000000793600000| Untracked 
|2283|0x0000000793700000, 0x0000000793700000, 0x0000000793800000|  0%| F|  |TAMS 0x0000000793700000, 0x0000000793700000| Untracked 
|2284|0x0000000793800000, 0x0000000793900000, 0x0000000793900000|100%| O|  |TAMS 0x0000000793900000, 0x0000000793800000| Updating 
|2285|0x0000000793900000, 0x0000000793900000, 0x0000000793a00000|  0%| F|  |TAMS 0x0000000793900000, 0x0000000793900000| Untracked 
|2286|0x0000000793a00000, 0x0000000793a00000, 0x0000000793b00000|  0%| F|  |TAMS 0x0000000793a00000, 0x0000000793a00000| Untracked 
|2287|0x0000000793b00000, 0x0000000793b00000, 0x0000000793c00000|  0%| F|  |TAMS 0x0000000793b00000, 0x0000000793b00000| Untracked 
|2288|0x0000000793c00000, 0x0000000793d00000, 0x0000000793d00000|100%| O|  |TAMS 0x0000000793d00000, 0x0000000793c00000| Updating 
|2289|0x0000000793d00000, 0x0000000793e00000, 0x0000000793e00000|100%| O|  |TAMS 0x0000000793e00000, 0x0000000793d00000| Updating 
|2290|0x0000000793e00000, 0x0000000793e00000, 0x0000000793f00000|  0%| F|  |TAMS 0x0000000793e00000, 0x0000000793e00000| Untracked 
|2291|0x0000000793f00000, 0x0000000793f00000, 0x0000000794000000|  0%| F|  |TAMS 0x0000000793f00000, 0x0000000793f00000| Untracked 
|2292|0x0000000794000000, 0x0000000794100000, 0x0000000794100000|100%| O|  |TAMS 0x0000000794100000, 0x0000000794000000| Updating 
|2293|0x0000000794100000, 0x0000000794200000, 0x0000000794200000|100%| O|  |TAMS 0x0000000794200000, 0x0000000794100000| Updating 
|2294|0x0000000794200000, 0x0000000794300000, 0x0000000794300000|100%| O|  |TAMS 0x0000000794300000, 0x0000000794200000| Updating 
|2295|0x0000000794300000, 0x0000000794300000, 0x0000000794400000|  0%| F|  |TAMS 0x0000000794300000, 0x0000000794300000| Untracked 
|2296|0x0000000794400000, 0x0000000794500000, 0x0000000794500000|100%| O|  |TAMS 0x0000000794500000, 0x0000000794400000| Updating 
|2297|0x0000000794500000, 0x0000000794500000, 0x0000000794600000|  0%| F|  |TAMS 0x0000000794500000, 0x0000000794500000| Untracked 
|2298|0x0000000794600000, 0x0000000794700000, 0x0000000794700000|100%| O|  |TAMS 0x0000000794700000, 0x0000000794600000| Updating 
|2299|0x0000000794700000, 0x0000000794800000, 0x0000000794800000|100%| O|  |TAMS 0x0000000794800000, 0x0000000794700000| Updating 
|2300|0x0000000794800000, 0x0000000794800000, 0x0000000794900000|  0%| F|  |TAMS 0x0000000794800000, 0x0000000794800000| Untracked 
|2301|0x0000000794900000, 0x0000000794a00000, 0x0000000794a00000|100%| O|  |TAMS 0x0000000794a00000, 0x0000000794900000| Updating 
|2302|0x0000000794a00000, 0x0000000794b00000, 0x0000000794b00000|100%| O|  |TAMS 0x0000000794b00000, 0x0000000794a00000| Updating 
|2303|0x0000000794b00000, 0x0000000794b00000, 0x0000000794c00000|  0%| F|  |TAMS 0x0000000794b00000, 0x0000000794b00000| Untracked 
|2304|0x0000000794c00000, 0x0000000794c00000, 0x0000000794d00000|  0%| F|  |TAMS 0x0000000794c00000, 0x0000000794c00000| Untracked 
|2305|0x0000000794d00000, 0x0000000794e00000, 0x0000000794e00000|100%| O|  |TAMS 0x0000000794e00000, 0x0000000794d00000| Updating 
|2306|0x0000000794e00000, 0x0000000794f00000, 0x0000000794f00000|100%| O|  |TAMS 0x0000000794f00000, 0x0000000794e00000| Updating 
|2307|0x0000000794f00000, 0x0000000794f00000, 0x0000000795000000|  0%| F|  |TAMS 0x0000000794f00000, 0x0000000794f00000| Untracked 
|2308|0x0000000795000000, 0x0000000795000000, 0x0000000795100000|  0%| F|  |TAMS 0x0000000795000000, 0x0000000795000000| Untracked 
|2309|0x0000000795100000, 0x0000000795100000, 0x0000000795200000|  0%| F|  |TAMS 0x0000000795100000, 0x0000000795100000| Untracked 
|2310|0x0000000795200000, 0x0000000795300000, 0x0000000795300000|100%| O|  |TAMS 0x0000000795300000, 0x0000000795200000| Updating 
|2311|0x0000000795300000, 0x0000000795400000, 0x0000000795400000|100%| O|  |TAMS 0x0000000795400000, 0x0000000795300000| Updating 
|2312|0x0000000795400000, 0x0000000795500000, 0x0000000795500000|100%| O|  |TAMS 0x0000000795500000, 0x0000000795400000| Updating 
|2313|0x0000000795500000, 0x0000000795600000, 0x0000000795600000|100%| O|  |TAMS 0x0000000795600000, 0x0000000795500000| Updating 
|2314|0x0000000795600000, 0x0000000795700000, 0x0000000795700000|100%| O|  |TAMS 0x0000000795700000, 0x0000000795600000| Updating 
|2315|0x0000000795700000, 0x0000000795800000, 0x0000000795800000|100%| O|  |TAMS 0x0000000795800000, 0x0000000795700000| Updating 
|2316|0x0000000795800000, 0x0000000795900000, 0x0000000795900000|100%| O|  |TAMS 0x0000000795900000, 0x0000000795800000| Updating 
|2317|0x0000000795900000, 0x0000000795a00000, 0x0000000795a00000|100%| O|  |TAMS 0x0000000795a00000, 0x0000000795900000| Updating 
|2318|0x0000000795a00000, 0x0000000795a00000, 0x0000000795b00000|  0%| F|  |TAMS 0x0000000795a00000, 0x0000000795a00000| Untracked 
|2319|0x0000000795b00000, 0x0000000795c00000, 0x0000000795c00000|100%| O|  |TAMS 0x0000000795c00000, 0x0000000795b00000| Updating 
|2320|0x0000000795c00000, 0x0000000795d00000, 0x0000000795d00000|100%| O|  |TAMS 0x0000000795d00000, 0x0000000795c00000| Updating 
|2321|0x0000000795d00000, 0x0000000795e00000, 0x0000000795e00000|100%| O|  |TAMS 0x0000000795e00000, 0x0000000795d00000| Updating 
|2322|0x0000000795e00000, 0x0000000795f00000, 0x0000000795f00000|100%| O|  |TAMS 0x0000000795f00000, 0x0000000795e00000| Updating 
|2323|0x0000000795f00000, 0x0000000796000000, 0x0000000796000000|100%| O|  |TAMS 0x0000000796000000, 0x0000000795f00000| Updating 
|2324|0x0000000796000000, 0x0000000796100000, 0x0000000796100000|100%| O|  |TAMS 0x0000000796100000, 0x0000000796000000| Updating 
|2325|0x0000000796100000, 0x0000000796200000, 0x0000000796200000|100%| O|  |TAMS 0x0000000796200000, 0x0000000796100000| Updating 
|2326|0x0000000796200000, 0x0000000796300000, 0x0000000796300000|100%| O|  |TAMS 0x0000000796300000, 0x0000000796200000| Updating 
|2327|0x0000000796300000, 0x0000000796400000, 0x0000000796400000|100%| O|  |TAMS 0x0000000796400000, 0x0000000796300000| Updating 
|2328|0x0000000796400000, 0x0000000796500000, 0x0000000796500000|100%| O|  |TAMS 0x0000000796500000, 0x0000000796400000| Updating 
|2329|0x0000000796500000, 0x0000000796600000, 0x0000000796600000|100%| O|  |TAMS 0x0000000796600000, 0x0000000796500000| Updating 
|2330|0x0000000796600000, 0x0000000796600000, 0x0000000796700000|  0%| F|  |TAMS 0x0000000796600000, 0x0000000796600000| Untracked 
|2331|0x0000000796700000, 0x0000000796800000, 0x0000000796800000|100%| O|  |TAMS 0x0000000796800000, 0x0000000796700000| Updating 
|2332|0x0000000796800000, 0x0000000796900000, 0x0000000796900000|100%| O|  |TAMS 0x0000000796900000, 0x0000000796800000| Updating 
|2333|0x0000000796900000, 0x0000000796900000, 0x0000000796a00000|  0%| F|  |TAMS 0x0000000796900000, 0x0000000796900000| Untracked 
|2334|0x0000000796a00000, 0x0000000796b00000, 0x0000000796b00000|100%| O|  |TAMS 0x0000000796b00000, 0x0000000796a00000| Updating 
|2335|0x0000000796b00000, 0x0000000796c00000, 0x0000000796c00000|100%| O|  |TAMS 0x0000000796c00000, 0x0000000796b00000| Updating 
|2336|0x0000000796c00000, 0x0000000796d00000, 0x0000000796d00000|100%| O|  |TAMS 0x0000000796d00000, 0x0000000796c00000| Updating 
|2337|0x0000000796d00000, 0x0000000796e00000, 0x0000000796e00000|100%| O|  |TAMS 0x0000000796e00000, 0x0000000796d00000| Updating 
|2338|0x0000000796e00000, 0x0000000796e00000, 0x0000000796f00000|  0%| F|  |TAMS 0x0000000796e00000, 0x0000000796e00000| Untracked 
|2339|0x0000000796f00000, 0x0000000797000000, 0x0000000797000000|100%| O|  |TAMS 0x0000000797000000, 0x0000000796f00000| Updating 
|2340|0x0000000797000000, 0x0000000797100000, 0x0000000797100000|100%| O|  |TAMS 0x0000000797100000, 0x0000000797000000| Updating 
|2341|0x0000000797100000, 0x0000000797200000, 0x0000000797200000|100%| O|  |TAMS 0x0000000797200000, 0x0000000797100000| Updating 
|2342|0x0000000797200000, 0x0000000797300000, 0x0000000797300000|100%| O|  |TAMS 0x0000000797300000, 0x0000000797200000| Updating 
|2343|0x0000000797300000, 0x0000000797400000, 0x0000000797400000|100%| O|  |TAMS 0x0000000797400000, 0x0000000797300000| Updating 
|2344|0x0000000797400000, 0x0000000797500000, 0x0000000797500000|100%| O|  |TAMS 0x0000000797500000, 0x0000000797400000| Updating 
|2345|0x0000000797500000, 0x0000000797600000, 0x0000000797600000|100%| O|  |TAMS 0x0000000797600000, 0x0000000797500000| Updating 
|2346|0x0000000797600000, 0x0000000797700000, 0x0000000797700000|100%| O|  |TAMS 0x0000000797700000, 0x0000000797600000| Updating 
|2347|0x0000000797700000, 0x0000000797700000, 0x0000000797800000|  0%| F|  |TAMS 0x0000000797700000, 0x0000000797700000| Untracked 
|2348|0x0000000797800000, 0x0000000797900000, 0x0000000797900000|100%| O|  |TAMS 0x0000000797900000, 0x0000000797800000| Updating 
|2349|0x0000000797900000, 0x0000000797a00000, 0x0000000797a00000|100%| O|  |TAMS 0x0000000797a00000, 0x0000000797900000| Updating 
|2350|0x0000000797a00000, 0x0000000797b00000, 0x0000000797b00000|100%| O|  |TAMS 0x0000000797b00000, 0x0000000797a00000| Updating 
|2351|0x0000000797b00000, 0x0000000797c00000, 0x0000000797c00000|100%| O|  |TAMS 0x0000000797c00000, 0x0000000797b00000| Updating 
|2352|0x0000000797c00000, 0x0000000797d00000, 0x0000000797d00000|100%| O|  |TAMS 0x0000000797d00000, 0x0000000797c00000| Updating 
|2353|0x0000000797d00000, 0x0000000797e00000, 0x0000000797e00000|100%| O|  |TAMS 0x0000000797e00000, 0x0000000797d00000| Updating 
|2354|0x0000000797e00000, 0x0000000797f00000, 0x0000000797f00000|100%| O|  |TAMS 0x0000000797f00000, 0x0000000797e00000| Updating 
|2355|0x0000000797f00000, 0x0000000798000000, 0x0000000798000000|100%| O|  |TAMS 0x0000000798000000, 0x0000000797f00000| Updating 
|2356|0x0000000798000000, 0x0000000798100000, 0x0000000798100000|100%| O|  |TAMS 0x0000000798100000, 0x0000000798000000| Updating 
|2357|0x0000000798100000, 0x0000000798200000, 0x0000000798200000|100%| O|  |TAMS 0x0000000798200000, 0x0000000798100000| Updating 
|2358|0x0000000798200000, 0x0000000798300000, 0x0000000798300000|100%| O|  |TAMS 0x0000000798300000, 0x0000000798200000| Updating 
|2359|0x0000000798300000, 0x0000000798400000, 0x0000000798400000|100%| O|  |TAMS 0x0000000798400000, 0x0000000798300000| Updating 
|2360|0x0000000798400000, 0x0000000798500000, 0x0000000798500000|100%| O|  |TAMS 0x0000000798500000, 0x0000000798400000| Updating 
|2361|0x0000000798500000, 0x0000000798600000, 0x0000000798600000|100%| O|  |TAMS 0x0000000798600000, 0x0000000798500000| Updating 
|2362|0x0000000798600000, 0x0000000798700000, 0x0000000798700000|100%| O|  |TAMS 0x0000000798700000, 0x0000000798600000| Updating 
|2363|0x0000000798700000, 0x0000000798800000, 0x0000000798800000|100%| O|  |TAMS 0x0000000798800000, 0x0000000798700000| Updating 
|2364|0x0000000798800000, 0x0000000798900000, 0x0000000798900000|100%| O|  |TAMS 0x0000000798900000, 0x0000000798800000| Updating 
|2365|0x0000000798900000, 0x0000000798a00000, 0x0000000798a00000|100%| O|  |TAMS 0x0000000798a00000, 0x0000000798900000| Updating 
|2366|0x0000000798a00000, 0x0000000798b00000, 0x0000000798b00000|100%| O|  |TAMS 0x0000000798b00000, 0x0000000798a00000| Updating 
|2367|0x0000000798b00000, 0x0000000798c00000, 0x0000000798c00000|100%| O|  |TAMS 0x0000000798c00000, 0x0000000798b00000| Updating 
|2368|0x0000000798c00000, 0x0000000798d00000, 0x0000000798d00000|100%| O|  |TAMS 0x0000000798d00000, 0x0000000798c00000| Updating 
|2369|0x0000000798d00000, 0x0000000798e00000, 0x0000000798e00000|100%| O|  |TAMS 0x0000000798e00000, 0x0000000798d00000| Updating 
|2370|0x0000000798e00000, 0x0000000798f00000, 0x0000000798f00000|100%| O|  |TAMS 0x0000000798f00000, 0x0000000798e00000| Updating 
|2371|0x0000000798f00000, 0x0000000799000000, 0x0000000799000000|100%| O|  |TAMS 0x0000000799000000, 0x0000000798f00000| Updating 
|2372|0x0000000799000000, 0x0000000799100000, 0x0000000799100000|100%| O|  |TAMS 0x0000000799100000, 0x0000000799000000| Updating 
|2373|0x0000000799100000, 0x0000000799200000, 0x0000000799200000|100%| O|  |TAMS 0x0000000799200000, 0x0000000799100000| Updating 
|2374|0x0000000799200000, 0x0000000799300000, 0x0000000799300000|100%| O|  |TAMS 0x0000000799300000, 0x0000000799200000| Updating 
|2375|0x0000000799300000, 0x0000000799400000, 0x0000000799400000|100%| O|  |TAMS 0x0000000799400000, 0x0000000799300000| Updating 
|2376|0x0000000799400000, 0x0000000799500000, 0x0000000799500000|100%| O|  |TAMS 0x0000000799500000, 0x0000000799400000| Updating 
|2377|0x0000000799500000, 0x0000000799600000, 0x0000000799600000|100%| O|  |TAMS 0x0000000799600000, 0x0000000799500000| Updating 
|2378|0x0000000799600000, 0x0000000799700000, 0x0000000799700000|100%| O|  |TAMS 0x0000000799700000, 0x0000000799600000| Updating 
|2379|0x0000000799700000, 0x0000000799800000, 0x0000000799800000|100%| O|  |TAMS 0x0000000799800000, 0x0000000799700000| Updating 
|2380|0x0000000799800000, 0x0000000799900000, 0x0000000799900000|100%| O|  |TAMS 0x0000000799900000, 0x0000000799800000| Updating 
|2381|0x0000000799900000, 0x0000000799a00000, 0x0000000799a00000|100%| O|  |TAMS 0x0000000799a00000, 0x0000000799900000| Updating 
|2382|0x0000000799a00000, 0x0000000799b00000, 0x0000000799b00000|100%| O|  |TAMS 0x0000000799b00000, 0x0000000799a00000| Updating 
|2383|0x0000000799b00000, 0x0000000799c00000, 0x0000000799c00000|100%| O|  |TAMS 0x0000000799c00000, 0x0000000799b00000| Updating 
|2384|0x0000000799c00000, 0x0000000799d00000, 0x0000000799d00000|100%| O|  |TAMS 0x0000000799d00000, 0x0000000799c00000| Updating 
|2385|0x0000000799d00000, 0x0000000799e00000, 0x0000000799e00000|100%| O|  |TAMS 0x0000000799e00000, 0x0000000799d00000| Updating 
|2386|0x0000000799e00000, 0x0000000799f00000, 0x0000000799f00000|100%| O|  |TAMS 0x0000000799f00000, 0x0000000799e00000| Updating 
|2387|0x0000000799f00000, 0x000000079a000000, 0x000000079a000000|100%| O|  |TAMS 0x000000079a000000, 0x0000000799f00000| Updating 
|2388|0x000000079a000000, 0x000000079a100000, 0x000000079a100000|100%| O|  |TAMS 0x000000079a100000, 0x000000079a000000| Updating 
|2389|0x000000079a100000, 0x000000079a200000, 0x000000079a200000|100%| O|  |TAMS 0x000000079a200000, 0x000000079a100000| Updating 
|2390|0x000000079a200000, 0x000000079a300000, 0x000000079a300000|100%| O|  |TAMS 0x000000079a300000, 0x000000079a200000| Updating 
|2391|0x000000079a300000, 0x000000079a300000, 0x000000079a400000|  0%| F|  |TAMS 0x000000079a300000, 0x000000079a300000| Untracked 
|2392|0x000000079a400000, 0x000000079a500000, 0x000000079a500000|100%| O|  |TAMS 0x000000079a500000, 0x000000079a400000| Updating 
|2393|0x000000079a500000, 0x000000079a500000, 0x000000079a600000|  0%| F|  |TAMS 0x000000079a500000, 0x000000079a500000| Untracked 
|2394|0x000000079a600000, 0x000000079a600000, 0x000000079a700000|  0%| F|  |TAMS 0x000000079a600000, 0x000000079a600000| Untracked 
|2395|0x000000079a700000, 0x000000079a800000, 0x000000079a800000|100%| O|  |TAMS 0x000000079a800000, 0x000000079a700000| Updating 
|2396|0x000000079a800000, 0x000000079a800000, 0x000000079a900000|  0%| F|  |TAMS 0x000000079a800000, 0x000000079a800000| Untracked 
|2397|0x000000079a900000, 0x000000079aa00000, 0x000000079aa00000|100%| O|  |TAMS 0x000000079aa00000, 0x000000079a900000| Updating 
|2398|0x000000079aa00000, 0x000000079ab00000, 0x000000079ab00000|100%| O|  |TAMS 0x000000079ab00000, 0x000000079aa00000| Updating 
|2399|0x000000079ab00000, 0x000000079ac00000, 0x000000079ac00000|100%| O|  |TAMS 0x000000079ac00000, 0x000000079ab00000| Updating 
|2400|0x000000079ac00000, 0x000000079ad00000, 0x000000079ad00000|100%| O|  |TAMS 0x000000079ad00000, 0x000000079ac00000| Updating 
|2401|0x000000079ad00000, 0x000000079ae00000, 0x000000079ae00000|100%| O|  |TAMS 0x000000079ae00000, 0x000000079ad00000| Updating 
|2402|0x000000079ae00000, 0x000000079af00000, 0x000000079af00000|100%| O|  |TAMS 0x000000079af00000, 0x000000079ae00000| Updating 
|2403|0x000000079af00000, 0x000000079af00000, 0x000000079b000000|  0%| F|  |TAMS 0x000000079af00000, 0x000000079af00000| Untracked 
|2404|0x000000079b000000, 0x000000079b000000, 0x000000079b100000|  0%| F|  |TAMS 0x000000079b000000, 0x000000079b000000| Untracked 
|2405|0x000000079b100000, 0x000000079b100000, 0x000000079b200000|  0%| F|  |TAMS 0x000000079b100000, 0x000000079b100000| Untracked 
|2406|0x000000079b200000, 0x000000079b200000, 0x000000079b300000|  0%| F|  |TAMS 0x000000079b200000, 0x000000079b200000| Untracked 
|2407|0x000000079b300000, 0x000000079b300000, 0x000000079b400000|  0%| F|  |TAMS 0x000000079b300000, 0x000000079b300000| Untracked 
|2408|0x000000079b400000, 0x000000079b400000, 0x000000079b500000|  0%| F|  |TAMS 0x000000079b400000, 0x000000079b400000| Untracked 
|2409|0x000000079b500000, 0x000000079b600000, 0x000000079b600000|100%| O|  |TAMS 0x000000079b600000, 0x000000079b500000| Updating 
|2410|0x000000079b600000, 0x000000079b700000, 0x000000079b700000|100%| O|  |TAMS 0x000000079b700000, 0x000000079b600000| Updating 
|2411|0x000000079b700000, 0x000000079b800000, 0x000000079b800000|100%| O|  |TAMS 0x000000079b800000, 0x000000079b700000| Updating 
|2412|0x000000079b800000, 0x000000079b900000, 0x000000079b900000|100%| O|  |TAMS 0x000000079b900000, 0x000000079b800000| Updating 
|2413|0x000000079b900000, 0x000000079b900000, 0x000000079ba00000|  0%| F|  |TAMS 0x000000079b900000, 0x000000079b900000| Untracked 
|2414|0x000000079ba00000, 0x000000079bb00000, 0x000000079bb00000|100%| O|  |TAMS 0x000000079bb00000, 0x000000079ba00000| Updating 
|2415|0x000000079bb00000, 0x000000079bb00000, 0x000000079bc00000|  0%| F|  |TAMS 0x000000079bb00000, 0x000000079bb00000| Untracked 
|2416|0x000000079bc00000, 0x000000079bc00000, 0x000000079bd00000|  0%| F|  |TAMS 0x000000079bc00000, 0x000000079bc00000| Untracked 
|2417|0x000000079bd00000, 0x000000079be00000, 0x000000079be00000|100%| O|  |TAMS 0x000000079be00000, 0x000000079bd00000| Updating 
|2418|0x000000079be00000, 0x000000079bf00000, 0x000000079bf00000|100%| O|  |TAMS 0x000000079bf00000, 0x000000079be00000| Updating 
|2419|0x000000079bf00000, 0x000000079bf00000, 0x000000079c000000|  0%| F|  |TAMS 0x000000079bf00000, 0x000000079bf00000| Untracked 
|2420|0x000000079c000000, 0x000000079c100000, 0x000000079c100000|100%| O|  |TAMS 0x000000079c100000, 0x000000079c000000| Updating 
|2421|0x000000079c100000, 0x000000079c100000, 0x000000079c200000|  0%| F|  |TAMS 0x000000079c100000, 0x000000079c100000| Untracked 
|2422|0x000000079c200000, 0x000000079c300000, 0x000000079c300000|100%| O|  |TAMS 0x000000079c300000, 0x000000079c200000| Updating 
|2423|0x000000079c300000, 0x000000079c400000, 0x000000079c400000|100%| O|  |TAMS 0x000000079c400000, 0x000000079c300000| Updating 
|2424|0x000000079c400000, 0x000000079c500000, 0x000000079c500000|100%| O|  |TAMS 0x000000079c500000, 0x000000079c400000| Updating 
|2425|0x000000079c500000, 0x000000079c500000, 0x000000079c600000|  0%| F|  |TAMS 0x000000079c500000, 0x000000079c500000| Untracked 
|2426|0x000000079c600000, 0x000000079c700000, 0x000000079c700000|100%| O|  |TAMS 0x000000079c700000, 0x000000079c600000| Updating 
|2427|0x000000079c700000, 0x000000079c700000, 0x000000079c800000|  0%| F|  |TAMS 0x000000079c700000, 0x000000079c700000| Untracked 
|2428|0x000000079c800000, 0x000000079c900000, 0x000000079c900000|100%| O|  |TAMS 0x000000079c900000, 0x000000079c800000| Updating 
|2429|0x000000079c900000, 0x000000079c900000, 0x000000079ca00000|  0%| F|  |TAMS 0x000000079c900000, 0x000000079c900000| Untracked 
|2430|0x000000079ca00000, 0x000000079cb00000, 0x000000079cb00000|100%| O|  |TAMS 0x000000079cb00000, 0x000000079ca00000| Updating 
|2431|0x000000079cb00000, 0x000000079cc00000, 0x000000079cc00000|100%| O|  |TAMS 0x000000079cc00000, 0x000000079cb00000| Updating 
|2432|0x000000079cc00000, 0x000000079cd00000, 0x000000079cd00000|100%| O|  |TAMS 0x000000079cd00000, 0x000000079cc00000| Updating 
|2433|0x000000079cd00000, 0x000000079cd00000, 0x000000079ce00000|  0%| F|  |TAMS 0x000000079cd00000, 0x000000079cd00000| Untracked 
|2434|0x000000079ce00000, 0x000000079cf00000, 0x000000079cf00000|100%| O|  |TAMS 0x000000079cf00000, 0x000000079ce00000| Updating 
|2435|0x000000079cf00000, 0x000000079cf00000, 0x000000079d000000|  0%| F|  |TAMS 0x000000079cf00000, 0x000000079cf00000| Untracked 
|2436|0x000000079d000000, 0x000000079d000000, 0x000000079d100000|  0%| F|  |TAMS 0x000000079d000000, 0x000000079d000000| Untracked 
|2437|0x000000079d100000, 0x000000079d200000, 0x000000079d200000|100%| O|  |TAMS 0x000000079d200000, 0x000000079d100000| Updating 
|2438|0x000000079d200000, 0x000000079d300000, 0x000000079d300000|100%| O|  |TAMS 0x000000079d300000, 0x000000079d200000| Updating 
|2439|0x000000079d300000, 0x000000079d300000, 0x000000079d400000|  0%| F|  |TAMS 0x000000079d300000, 0x000000079d300000| Untracked 
|2440|0x000000079d400000, 0x000000079d400000, 0x000000079d500000|  0%| F|  |TAMS 0x000000079d400000, 0x000000079d400000| Untracked 
|2441|0x000000079d500000, 0x000000079d600000, 0x000000079d600000|100%| O|  |TAMS 0x000000079d600000, 0x000000079d500000| Updating 
|2442|0x000000079d600000, 0x000000079d600000, 0x000000079d700000|  0%| F|  |TAMS 0x000000079d600000, 0x000000079d600000| Untracked 
|2443|0x000000079d700000, 0x000000079d700000, 0x000000079d800000|  0%| F|  |TAMS 0x000000079d700000, 0x000000079d700000| Untracked 
|2444|0x000000079d800000, 0x000000079d900000, 0x000000079d900000|100%| O|  |TAMS 0x000000079d900000, 0x000000079d800000| Updating 
|2445|0x000000079d900000, 0x000000079da00000, 0x000000079da00000|100%| O|  |TAMS 0x000000079da00000, 0x000000079d900000| Updating 
|2446|0x000000079da00000, 0x000000079da00000, 0x000000079db00000|  0%| F|  |TAMS 0x000000079da00000, 0x000000079da00000| Untracked 
|2447|0x000000079db00000, 0x000000079dc00000, 0x000000079dc00000|100%| O|  |TAMS 0x000000079dc00000, 0x000000079db00000| Updating 
|2448|0x000000079dc00000, 0x000000079dd00000, 0x000000079dd00000|100%| O|  |TAMS 0x000000079dd00000, 0x000000079dc00000| Updating 
|2449|0x000000079dd00000, 0x000000079de00000, 0x000000079de00000|100%| O|  |TAMS 0x000000079de00000, 0x000000079dd00000| Updating 
|2450|0x000000079de00000, 0x000000079de00000, 0x000000079df00000|  0%| F|  |TAMS 0x000000079de00000, 0x000000079de00000| Untracked 
|2451|0x000000079df00000, 0x000000079e000000, 0x000000079e000000|100%| O|  |TAMS 0x000000079e000000, 0x000000079df00000| Updating 
|2452|0x000000079e000000, 0x000000079e100000, 0x000000079e100000|100%| O|  |TAMS 0x000000079e100000, 0x000000079e000000| Updating 
|2453|0x000000079e100000, 0x000000079e200000, 0x000000079e200000|100%| O|  |TAMS 0x000000079e200000, 0x000000079e100000| Updating 
|2454|0x000000079e200000, 0x000000079e300000, 0x000000079e300000|100%| O|  |TAMS 0x000000079e300000, 0x000000079e200000| Updating 
|2455|0x000000079e300000, 0x000000079e400000, 0x000000079e400000|100%| O|  |TAMS 0x000000079e400000, 0x000000079e300000| Updating 
|2456|0x000000079e400000, 0x000000079e500000, 0x000000079e500000|100%| O|  |TAMS 0x000000079e500000, 0x000000079e400000| Updating 
|2457|0x000000079e500000, 0x000000079e600000, 0x000000079e600000|100%| O|  |TAMS 0x000000079e600000, 0x000000079e500000| Updating 
|2458|0x000000079e600000, 0x000000079e700000, 0x000000079e700000|100%| O|  |TAMS 0x000000079e700000, 0x000000079e600000| Updating 
|2459|0x000000079e700000, 0x000000079e800000, 0x000000079e800000|100%| O|  |TAMS 0x000000079e800000, 0x000000079e700000| Updating 
|2460|0x000000079e800000, 0x000000079e900000, 0x000000079e900000|100%| O|  |TAMS 0x000000079e900000, 0x000000079e800000| Updating 
|2461|0x000000079e900000, 0x000000079ea00000, 0x000000079ea00000|100%| O|  |TAMS 0x000000079ea00000, 0x000000079e900000| Updating 
|2462|0x000000079ea00000, 0x000000079eb00000, 0x000000079eb00000|100%| O|  |TAMS 0x000000079eb00000, 0x000000079ea00000| Updating 
|2463|0x000000079eb00000, 0x000000079ec00000, 0x000000079ec00000|100%| O|  |TAMS 0x000000079ec00000, 0x000000079eb00000| Updating 
|2464|0x000000079ec00000, 0x000000079ed00000, 0x000000079ed00000|100%| O|  |TAMS 0x000000079ed00000, 0x000000079ec00000| Updating 
|2465|0x000000079ed00000, 0x000000079ee00000, 0x000000079ee00000|100%| O|  |TAMS 0x000000079ee00000, 0x000000079ed00000| Updating 
|2466|0x000000079ee00000, 0x000000079ef00000, 0x000000079ef00000|100%| O|  |TAMS 0x000000079ef00000, 0x000000079ee00000| Updating 
|2467|0x000000079ef00000, 0x000000079f000000, 0x000000079f000000|100%| O|  |TAMS 0x000000079f000000, 0x000000079ef00000| Updating 
|2468|0x000000079f000000, 0x000000079f100000, 0x000000079f100000|100%| O|  |TAMS 0x000000079f100000, 0x000000079f000000| Updating 
|2469|0x000000079f100000, 0x000000079f100000, 0x000000079f200000|  0%| F|  |TAMS 0x000000079f100000, 0x000000079f100000| Untracked 
|2470|0x000000079f200000, 0x000000079f300000, 0x000000079f300000|100%| O|  |TAMS 0x000000079f300000, 0x000000079f200000| Updating 
|2471|0x000000079f300000, 0x000000079f400000, 0x000000079f400000|100%| O|  |TAMS 0x000000079f400000, 0x000000079f300000| Updating 
|2472|0x000000079f400000, 0x000000079f500000, 0x000000079f500000|100%| O|  |TAMS 0x000000079f500000, 0x000000079f400000| Updating 
|2473|0x000000079f500000, 0x000000079f600000, 0x000000079f600000|100%| O|  |TAMS 0x000000079f600000, 0x000000079f500000| Updating 
|2474|0x000000079f600000, 0x000000079f700000, 0x000000079f700000|100%| O|  |TAMS 0x000000079f700000, 0x000000079f600000| Updating 
|2475|0x000000079f700000, 0x000000079f800000, 0x000000079f800000|100%| O|  |TAMS 0x000000079f800000, 0x000000079f700000| Updating 
|2476|0x000000079f800000, 0x000000079f900000, 0x000000079f900000|100%| O|  |TAMS 0x000000079f900000, 0x000000079f800000| Updating 
|2477|0x000000079f900000, 0x000000079f900000, 0x000000079fa00000|  0%| F|  |TAMS 0x000000079f900000, 0x000000079f900000| Untracked 
|2478|0x000000079fa00000, 0x000000079fb00000, 0x000000079fb00000|100%| O|  |TAMS 0x000000079fb00000, 0x000000079fa00000| Updating 
|2479|0x000000079fb00000, 0x000000079fc00000, 0x000000079fc00000|100%| O|  |TAMS 0x000000079fc00000, 0x000000079fb00000| Updating 
|2480|0x000000079fc00000, 0x000000079fd00000, 0x000000079fd00000|100%| O|  |TAMS 0x000000079fd00000, 0x000000079fc00000| Updating 
|2481|0x000000079fd00000, 0x000000079fe00000, 0x000000079fe00000|100%| O|  |TAMS 0x000000079fe00000, 0x000000079fd00000| Updating 
|2482|0x000000079fe00000, 0x000000079fe00000, 0x000000079ff00000|  0%| F|  |TAMS 0x000000079fe00000, 0x000000079fe00000| Untracked 
|2483|0x000000079ff00000, 0x00000007a0000000, 0x00000007a0000000|100%| O|  |TAMS 0x00000007a0000000, 0x000000079ff00000| Updating 
|2484|0x00000007a0000000, 0x00000007a0100000, 0x00000007a0100000|100%| O|  |TAMS 0x00000007a0100000, 0x00000007a0000000| Updating 
|2485|0x00000007a0100000, 0x00000007a0200000, 0x00000007a0200000|100%| O|  |TAMS 0x00000007a0200000, 0x00000007a0100000| Updating 
|2486|0x00000007a0200000, 0x00000007a0300000, 0x00000007a0300000|100%| O|  |TAMS 0x00000007a0300000, 0x00000007a0200000| Updating 
|2487|0x00000007a0300000, 0x00000007a0400000, 0x00000007a0400000|100%| O|  |TAMS 0x00000007a0400000, 0x00000007a0300000| Updating 
|2488|0x00000007a0400000, 0x00000007a0500000, 0x00000007a0500000|100%| O|  |TAMS 0x00000007a0500000, 0x00000007a0400000| Updating 
|2489|0x00000007a0500000, 0x00000007a0600000, 0x00000007a0600000|100%| O|  |TAMS 0x00000007a0600000, 0x00000007a0500000| Updating 
|2490|0x00000007a0600000, 0x00000007a0700000, 0x00000007a0700000|100%| O|  |TAMS 0x00000007a0700000, 0x00000007a0600000| Updating 
|2491|0x00000007a0700000, 0x00000007a0800000, 0x00000007a0800000|100%| O|  |TAMS 0x00000007a0800000, 0x00000007a0700000| Updating 
|2492|0x00000007a0800000, 0x00000007a0900000, 0x00000007a0900000|100%| O|  |TAMS 0x00000007a0900000, 0x00000007a0800000| Updating 
|2493|0x00000007a0900000, 0x00000007a0a00000, 0x00000007a0a00000|100%| O|  |TAMS 0x00000007a0a00000, 0x00000007a0900000| Updating 
|2494|0x00000007a0a00000, 0x00000007a0b00000, 0x00000007a0b00000|100%| O|  |TAMS 0x00000007a0b00000, 0x00000007a0a00000| Updating 
|2495|0x00000007a0b00000, 0x00000007a0c00000, 0x00000007a0c00000|100%| O|  |TAMS 0x00000007a0c00000, 0x00000007a0b00000| Updating 
|2496|0x00000007a0c00000, 0x00000007a0d00000, 0x00000007a0d00000|100%| O|  |TAMS 0x00000007a0d00000, 0x00000007a0c00000| Updating 
|2497|0x00000007a0d00000, 0x00000007a0e00000, 0x00000007a0e00000|100%| O|  |TAMS 0x00000007a0e00000, 0x00000007a0d00000| Updating 
|2498|0x00000007a0e00000, 0x00000007a0f00000, 0x00000007a0f00000|100%| O|  |TAMS 0x00000007a0f00000, 0x00000007a0e00000| Updating 
|2499|0x00000007a0f00000, 0x00000007a1000000, 0x00000007a1000000|100%| O|  |TAMS 0x00000007a1000000, 0x00000007a0f00000| Updating 
|2500|0x00000007a1000000, 0x00000007a1100000, 0x00000007a1100000|100%| O|  |TAMS 0x00000007a1100000, 0x00000007a1000000| Updating 
|2501|0x00000007a1100000, 0x00000007a1200000, 0x00000007a1200000|100%| O|  |TAMS 0x00000007a1200000, 0x00000007a1100000| Updating 
|2502|0x00000007a1200000, 0x00000007a1300000, 0x00000007a1300000|100%| O|  |TAMS 0x00000007a1300000, 0x00000007a1200000| Updating 
|2503|0x00000007a1300000, 0x00000007a1400000, 0x00000007a1400000|100%| O|  |TAMS 0x00000007a1400000, 0x00000007a1300000| Updating 
|2504|0x00000007a1400000, 0x00000007a1500000, 0x00000007a1500000|100%| O|  |TAMS 0x00000007a1500000, 0x00000007a1400000| Updating 
|2505|0x00000007a1500000, 0x00000007a1600000, 0x00000007a1600000|100%| O|  |TAMS 0x00000007a1600000, 0x00000007a1500000| Updating 
|2506|0x00000007a1600000, 0x00000007a1700000, 0x00000007a1700000|100%| O|  |TAMS 0x00000007a1700000, 0x00000007a1600000| Updating 
|2507|0x00000007a1700000, 0x00000007a1800000, 0x00000007a1800000|100%| O|  |TAMS 0x00000007a1800000, 0x00000007a1700000| Updating 
|2508|0x00000007a1800000, 0x00000007a1900000, 0x00000007a1900000|100%| O|  |TAMS 0x00000007a1900000, 0x00000007a1800000| Updating 
|2509|0x00000007a1900000, 0x00000007a1a00000, 0x00000007a1a00000|100%| O|  |TAMS 0x00000007a1a00000, 0x00000007a1900000| Updating 
|2510|0x00000007a1a00000, 0x00000007a1b00000, 0x00000007a1b00000|100%| O|  |TAMS 0x00000007a1b00000, 0x00000007a1a00000| Updating 
|2511|0x00000007a1b00000, 0x00000007a1c00000, 0x00000007a1c00000|100%| O|  |TAMS 0x00000007a1c00000, 0x00000007a1b00000| Updating 
|2512|0x00000007a1c00000, 0x00000007a1d00000, 0x00000007a1d00000|100%| O|  |TAMS 0x00000007a1d00000, 0x00000007a1c00000| Updating 
|2513|0x00000007a1d00000, 0x00000007a1e00000, 0x00000007a1e00000|100%| O|  |TAMS 0x00000007a1e00000, 0x00000007a1d00000| Updating 
|2514|0x00000007a1e00000, 0x00000007a1f00000, 0x00000007a1f00000|100%| O|  |TAMS 0x00000007a1f00000, 0x00000007a1e00000| Updating 
|2515|0x00000007a1f00000, 0x00000007a2000000, 0x00000007a2000000|100%| O|  |TAMS 0x00000007a2000000, 0x00000007a1f00000| Updating 
|2516|0x00000007a2000000, 0x00000007a2100000, 0x00000007a2100000|100%| O|  |TAMS 0x00000007a2100000, 0x00000007a2000000| Updating 
|2517|0x00000007a2100000, 0x00000007a2200000, 0x00000007a2200000|100%| O|  |TAMS 0x00000007a2200000, 0x00000007a2100000| Updating 
|2518|0x00000007a2200000, 0x00000007a2300000, 0x00000007a2300000|100%| O|  |TAMS 0x00000007a2300000, 0x00000007a2200000| Updating 
|2519|0x00000007a2300000, 0x00000007a2400000, 0x00000007a2400000|100%| O|  |TAMS 0x00000007a2400000, 0x00000007a2300000| Updating 
|2520|0x00000007a2400000, 0x00000007a2500000, 0x00000007a2500000|100%| O|  |TAMS 0x00000007a2500000, 0x00000007a2400000| Updating 
|2521|0x00000007a2500000, 0x00000007a2600000, 0x00000007a2600000|100%| O|  |TAMS 0x00000007a2600000, 0x00000007a2500000| Updating 
|2522|0x00000007a2600000, 0x00000007a2700000, 0x00000007a2700000|100%| O|  |TAMS 0x00000007a2700000, 0x00000007a2600000| Updating 
|2523|0x00000007a2700000, 0x00000007a2800000, 0x00000007a2800000|100%| O|  |TAMS 0x00000007a2800000, 0x00000007a2700000| Updating 
|2524|0x00000007a2800000, 0x00000007a2900000, 0x00000007a2900000|100%| O|  |TAMS 0x00000007a2900000, 0x00000007a2800000| Updating 
|2525|0x00000007a2900000, 0x00000007a2a00000, 0x00000007a2a00000|100%| O|  |TAMS 0x00000007a2a00000, 0x00000007a2900000| Updating 
|2526|0x00000007a2a00000, 0x00000007a2b00000, 0x00000007a2b00000|100%| O|  |TAMS 0x00000007a2b00000, 0x00000007a2a00000| Updating 
|2527|0x00000007a2b00000, 0x00000007a2c00000, 0x00000007a2c00000|100%| O|  |TAMS 0x00000007a2c00000, 0x00000007a2b00000| Updating 
|2528|0x00000007a2c00000, 0x00000007a2d00000, 0x00000007a2d00000|100%| O|  |TAMS 0x00000007a2d00000, 0x00000007a2c00000| Updating 
|2529|0x00000007a2d00000, 0x00000007a2e00000, 0x00000007a2e00000|100%| O|  |TAMS 0x00000007a2e00000, 0x00000007a2d00000| Updating 
|2530|0x00000007a2e00000, 0x00000007a2f00000, 0x00000007a2f00000|100%| O|  |TAMS 0x00000007a2f00000, 0x00000007a2e00000| Updating 
|2531|0x00000007a2f00000, 0x00000007a3000000, 0x00000007a3000000|100%| O|  |TAMS 0x00000007a3000000, 0x00000007a2f00000| Updating 
|2532|0x00000007a3000000, 0x00000007a3100000, 0x00000007a3100000|100%| O|  |TAMS 0x00000007a3100000, 0x00000007a3000000| Updating 
|2533|0x00000007a3100000, 0x00000007a3200000, 0x00000007a3200000|100%| O|  |TAMS 0x00000007a3200000, 0x00000007a3100000| Updating 
|2534|0x00000007a3200000, 0x00000007a3300000, 0x00000007a3300000|100%| O|  |TAMS 0x00000007a3300000, 0x00000007a3200000| Updating 
|2535|0x00000007a3300000, 0x00000007a3400000, 0x00000007a3400000|100%| O|  |TAMS 0x00000007a3400000, 0x00000007a3300000| Updating 
|2536|0x00000007a3400000, 0x00000007a3500000, 0x00000007a3500000|100%| O|  |TAMS 0x00000007a3500000, 0x00000007a3400000| Updating 
|2537|0x00000007a3500000, 0x00000007a3500000, 0x00000007a3600000|  0%| F|  |TAMS 0x00000007a3500000, 0x00000007a3500000| Untracked 
|2538|0x00000007a3600000, 0x00000007a3700000, 0x00000007a3700000|100%| O|  |TAMS 0x00000007a3700000, 0x00000007a3600000| Updating 
|2539|0x00000007a3700000, 0x00000007a3800000, 0x00000007a3800000|100%| O|  |TAMS 0x00000007a3800000, 0x00000007a3700000| Updating 
|2540|0x00000007a3800000, 0x00000007a3900000, 0x00000007a3900000|100%| O|  |TAMS 0x00000007a3900000, 0x00000007a3800000| Updating 
|2541|0x00000007a3900000, 0x00000007a3a00000, 0x00000007a3a00000|100%| O|  |TAMS 0x00000007a3a00000, 0x00000007a3900000| Updating 
|2542|0x00000007a3a00000, 0x00000007a3b00000, 0x00000007a3b00000|100%| O|  |TAMS 0x00000007a3b00000, 0x00000007a3a00000| Updating 
|2543|0x00000007a3b00000, 0x00000007a3c00000, 0x00000007a3c00000|100%| O|  |TAMS 0x00000007a3c00000, 0x00000007a3b00000| Updating 
|2544|0x00000007a3c00000, 0x00000007a3c00000, 0x00000007a3d00000|  0%| F|  |TAMS 0x00000007a3c00000, 0x00000007a3c00000| Untracked 
|2545|0x00000007a3d00000, 0x00000007a3d00000, 0x00000007a3e00000|  0%| F|  |TAMS 0x00000007a3d00000, 0x00000007a3d00000| Untracked 
|2546|0x00000007a3e00000, 0x00000007a3e00000, 0x00000007a3f00000|  0%| F|  |TAMS 0x00000007a3e00000, 0x00000007a3e00000| Untracked 
|2547|0x00000007a3f00000, 0x00000007a3f00000, 0x00000007a4000000|  0%| F|  |TAMS 0x00000007a3f00000, 0x00000007a3f00000| Untracked 
|2548|0x00000007a4000000, 0x00000007a4000000, 0x00000007a4100000|  0%| F|  |TAMS 0x00000007a4000000, 0x00000007a4000000| Untracked 
|2549|0x00000007a4100000, 0x00000007a4200000, 0x00000007a4200000|100%| O|  |TAMS 0x00000007a4200000, 0x00000007a4100000| Updating 
|2550|0x00000007a4200000, 0x00000007a4300000, 0x00000007a4300000|100%| O|  |TAMS 0x00000007a4300000, 0x00000007a4200000| Updating 
|2551|0x00000007a4300000, 0x00000007a4400000, 0x00000007a4400000|100%| O|  |TAMS 0x00000007a4400000, 0x00000007a4300000| Updating 
|2552|0x00000007a4400000, 0x00000007a4400000, 0x00000007a4500000|  0%| F|  |TAMS 0x00000007a4400000, 0x00000007a4400000| Untracked 
|2553|0x00000007a4500000, 0x00000007a4600000, 0x00000007a4600000|100%| O|  |TAMS 0x00000007a4600000, 0x00000007a4500000| Updating 
|2554|0x00000007a4600000, 0x00000007a4700000, 0x00000007a4700000|100%| O|  |TAMS 0x00000007a4700000, 0x00000007a4600000| Updating 
|2555|0x00000007a4700000, 0x00000007a4700000, 0x00000007a4800000|  0%| F|  |TAMS 0x00000007a4700000, 0x00000007a4700000| Untracked 
|2556|0x00000007a4800000, 0x00000007a4800000, 0x00000007a4900000|  0%| F|  |TAMS 0x00000007a4800000, 0x00000007a4800000| Untracked 
|2557|0x00000007a4900000, 0x00000007a4a00000, 0x00000007a4a00000|100%| O|  |TAMS 0x00000007a4a00000, 0x00000007a4900000| Updating 
|2558|0x00000007a4a00000, 0x00000007a4b00000, 0x00000007a4b00000|100%| O|  |TAMS 0x00000007a4b00000, 0x00000007a4a00000| Updating 
|2559|0x00000007a4b00000, 0x00000007a4b00000, 0x00000007a4c00000|  0%| F|  |TAMS 0x00000007a4b00000, 0x00000007a4b00000| Untracked 
|2560|0x00000007a4c00000, 0x00000007a4c00000, 0x00000007a4d00000|  0%| F|  |TAMS 0x00000007a4c00000, 0x00000007a4c00000| Untracked 
|2561|0x00000007a4d00000, 0x00000007a4e00000, 0x00000007a4e00000|100%| O|  |TAMS 0x00000007a4e00000, 0x00000007a4d00000| Updating 
|2562|0x00000007a4e00000, 0x00000007a4e00000, 0x00000007a4f00000|  0%| F|  |TAMS 0x00000007a4e00000, 0x00000007a4e00000| Untracked 
|2563|0x00000007a4f00000, 0x00000007a5000000, 0x00000007a5000000|100%| O|  |TAMS 0x00000007a5000000, 0x00000007a4f00000| Updating 
|2564|0x00000007a5000000, 0x00000007a5100000, 0x00000007a5100000|100%| O|  |TAMS 0x00000007a5100000, 0x00000007a5000000| Updating 
|2565|0x00000007a5100000, 0x00000007a5200000, 0x00000007a5200000|100%| O|  |TAMS 0x00000007a5200000, 0x00000007a5100000| Updating 
|2566|0x00000007a5200000, 0x00000007a5200000, 0x00000007a5300000|  0%| F|  |TAMS 0x00000007a5200000, 0x00000007a5200000| Untracked 
|2567|0x00000007a5300000, 0x00000007a5300000, 0x00000007a5400000|  0%| F|  |TAMS 0x00000007a5300000, 0x00000007a5300000| Untracked 
|2568|0x00000007a5400000, 0x00000007a5400000, 0x00000007a5500000|  0%| F|  |TAMS 0x00000007a5400000, 0x00000007a5400000| Untracked 
|2569|0x00000007a5500000, 0x00000007a5600000, 0x00000007a5600000|100%| O|  |TAMS 0x00000007a5600000, 0x00000007a5500000| Updating 
|2570|0x00000007a5600000, 0x00000007a5700000, 0x00000007a5700000|100%| O|  |TAMS 0x00000007a5700000, 0x00000007a5600000| Updating 
|2571|0x00000007a5700000, 0x00000007a5700000, 0x00000007a5800000|  0%| F|  |TAMS 0x00000007a5700000, 0x00000007a5700000| Untracked 
|2572|0x00000007a5800000, 0x00000007a5800000, 0x00000007a5900000|  0%| F|  |TAMS 0x00000007a5800000, 0x00000007a5800000| Untracked 
|2573|0x00000007a5900000, 0x00000007a5900000, 0x00000007a5a00000|  0%| F|  |TAMS 0x00000007a5900000, 0x00000007a5900000| Untracked 
|2574|0x00000007a5a00000, 0x00000007a5b00000, 0x00000007a5b00000|100%| O|  |TAMS 0x00000007a5b00000, 0x00000007a5a00000| Updating 
|2575|0x00000007a5b00000, 0x00000007a5b00000, 0x00000007a5c00000|  0%| F|  |TAMS 0x00000007a5b00000, 0x00000007a5b00000| Untracked 
|2576|0x00000007a5c00000, 0x00000007a5d00000, 0x00000007a5d00000|100%| O|  |TAMS 0x00000007a5d00000, 0x00000007a5c00000| Updating 
|2577|0x00000007a5d00000, 0x00000007a5e00000, 0x00000007a5e00000|100%| O|  |TAMS 0x00000007a5e00000, 0x00000007a5d00000| Updating 
|2578|0x00000007a5e00000, 0x00000007a5f00000, 0x00000007a5f00000|100%| O|  |TAMS 0x00000007a5f00000, 0x00000007a5e00000| Updating 
|2579|0x00000007a5f00000, 0x00000007a5f00000, 0x00000007a6000000|  0%| F|  |TAMS 0x00000007a5f00000, 0x00000007a5f00000| Untracked 
|2580|0x00000007a6000000, 0x00000007a6100000, 0x00000007a6100000|100%| O|  |TAMS 0x00000007a6100000, 0x00000007a6000000| Updating 
|2581|0x00000007a6100000, 0x00000007a6200000, 0x00000007a6200000|100%| O|  |TAMS 0x00000007a6200000, 0x00000007a6100000| Updating 
|2582|0x00000007a6200000, 0x00000007a6300000, 0x00000007a6300000|100%| O|  |TAMS 0x00000007a6300000, 0x00000007a6200000| Updating 
|2583|0x00000007a6300000, 0x00000007a6400000, 0x00000007a6400000|100%| O|  |TAMS 0x00000007a6400000, 0x00000007a6300000| Updating 
|2584|0x00000007a6400000, 0x00000007a6500000, 0x00000007a6500000|100%| O|  |TAMS 0x00000007a6500000, 0x00000007a6400000| Updating 
|2585|0x00000007a6500000, 0x00000007a6600000, 0x00000007a6600000|100%| O|  |TAMS 0x00000007a6600000, 0x00000007a6500000| Updating 
|2586|0x00000007a6600000, 0x00000007a6700000, 0x00000007a6700000|100%| O|  |TAMS 0x00000007a6700000, 0x00000007a6600000| Updating 
|2587|0x00000007a6700000, 0x00000007a6800000, 0x00000007a6800000|100%| O|  |TAMS 0x00000007a6800000, 0x00000007a6700000| Updating 
|2588|0x00000007a6800000, 0x00000007a6900000, 0x00000007a6900000|100%| O|  |TAMS 0x00000007a6900000, 0x00000007a6800000| Updating 
|2589|0x00000007a6900000, 0x00000007a6a00000, 0x00000007a6a00000|100%| O|  |TAMS 0x00000007a6a00000, 0x00000007a6900000| Updating 
|2590|0x00000007a6a00000, 0x00000007a6b00000, 0x00000007a6b00000|100%| O|  |TAMS 0x00000007a6b00000, 0x00000007a6a00000| Updating 
|2591|0x00000007a6b00000, 0x00000007a6c00000, 0x00000007a6c00000|100%| O|  |TAMS 0x00000007a6c00000, 0x00000007a6b00000| Updating 
|2592|0x00000007a6c00000, 0x00000007a6d00000, 0x00000007a6d00000|100%| O|  |TAMS 0x00000007a6d00000, 0x00000007a6c00000| Updating 
|2593|0x00000007a6d00000, 0x00000007a6dffff8, 0x00000007a6e00000| 99%| O|  |TAMS 0x00000007a6dffff8, 0x00000007a6d00000| Updating 
|2594|0x00000007a6e00000, 0x00000007a6f00000, 0x00000007a6f00000|100%| O|  |TAMS 0x00000007a6f00000, 0x00000007a6e00000| Updating 
|2595|0x00000007a6f00000, 0x00000007a7000000, 0x00000007a7000000|100%| O|  |TAMS 0x00000007a7000000, 0x00000007a6f00000| Updating 
|2596|0x00000007a7000000, 0x00000007a7100000, 0x00000007a7100000|100%| O|  |TAMS 0x00000007a7100000, 0x00000007a7000000| Updating 
|2597|0x00000007a7100000, 0x00000007a7200000, 0x00000007a7200000|100%| O|  |TAMS 0x00000007a7200000, 0x00000007a7100000| Updating 
|2598|0x00000007a7200000, 0x00000007a7300000, 0x00000007a7300000|100%| O|  |TAMS 0x00000007a7300000, 0x00000007a7200000| Updating 
|2599|0x00000007a7300000, 0x00000007a7400000, 0x00000007a7400000|100%| O|  |TAMS 0x00000007a7400000, 0x00000007a7300000| Updating 
|2600|0x00000007a7400000, 0x00000007a7500000, 0x00000007a7500000|100%| O|  |TAMS 0x00000007a7500000, 0x00000007a7400000| Updating 
|2601|0x00000007a7500000, 0x00000007a7600000, 0x00000007a7600000|100%| O|  |TAMS 0x00000007a7600000, 0x00000007a7500000| Updating 
|2602|0x00000007a7600000, 0x00000007a7700000, 0x00000007a7700000|100%| O|  |TAMS 0x00000007a7700000, 0x00000007a7600000| Updating 
|2603|0x00000007a7700000, 0x00000007a7800000, 0x00000007a7800000|100%| O|  |TAMS 0x00000007a7800000, 0x00000007a7700000| Updating 
|2604|0x00000007a7800000, 0x00000007a7800000, 0x00000007a7900000|  0%| F|  |TAMS 0x00000007a7800000, 0x00000007a7800000| Untracked 
|2605|0x00000007a7900000, 0x00000007a7a00000, 0x00000007a7a00000|100%| O|  |TAMS 0x00000007a7a00000, 0x00000007a7900000| Updating 
|2606|0x00000007a7a00000, 0x00000007a7b00000, 0x00000007a7b00000|100%| O|  |TAMS 0x00000007a7b00000, 0x00000007a7a00000| Updating 
|2607|0x00000007a7b00000, 0x00000007a7c00000, 0x00000007a7c00000|100%| O|  |TAMS 0x00000007a7c00000, 0x00000007a7b00000| Updating 
|2608|0x00000007a7c00000, 0x00000007a7d00000, 0x00000007a7d00000|100%| O|  |TAMS 0x00000007a7d00000, 0x00000007a7c00000| Updating 
|2609|0x00000007a7d00000, 0x00000007a7e00000, 0x00000007a7e00000|100%| O|  |TAMS 0x00000007a7e00000, 0x00000007a7d00000| Updating 
|2610|0x00000007a7e00000, 0x00000007a7f00000, 0x00000007a7f00000|100%| O|  |TAMS 0x00000007a7f00000, 0x00000007a7e00000| Updating 
|2611|0x00000007a7f00000, 0x00000007a8000000, 0x00000007a8000000|100%| O|  |TAMS 0x00000007a8000000, 0x00000007a7f00000| Updating 
|2612|0x00000007a8000000, 0x00000007a8100000, 0x00000007a8100000|100%| O|  |TAMS 0x00000007a8100000, 0x00000007a8000000| Updating 
|2613|0x00000007a8100000, 0x00000007a8200000, 0x00000007a8200000|100%| O|  |TAMS 0x00000007a8200000, 0x00000007a8100000| Updating 
|2614|0x00000007a8200000, 0x00000007a8300000, 0x00000007a8300000|100%| O|  |TAMS 0x00000007a8300000, 0x00000007a8200000| Updating 
|2615|0x00000007a8300000, 0x00000007a8400000, 0x00000007a8400000|100%| O|  |TAMS 0x00000007a8400000, 0x00000007a8300000| Updating 
|2616|0x00000007a8400000, 0x00000007a8500000, 0x00000007a8500000|100%| O|  |TAMS 0x00000007a8500000, 0x00000007a8400000| Updating 
|2617|0x00000007a8500000, 0x00000007a8600000, 0x00000007a8600000|100%| O|  |TAMS 0x00000007a8600000, 0x00000007a8500000| Updating 
|2618|0x00000007a8600000, 0x00000007a8700000, 0x00000007a8700000|100%| O|  |TAMS 0x00000007a8700000, 0x00000007a8600000| Updating 
|2619|0x00000007a8700000, 0x00000007a8800000, 0x00000007a8800000|100%| O|  |TAMS 0x00000007a8800000, 0x00000007a8700000| Updating 
|2620|0x00000007a8800000, 0x00000007a8900000, 0x00000007a8900000|100%| O|  |TAMS 0x00000007a8900000, 0x00000007a8800000| Updating 
|2621|0x00000007a8900000, 0x00000007a8900000, 0x00000007a8a00000|  0%| F|  |TAMS 0x00000007a8900000, 0x00000007a8900000| Untracked 
|2622|0x00000007a8a00000, 0x00000007a8b00000, 0x00000007a8b00000|100%| O|  |TAMS 0x00000007a8b00000, 0x00000007a8a00000| Updating 
|2623|0x00000007a8b00000, 0x00000007a8b00000, 0x00000007a8c00000|  0%| F|  |TAMS 0x00000007a8b00000, 0x00000007a8b00000| Untracked 
|2624|0x00000007a8c00000, 0x00000007a8d00000, 0x00000007a8d00000|100%| O|  |TAMS 0x00000007a8d00000, 0x00000007a8c00000| Updating 
|2625|0x00000007a8d00000, 0x00000007a8e00000, 0x00000007a8e00000|100%| O|  |TAMS 0x00000007a8e00000, 0x00000007a8d00000| Updating 
|2626|0x00000007a8e00000, 0x00000007a8f00000, 0x00000007a8f00000|100%| O|  |TAMS 0x00000007a8f00000, 0x00000007a8e00000| Updating 
|2627|0x00000007a8f00000, 0x00000007a9000000, 0x00000007a9000000|100%| O|  |TAMS 0x00000007a9000000, 0x00000007a8f00000| Updating 
|2628|0x00000007a9000000, 0x00000007a9100000, 0x00000007a9100000|100%| O|  |TAMS 0x00000007a9100000, 0x00000007a9000000| Updating 
|2629|0x00000007a9100000, 0x00000007a9200000, 0x00000007a9200000|100%| O|  |TAMS 0x00000007a9200000, 0x00000007a9100000| Updating 
|2630|0x00000007a9200000, 0x00000007a9300000, 0x00000007a9300000|100%| O|  |TAMS 0x00000007a9300000, 0x00000007a9200000| Updating 
|2631|0x00000007a9300000, 0x00000007a9400000, 0x00000007a9400000|100%| O|  |TAMS 0x00000007a9400000, 0x00000007a9300000| Updating 
|2632|0x00000007a9400000, 0x00000007a9500000, 0x00000007a9500000|100%| O|  |TAMS 0x00000007a9500000, 0x00000007a9400000| Updating 
|2633|0x00000007a9500000, 0x00000007a9600000, 0x00000007a9600000|100%| O|  |TAMS 0x00000007a9600000, 0x00000007a9500000| Updating 
|2634|0x00000007a9600000, 0x00000007a9700000, 0x00000007a9700000|100%| O|  |TAMS 0x00000007a9700000, 0x00000007a9600000| Updating 
|2635|0x00000007a9700000, 0x00000007a9800000, 0x00000007a9800000|100%| O|  |TAMS 0x00000007a9800000, 0x00000007a9700000| Updating 
|2636|0x00000007a9800000, 0x00000007a9900000, 0x00000007a9900000|100%| O|  |TAMS 0x00000007a9900000, 0x00000007a9800000| Updating 
|2637|0x00000007a9900000, 0x00000007a9a00000, 0x00000007a9a00000|100%| O|  |TAMS 0x00000007a9a00000, 0x00000007a9900000| Updating 
|2638|0x00000007a9a00000, 0x00000007a9a00000, 0x00000007a9b00000|  0%| F|  |TAMS 0x00000007a9a00000, 0x00000007a9a00000| Untracked 
|2639|0x00000007a9b00000, 0x00000007a9c00000, 0x00000007a9c00000|100%| O|  |TAMS 0x00000007a9c00000, 0x00000007a9b00000| Updating 
|2640|0x00000007a9c00000, 0x00000007a9d00000, 0x00000007a9d00000|100%| O|  |TAMS 0x00000007a9d00000, 0x00000007a9c00000| Updating 
|2641|0x00000007a9d00000, 0x00000007a9e00000, 0x00000007a9e00000|100%| O|  |TAMS 0x00000007a9e00000, 0x00000007a9d00000| Updating 
|2642|0x00000007a9e00000, 0x00000007a9f00000, 0x00000007a9f00000|100%| O|  |TAMS 0x00000007a9f00000, 0x00000007a9e00000| Updating 
|2643|0x00000007a9f00000, 0x00000007aa000000, 0x00000007aa000000|100%| O|  |TAMS 0x00000007aa000000, 0x00000007a9f00000| Updating 
|2644|0x00000007aa000000, 0x00000007aa100000, 0x00000007aa100000|100%| O|  |TAMS 0x00000007aa100000, 0x00000007aa000000| Updating 
|2645|0x00000007aa100000, 0x00000007aa200000, 0x00000007aa200000|100%| O|  |TAMS 0x00000007aa200000, 0x00000007aa100000| Updating 
|2646|0x00000007aa200000, 0x00000007aa300000, 0x00000007aa300000|100%| O|  |TAMS 0x00000007aa300000, 0x00000007aa200000| Updating 
|2647|0x00000007aa300000, 0x00000007aa400000, 0x00000007aa400000|100%| O|  |TAMS 0x00000007aa400000, 0x00000007aa300000| Updating 
|2648|0x00000007aa400000, 0x00000007aa400000, 0x00000007aa500000|  0%| F|  |TAMS 0x00000007aa400000, 0x00000007aa400000| Untracked 
|2649|0x00000007aa500000, 0x00000007aa600000, 0x00000007aa600000|100%| O|  |TAMS 0x00000007aa600000, 0x00000007aa500000| Updating 
|2650|0x00000007aa600000, 0x00000007aa700000, 0x00000007aa700000|100%| O|  |TAMS 0x00000007aa700000, 0x00000007aa600000| Updating 
|2651|0x00000007aa700000, 0x00000007aa800000, 0x00000007aa800000|100%| O|  |TAMS 0x00000007aa800000, 0x00000007aa700000| Updating 
|2652|0x00000007aa800000, 0x00000007aa900000, 0x00000007aa900000|100%| O|  |TAMS 0x00000007aa900000, 0x00000007aa800000| Updating 
|2653|0x00000007aa900000, 0x00000007aaa00000, 0x00000007aaa00000|100%| O|  |TAMS 0x00000007aaa00000, 0x00000007aa900000| Updating 
|2654|0x00000007aaa00000, 0x00000007aaa00000, 0x00000007aab00000|  0%| F|  |TAMS 0x00000007aaa00000, 0x00000007aaa00000| Untracked 
|2655|0x00000007aab00000, 0x00000007aab00000, 0x00000007aac00000|  0%| F|  |TAMS 0x00000007aab00000, 0x00000007aab00000| Untracked 
|2656|0x00000007aac00000, 0x00000007aac00000, 0x00000007aad00000|  0%| F|  |TAMS 0x00000007aac00000, 0x00000007aac00000| Untracked 
|2657|0x00000007aad00000, 0x00000007aae00000, 0x00000007aae00000|100%| O|  |TAMS 0x00000007aae00000, 0x00000007aad00000| Updating 
|2658|0x00000007aae00000, 0x00000007aaf00000, 0x00000007aaf00000|100%| O|  |TAMS 0x00000007aaf00000, 0x00000007aae00000| Updating 
|2659|0x00000007aaf00000, 0x00000007ab000000, 0x00000007ab000000|100%| O|  |TAMS 0x00000007ab000000, 0x00000007aaf00000| Updating 
|2660|0x00000007ab000000, 0x00000007ab100000, 0x00000007ab100000|100%| O|  |TAMS 0x00000007ab100000, 0x00000007ab000000| Updating 
|2661|0x00000007ab100000, 0x00000007ab200000, 0x00000007ab200000|100%| O|  |TAMS 0x00000007ab200000, 0x00000007ab100000| Updating 
|2662|0x00000007ab200000, 0x00000007ab300000, 0x00000007ab300000|100%| O|  |TAMS 0x00000007ab300000, 0x00000007ab200000| Updating 
|2663|0x00000007ab300000, 0x00000007ab400000, 0x00000007ab400000|100%| O|  |TAMS 0x00000007ab400000, 0x00000007ab300000| Updating 
|2664|0x00000007ab400000, 0x00000007ab500000, 0x00000007ab500000|100%| O|  |TAMS 0x00000007ab500000, 0x00000007ab400000| Updating 
|2665|0x00000007ab500000, 0x00000007ab600000, 0x00000007ab600000|100%| O|  |TAMS 0x00000007ab600000, 0x00000007ab500000| Updating 
|2666|0x00000007ab600000, 0x00000007ab700000, 0x00000007ab700000|100%| O|  |TAMS 0x00000007ab700000, 0x00000007ab600000| Updating 
|2667|0x00000007ab700000, 0x00000007ab800000, 0x00000007ab800000|100%| O|  |TAMS 0x00000007ab800000, 0x00000007ab700000| Updating 
|2668|0x00000007ab800000, 0x00000007ab800000, 0x00000007ab900000|  0%| F|  |TAMS 0x00000007ab800000, 0x00000007ab800000| Untracked 
|2669|0x00000007ab900000, 0x00000007ab900000, 0x00000007aba00000|  0%| F|  |TAMS 0x00000007ab900000, 0x00000007ab900000| Untracked 
|2670|0x00000007aba00000, 0x00000007aba00000, 0x00000007abb00000|  0%| F|  |TAMS 0x00000007aba00000, 0x00000007aba00000| Untracked 
|2671|0x00000007abb00000, 0x00000007abc00000, 0x00000007abc00000|100%| O|  |TAMS 0x00000007abc00000, 0x00000007abb00000| Updating 
|2672|0x00000007abc00000, 0x00000007abc00000, 0x00000007abd00000|  0%| F|  |TAMS 0x00000007abc00000, 0x00000007abc00000| Untracked 
|2673|0x00000007abd00000, 0x00000007abe00000, 0x00000007abe00000|100%| O|  |TAMS 0x00000007abe00000, 0x00000007abd00000| Updating 
|2674|0x00000007abe00000, 0x00000007abe00000, 0x00000007abf00000|  0%| F|  |TAMS 0x00000007abe00000, 0x00000007abe00000| Untracked 
|2675|0x00000007abf00000, 0x00000007ac000000, 0x00000007ac000000|100%| O|  |TAMS 0x00000007ac000000, 0x00000007abf00000| Updating 
|2676|0x00000007ac000000, 0x00000007ac000000, 0x00000007ac100000|  0%| F|  |TAMS 0x00000007ac000000, 0x00000007ac000000| Untracked 
|2677|0x00000007ac100000, 0x00000007ac200000, 0x00000007ac200000|100%| O|  |TAMS 0x00000007ac200000, 0x00000007ac100000| Updating 
|2678|0x00000007ac200000, 0x00000007ac300000, 0x00000007ac300000|100%| O|  |TAMS 0x00000007ac300000, 0x00000007ac200000| Updating 
|2679|0x00000007ac300000, 0x00000007ac300000, 0x00000007ac400000|  0%| F|  |TAMS 0x00000007ac300000, 0x00000007ac300000| Untracked 
|2680|0x00000007ac400000, 0x00000007ac400000, 0x00000007ac500000|  0%| F|  |TAMS 0x00000007ac400000, 0x00000007ac400000| Untracked 
|2681|0x00000007ac500000, 0x00000007ac600000, 0x00000007ac600000|100%| O|  |TAMS 0x00000007ac600000, 0x00000007ac500000| Updating 
|2682|0x00000007ac600000, 0x00000007ac600000, 0x00000007ac700000|  0%| F|  |TAMS 0x00000007ac600000, 0x00000007ac600000| Untracked 
|2683|0x00000007ac700000, 0x00000007ac800000, 0x00000007ac800000|100%| O|  |TAMS 0x00000007ac800000, 0x00000007ac700000| Updating 
|2684|0x00000007ac800000, 0x00000007ac800000, 0x00000007ac900000|  0%| F|  |TAMS 0x00000007ac800000, 0x00000007ac800000| Untracked 
|2685|0x00000007ac900000, 0x00000007aca00000, 0x00000007aca00000|100%| O|  |TAMS 0x00000007aca00000, 0x00000007ac900000| Updating 
|2686|0x00000007aca00000, 0x00000007acb00000, 0x00000007acb00000|100%| O|  |TAMS 0x00000007acb00000, 0x00000007aca00000| Updating 
|2687|0x00000007acb00000, 0x00000007acc00000, 0x00000007acc00000|100%| O|  |TAMS 0x00000007acc00000, 0x00000007acb00000| Updating 
|2688|0x00000007acc00000, 0x00000007acd00000, 0x00000007acd00000|100%| O|  |TAMS 0x00000007acd00000, 0x00000007acc00000| Updating 
|2689|0x00000007acd00000, 0x00000007ace00000, 0x00000007ace00000|100%| O|  |TAMS 0x00000007ace00000, 0x00000007acd00000| Updating 
|2690|0x00000007ace00000, 0x00000007acf00000, 0x00000007acf00000|100%| O|  |TAMS 0x00000007acf00000, 0x00000007ace00000| Updating 
|2691|0x00000007acf00000, 0x00000007acf00000, 0x00000007ad000000|  0%| F|  |TAMS 0x00000007acf00000, 0x00000007acf00000| Untracked 
|2692|0x00000007ad000000, 0x00000007ad100000, 0x00000007ad100000|100%| O|  |TAMS 0x00000007ad100000, 0x00000007ad000000| Updating 
|2693|0x00000007ad100000, 0x00000007ad100000, 0x00000007ad200000|  0%| F|  |TAMS 0x00000007ad100000, 0x00000007ad100000| Untracked 
|2694|0x00000007ad200000, 0x00000007ad300000, 0x00000007ad300000|100%| O|  |TAMS 0x00000007ad300000, 0x00000007ad200000| Updating 
|2695|0x00000007ad300000, 0x00000007ad300000, 0x00000007ad400000|  0%| F|  |TAMS 0x00000007ad300000, 0x00000007ad300000| Untracked 
|2696|0x00000007ad400000, 0x00000007ad400000, 0x00000007ad500000|  0%| F|  |TAMS 0x00000007ad400000, 0x00000007ad400000| Untracked 
|2697|0x00000007ad500000, 0x00000007ad600000, 0x00000007ad600000|100%| O|  |TAMS 0x00000007ad600000, 0x00000007ad500000| Updating 
|2698|0x00000007ad600000, 0x00000007ad600000, 0x00000007ad700000|  0%| F|  |TAMS 0x00000007ad600000, 0x00000007ad600000| Untracked 
|2699|0x00000007ad700000, 0x00000007ad800000, 0x00000007ad800000|100%| O|  |TAMS 0x00000007ad800000, 0x00000007ad700000| Updating 
|2700|0x00000007ad800000, 0x00000007ad800000, 0x00000007ad900000|  0%| F|  |TAMS 0x00000007ad800000, 0x00000007ad800000| Untracked 
|2701|0x00000007ad900000, 0x00000007ada00000, 0x00000007ada00000|100%| O|  |TAMS 0x00000007ada00000, 0x00000007ad900000| Updating 
|2702|0x00000007ada00000, 0x00000007adb00000, 0x00000007adb00000|100%|HS|  |TAMS 0x00000007adb00000, 0x00000007ada00000| Complete 
|2703|0x00000007adb00000, 0x00000007adc00000, 0x00000007adc00000|100%|HC|  |TAMS 0x00000007adc00000, 0x00000007adb00000| Complete 
|2704|0x00000007adc00000, 0x00000007add00000, 0x00000007add00000|100%| O|  |TAMS 0x00000007add00000, 0x00000007adc00000| Updating 
|2705|0x00000007add00000, 0x00000007ade00000, 0x00000007ade00000|100%| O|  |TAMS 0x00000007ade00000, 0x00000007add00000| Updating 
|2706|0x00000007ade00000, 0x00000007adf00000, 0x00000007adf00000|100%| O|  |TAMS 0x00000007adf00000, 0x00000007ade00000| Updating 
|2707|0x00000007adf00000, 0x00000007ae000000, 0x00000007ae000000|100%| O|  |TAMS 0x00000007ae000000, 0x00000007adf00000| Updating 
|2708|0x00000007ae000000, 0x00000007ae100000, 0x00000007ae100000|100%| O|  |TAMS 0x00000007ae100000, 0x00000007ae000000| Updating 
|2709|0x00000007ae100000, 0x00000007ae200000, 0x00000007ae200000|100%| O|  |TAMS 0x00000007ae200000, 0x00000007ae100000| Updating 
|2710|0x00000007ae200000, 0x00000007ae300000, 0x00000007ae300000|100%| O|  |TAMS 0x00000007ae300000, 0x00000007ae200000| Updating 
|2711|0x00000007ae300000, 0x00000007ae400000, 0x00000007ae400000|100%| O|  |TAMS 0x00000007ae400000, 0x00000007ae300000| Updating 
|2712|0x00000007ae400000, 0x00000007ae500000, 0x00000007ae500000|100%| O|  |TAMS 0x00000007ae500000, 0x00000007ae400000| Updating 
|2713|0x00000007ae500000, 0x00000007ae600000, 0x00000007ae600000|100%| O|  |TAMS 0x00000007ae600000, 0x00000007ae500000| Updating 
|2714|0x00000007ae600000, 0x00000007ae700000, 0x00000007ae700000|100%| O|  |TAMS 0x00000007ae700000, 0x00000007ae600000| Updating 
|2715|0x00000007ae700000, 0x00000007ae800000, 0x00000007ae800000|100%| O|  |TAMS 0x00000007ae800000, 0x00000007ae700000| Updating 
|2716|0x00000007ae800000, 0x00000007ae900000, 0x00000007ae900000|100%| O|  |TAMS 0x00000007ae900000, 0x00000007ae800000| Updating 
|2717|0x00000007ae900000, 0x00000007aea00000, 0x00000007aea00000|100%| O|  |TAMS 0x00000007aea00000, 0x00000007ae900000| Updating 
|2718|0x00000007aea00000, 0x00000007aeb00000, 0x00000007aeb00000|100%| O|  |TAMS 0x00000007aeb00000, 0x00000007aea00000| Updating 
|2719|0x00000007aeb00000, 0x00000007aec00000, 0x00000007aec00000|100%| O|  |TAMS 0x00000007aec00000, 0x00000007aeb00000| Updating 
|2720|0x00000007aec00000, 0x00000007aed00000, 0x00000007aed00000|100%| O|  |TAMS 0x00000007aed00000, 0x00000007aec00000| Updating 
|2721|0x00000007aed00000, 0x00000007aee00000, 0x00000007aee00000|100%| O|  |TAMS 0x00000007aee00000, 0x00000007aed00000| Updating 
|2722|0x00000007aee00000, 0x00000007aef00000, 0x00000007aef00000|100%| O|  |TAMS 0x00000007aef00000, 0x00000007aee00000| Updating 
|2723|0x00000007aef00000, 0x00000007af000000, 0x00000007af000000|100%| O|  |TAMS 0x00000007af000000, 0x00000007aef00000| Updating 
|2724|0x00000007af000000, 0x00000007af100000, 0x00000007af100000|100%| O|  |TAMS 0x00000007af100000, 0x00000007af000000| Updating 
|2725|0x00000007af100000, 0x00000007af200000, 0x00000007af200000|100%| O|  |TAMS 0x00000007af200000, 0x00000007af100000| Updating 
|2726|0x00000007af200000, 0x00000007af300000, 0x00000007af300000|100%| O|  |TAMS 0x00000007af300000, 0x00000007af200000| Updating 
|2727|0x00000007af300000, 0x00000007af400000, 0x00000007af400000|100%| O|  |TAMS 0x00000007af400000, 0x00000007af300000| Updating 
|2728|0x00000007af400000, 0x00000007af500000, 0x00000007af500000|100%| O|  |TAMS 0x00000007af500000, 0x00000007af400000| Updating 
|2729|0x00000007af500000, 0x00000007af600000, 0x00000007af600000|100%| O|  |TAMS 0x00000007af600000, 0x00000007af500000| Updating 
|2730|0x00000007af600000, 0x00000007af700000, 0x00000007af700000|100%| O|  |TAMS 0x00000007af700000, 0x00000007af600000| Updating 
|2731|0x00000007af700000, 0x00000007af800000, 0x00000007af800000|100%| O|  |TAMS 0x00000007af800000, 0x00000007af700000| Updating 
|2732|0x00000007af800000, 0x00000007af900000, 0x00000007af900000|100%| O|  |TAMS 0x00000007af900000, 0x00000007af800000| Updating 
|2733|0x00000007af900000, 0x00000007afa00000, 0x00000007afa00000|100%| O|  |TAMS 0x00000007afa00000, 0x00000007af900000| Updating 
|2734|0x00000007afa00000, 0x00000007afb00000, 0x00000007afb00000|100%| O|  |TAMS 0x00000007afb00000, 0x00000007afa00000| Updating 
|2735|0x00000007afb00000, 0x00000007afc00000, 0x00000007afc00000|100%| O|  |TAMS 0x00000007afc00000, 0x00000007afb00000| Updating 
|2736|0x00000007afc00000, 0x00000007afd00000, 0x00000007afd00000|100%| O|  |TAMS 0x00000007afd00000, 0x00000007afc00000| Updating 
|2737|0x00000007afd00000, 0x00000007afe00000, 0x00000007afe00000|100%| O|  |TAMS 0x00000007afe00000, 0x00000007afd00000| Updating 
|2738|0x00000007afe00000, 0x00000007aff00000, 0x00000007aff00000|100%| O|  |TAMS 0x00000007aff00000, 0x00000007afe00000| Updating 
|2739|0x00000007aff00000, 0x00000007b0000000, 0x00000007b0000000|100%| O|  |TAMS 0x00000007b0000000, 0x00000007aff00000| Updating 
|2740|0x00000007b0000000, 0x00000007b0100000, 0x00000007b0100000|100%| O|  |TAMS 0x00000007b0100000, 0x00000007b0000000| Updating 
|2741|0x00000007b0100000, 0x00000007b0200000, 0x00000007b0200000|100%| O|  |TAMS 0x00000007b0200000, 0x00000007b0100000| Updating 
|2742|0x00000007b0200000, 0x00000007b0300000, 0x00000007b0300000|100%| O|  |TAMS 0x00000007b0300000, 0x00000007b0200000| Updating 
|2743|0x00000007b0300000, 0x00000007b0400000, 0x00000007b0400000|100%| O|  |TAMS 0x00000007b0400000, 0x00000007b0300000| Updating 
|2744|0x00000007b0400000, 0x00000007b0500000, 0x00000007b0500000|100%| O|  |TAMS 0x00000007b0500000, 0x00000007b0400000| Updating 
|2745|0x00000007b0500000, 0x00000007b0600000, 0x00000007b0600000|100%| O|  |TAMS 0x00000007b0600000, 0x00000007b0500000| Updating 
|2746|0x00000007b0600000, 0x00000007b0700000, 0x00000007b0700000|100%| O|  |TAMS 0x00000007b0700000, 0x00000007b0600000| Updating 
|2747|0x00000007b0700000, 0x00000007b0800000, 0x00000007b0800000|100%| O|  |TAMS 0x00000007b0800000, 0x00000007b0700000| Updating 
|2748|0x00000007b0800000, 0x00000007b0900000, 0x00000007b0900000|100%| O|  |TAMS 0x00000007b0900000, 0x00000007b0800000| Updating 
|2749|0x00000007b0900000, 0x00000007b0a00000, 0x00000007b0a00000|100%| O|  |TAMS 0x00000007b0a00000, 0x00000007b0900000| Updating 
|2750|0x00000007b0a00000, 0x00000007b0b00000, 0x00000007b0b00000|100%| O|  |TAMS 0x00000007b0b00000, 0x00000007b0a00000| Updating 
|2751|0x00000007b0b00000, 0x00000007b0c00000, 0x00000007b0c00000|100%| O|  |TAMS 0x00000007b0c00000, 0x00000007b0b00000| Updating 
|2752|0x00000007b0c00000, 0x00000007b0d00000, 0x00000007b0d00000|100%| O|  |TAMS 0x00000007b0d00000, 0x00000007b0c00000| Updating 
|2753|0x00000007b0d00000, 0x00000007b0e00000, 0x00000007b0e00000|100%| O|  |TAMS 0x00000007b0e00000, 0x00000007b0d00000| Updating 
|2754|0x00000007b0e00000, 0x00000007b0f00000, 0x00000007b0f00000|100%| O|  |TAMS 0x00000007b0f00000, 0x00000007b0e00000| Updating 
|2755|0x00000007b0f00000, 0x00000007b1000000, 0x00000007b1000000|100%| O|  |TAMS 0x00000007b1000000, 0x00000007b0f00000| Updating 
|2756|0x00000007b1000000, 0x00000007b1100000, 0x00000007b1100000|100%| O|  |TAMS 0x00000007b1100000, 0x00000007b1000000| Updating 
|2757|0x00000007b1100000, 0x00000007b1200000, 0x00000007b1200000|100%| O|  |TAMS 0x00000007b1200000, 0x00000007b1100000| Updating 
|2758|0x00000007b1200000, 0x00000007b1300000, 0x00000007b1300000|100%| O|  |TAMS 0x00000007b1300000, 0x00000007b1200000| Updating 
|2759|0x00000007b1300000, 0x00000007b1400000, 0x00000007b1400000|100%| O|  |TAMS 0x00000007b1400000, 0x00000007b1300000| Updating 
|2760|0x00000007b1400000, 0x00000007b1500000, 0x00000007b1500000|100%| O|  |TAMS 0x00000007b1500000, 0x00000007b1400000| Updating 
|2761|0x00000007b1500000, 0x00000007b1600000, 0x00000007b1600000|100%| O|  |TAMS 0x00000007b1600000, 0x00000007b1500000| Updating 
|2762|0x00000007b1600000, 0x00000007b1700000, 0x00000007b1700000|100%| O|  |TAMS 0x00000007b1700000, 0x00000007b1600000| Updating 
|2763|0x00000007b1700000, 0x00000007b1800000, 0x00000007b1800000|100%| O|  |TAMS 0x00000007b1800000, 0x00000007b1700000| Updating 
|2764|0x00000007b1800000, 0x00000007b1900000, 0x00000007b1900000|100%| O|  |TAMS 0x00000007b1900000, 0x00000007b1800000| Updating 
|2765|0x00000007b1900000, 0x00000007b1a00000, 0x00000007b1a00000|100%| O|  |TAMS 0x00000007b1a00000, 0x00000007b1900000| Updating 
|2766|0x00000007b1a00000, 0x00000007b1b00000, 0x00000007b1b00000|100%| O|  |TAMS 0x00000007b1b00000, 0x00000007b1a00000| Updating 
|2767|0x00000007b1b00000, 0x00000007b1b00000, 0x00000007b1c00000|  0%| F|  |TAMS 0x00000007b1b00000, 0x00000007b1b00000| Untracked 
|2768|0x00000007b1c00000, 0x00000007b1d00000, 0x00000007b1d00000|100%| O|  |TAMS 0x00000007b1d00000, 0x00000007b1c00000| Updating 
|2769|0x00000007b1d00000, 0x00000007b1e00000, 0x00000007b1e00000|100%| O|  |TAMS 0x00000007b1e00000, 0x00000007b1d00000| Updating 
|2770|0x00000007b1e00000, 0x00000007b1f00000, 0x00000007b1f00000|100%| O|  |TAMS 0x00000007b1f00000, 0x00000007b1e00000| Updating 
|2771|0x00000007b1f00000, 0x00000007b2000000, 0x00000007b2000000|100%| O|  |TAMS 0x00000007b2000000, 0x00000007b1f00000| Updating 
|2772|0x00000007b2000000, 0x00000007b2100000, 0x00000007b2100000|100%|HS|  |TAMS 0x00000007b2100000, 0x00000007b2000000| Complete 
|2773|0x00000007b2100000, 0x00000007b2200000, 0x00000007b2200000|100%|HC|  |TAMS 0x00000007b2200000, 0x00000007b2100000| Complete 
|2774|0x00000007b2200000, 0x00000007b2300000, 0x00000007b2300000|100%|HC|  |TAMS 0x00000007b2300000, 0x00000007b2200000| Complete 
|2775|0x00000007b2300000, 0x00000007b2400000, 0x00000007b2400000|100%|HC|  |TAMS 0x00000007b2400000, 0x00000007b2300000| Complete 
|2776|0x00000007b2400000, 0x00000007b2500000, 0x00000007b2500000|100%|HC|  |TAMS 0x00000007b2500000, 0x00000007b2400000| Complete 
|2777|0x00000007b2500000, 0x00000007b2600000, 0x00000007b2600000|100%| O|  |TAMS 0x00000007b2600000, 0x00000007b2500000| Updating 
|2778|0x00000007b2600000, 0x00000007b2700000, 0x00000007b2700000|100%| O|  |TAMS 0x00000007b2700000, 0x00000007b2600000| Updating 
|2779|0x00000007b2700000, 0x00000007b2800000, 0x00000007b2800000|100%| O|  |TAMS 0x00000007b2800000, 0x00000007b2700000| Updating 
|2780|0x00000007b2800000, 0x00000007b2900000, 0x00000007b2900000|100%| O|  |TAMS 0x00000007b2900000, 0x00000007b2800000| Updating 
|2781|0x00000007b2900000, 0x00000007b2a00000, 0x00000007b2a00000|100%| O|  |TAMS 0x00000007b2a00000, 0x00000007b2900000| Updating 
|2782|0x00000007b2a00000, 0x00000007b2b00000, 0x00000007b2b00000|100%| O|  |TAMS 0x00000007b2b00000, 0x00000007b2a00000| Updating 
|2783|0x00000007b2b00000, 0x00000007b2c00000, 0x00000007b2c00000|100%| O|  |TAMS 0x00000007b2c00000, 0x00000007b2b00000| Updating 
|2784|0x00000007b2c00000, 0x00000007b2d00000, 0x00000007b2d00000|100%| O|  |TAMS 0x00000007b2d00000, 0x00000007b2c00000| Updating 
|2785|0x00000007b2d00000, 0x00000007b2e00000, 0x00000007b2e00000|100%| O|  |TAMS 0x00000007b2e00000, 0x00000007b2d00000| Updating 
|2786|0x00000007b2e00000, 0x00000007b2f00000, 0x00000007b2f00000|100%| O|  |TAMS 0x00000007b2f00000, 0x00000007b2e00000| Updating 
|2787|0x00000007b2f00000, 0x00000007b2f00000, 0x00000007b3000000|  0%| F|  |TAMS 0x00000007b2f00000, 0x00000007b2f00000| Untracked 
|2788|0x00000007b3000000, 0x00000007b3000000, 0x00000007b3100000|  0%| F|  |TAMS 0x00000007b3000000, 0x00000007b3000000| Untracked 
|2789|0x00000007b3100000, 0x00000007b3100000, 0x00000007b3200000|  0%| F|  |TAMS 0x00000007b3100000, 0x00000007b3100000| Untracked 
|2790|0x00000007b3200000, 0x00000007b3300000, 0x00000007b3300000|100%| O|  |TAMS 0x00000007b3300000, 0x00000007b3200000| Updating 
|2791|0x00000007b3300000, 0x00000007b3400000, 0x00000007b3400000|100%| O|  |TAMS 0x00000007b3400000, 0x00000007b3300000| Updating 
|2792|0x00000007b3400000, 0x00000007b3500000, 0x00000007b3500000|100%| O|  |TAMS 0x00000007b3500000, 0x00000007b3400000| Updating 
|2793|0x00000007b3500000, 0x00000007b3600000, 0x00000007b3600000|100%| O|  |TAMS 0x00000007b3600000, 0x00000007b3500000| Updating 
|2794|0x00000007b3600000, 0x00000007b3700000, 0x00000007b3700000|100%| O|  |TAMS 0x00000007b3700000, 0x00000007b3600000| Updating 
|2795|0x00000007b3700000, 0x00000007b3800000, 0x00000007b3800000|100%| O|  |TAMS 0x00000007b3800000, 0x00000007b3700000| Updating 
|2796|0x00000007b3800000, 0x00000007b3900000, 0x00000007b3900000|100%| O|  |TAMS 0x00000007b3900000, 0x00000007b3800000| Updating 
|2797|0x00000007b3900000, 0x00000007b3a00000, 0x00000007b3a00000|100%| O|  |TAMS 0x00000007b3a00000, 0x00000007b3900000| Updating 
|2798|0x00000007b3a00000, 0x00000007b3b00000, 0x00000007b3b00000|100%| O|  |TAMS 0x00000007b3b00000, 0x00000007b3a00000| Updating 
|2799|0x00000007b3b00000, 0x00000007b3c00000, 0x00000007b3c00000|100%| O|  |TAMS 0x00000007b3c00000, 0x00000007b3b00000| Updating 
|2800|0x00000007b3c00000, 0x00000007b3c00000, 0x00000007b3d00000|  0%| F|  |TAMS 0x00000007b3c00000, 0x00000007b3c00000| Untracked 
|2801|0x00000007b3d00000, 0x00000007b3d00000, 0x00000007b3e00000|  0%| F|  |TAMS 0x00000007b3d00000, 0x00000007b3d00000| Untracked 
|2802|0x00000007b3e00000, 0x00000007b3f00000, 0x00000007b3f00000|100%| O|  |TAMS 0x00000007b3f00000, 0x00000007b3e00000| Updating 
|2803|0x00000007b3f00000, 0x00000007b4000000, 0x00000007b4000000|100%| O|  |TAMS 0x00000007b4000000, 0x00000007b3f00000| Updating 
|2804|0x00000007b4000000, 0x00000007b4000000, 0x00000007b4100000|  0%| F|  |TAMS 0x00000007b4000000, 0x00000007b4000000| Untracked 
|2805|0x00000007b4100000, 0x00000007b4200000, 0x00000007b4200000|100%| O|  |TAMS 0x00000007b4200000, 0x00000007b4100000| Updating 
|2806|0x00000007b4200000, 0x00000007b4300000, 0x00000007b4300000|100%| O|  |TAMS 0x00000007b4300000, 0x00000007b4200000| Updating 
|2807|0x00000007b4300000, 0x00000007b4400000, 0x00000007b4400000|100%| O|  |TAMS 0x00000007b4400000, 0x00000007b4300000| Updating 
|2808|0x00000007b4400000, 0x00000007b4400000, 0x00000007b4500000|  0%| F|  |TAMS 0x00000007b4400000, 0x00000007b4400000| Untracked 
|2809|0x00000007b4500000, 0x00000007b4600000, 0x00000007b4600000|100%| O|  |TAMS 0x00000007b4600000, 0x00000007b4500000| Updating 
|2810|0x00000007b4600000, 0x00000007b4700000, 0x00000007b4700000|100%| O|  |TAMS 0x00000007b4700000, 0x00000007b4600000| Updating 
|2811|0x00000007b4700000, 0x00000007b4800000, 0x00000007b4800000|100%| O|  |TAMS 0x00000007b4800000, 0x00000007b4700000| Updating 
|2812|0x00000007b4800000, 0x00000007b4900000, 0x00000007b4900000|100%| O|  |TAMS 0x00000007b4900000, 0x00000007b4800000| Updating 
|2813|0x00000007b4900000, 0x00000007b4900000, 0x00000007b4a00000|  0%| F|  |TAMS 0x00000007b4900000, 0x00000007b4900000| Untracked 
|2814|0x00000007b4a00000, 0x00000007b4a00000, 0x00000007b4b00000|  0%| F|  |TAMS 0x00000007b4a00000, 0x00000007b4a00000| Untracked 
|2815|0x00000007b4b00000, 0x00000007b4c00000, 0x00000007b4c00000|100%| O|  |TAMS 0x00000007b4c00000, 0x00000007b4b00000| Updating 
|2816|0x00000007b4c00000, 0x00000007b4d00000, 0x00000007b4d00000|100%| O|  |TAMS 0x00000007b4d00000, 0x00000007b4c00000| Updating 
|2817|0x00000007b4d00000, 0x00000007b4e00000, 0x00000007b4e00000|100%| O|  |TAMS 0x00000007b4e00000, 0x00000007b4d00000| Updating 
|2818|0x00000007b4e00000, 0x00000007b4f00000, 0x00000007b4f00000|100%| O|  |TAMS 0x00000007b4f00000, 0x00000007b4e00000| Updating 
|2819|0x00000007b4f00000, 0x00000007b5000000, 0x00000007b5000000|100%| O|  |TAMS 0x00000007b5000000, 0x00000007b4f00000| Updating 
|2820|0x00000007b5000000, 0x00000007b5000000, 0x00000007b5100000|  0%| F|  |TAMS 0x00000007b5000000, 0x00000007b5000000| Untracked 
|2821|0x00000007b5100000, 0x00000007b5200000, 0x00000007b5200000|100%| O|  |TAMS 0x00000007b5200000, 0x00000007b5100000| Updating 
|2822|0x00000007b5200000, 0x00000007b5300000, 0x00000007b5300000|100%| O|  |TAMS 0x00000007b5300000, 0x00000007b5200000| Updating 
|2823|0x00000007b5300000, 0x00000007b5400000, 0x00000007b5400000|100%| O|  |TAMS 0x00000007b5400000, 0x00000007b5300000| Updating 
|2824|0x00000007b5400000, 0x00000007b5400000, 0x00000007b5500000|  0%| F|  |TAMS 0x00000007b5400000, 0x00000007b5400000| Untracked 
|2825|0x00000007b5500000, 0x00000007b5500000, 0x00000007b5600000|  0%| F|  |TAMS 0x00000007b5500000, 0x00000007b5500000| Untracked 
|2826|0x00000007b5600000, 0x00000007b5600000, 0x00000007b5700000|  0%| F|  |TAMS 0x00000007b5600000, 0x00000007b5600000| Untracked 
|2827|0x00000007b5700000, 0x00000007b5800000, 0x00000007b5800000|100%| O|  |TAMS 0x00000007b5800000, 0x00000007b5700000| Updating 
|2828|0x00000007b5800000, 0x00000007b5900000, 0x00000007b5900000|100%| O|  |TAMS 0x00000007b5900000, 0x00000007b5800000| Updating 
|2829|0x00000007b5900000, 0x00000007b5a00000, 0x00000007b5a00000|100%| O|  |TAMS 0x00000007b5a00000, 0x00000007b5900000| Updating 
|2830|0x00000007b5a00000, 0x00000007b5b00000, 0x00000007b5b00000|100%| O|  |TAMS 0x00000007b5b00000, 0x00000007b5a00000| Updating 
|2831|0x00000007b5b00000, 0x00000007b5b00000, 0x00000007b5c00000|  0%| F|  |TAMS 0x00000007b5b00000, 0x00000007b5b00000| Untracked 
|2832|0x00000007b5c00000, 0x00000007b5c00000, 0x00000007b5d00000|  0%| F|  |TAMS 0x00000007b5c00000, 0x00000007b5c00000| Untracked 
|2833|0x00000007b5d00000, 0x00000007b5e00000, 0x00000007b5e00000|100%| O|  |TAMS 0x00000007b5e00000, 0x00000007b5d00000| Updating 
|2834|0x00000007b5e00000, 0x00000007b5f00000, 0x00000007b5f00000|100%| O|  |TAMS 0x00000007b5f00000, 0x00000007b5e00000| Updating 
|2835|0x00000007b5f00000, 0x00000007b6000000, 0x00000007b6000000|100%| O|  |TAMS 0x00000007b6000000, 0x00000007b5f00000| Updating 
|2836|0x00000007b6000000, 0x00000007b6100000, 0x00000007b6100000|100%| O|  |TAMS 0x00000007b6100000, 0x00000007b6000000| Updating 
|2837|0x00000007b6100000, 0x00000007b6200000, 0x00000007b6200000|100%| O|  |TAMS 0x00000007b6200000, 0x00000007b6100000| Updating 
|2838|0x00000007b6200000, 0x00000007b6300000, 0x00000007b6300000|100%| O|  |TAMS 0x00000007b6300000, 0x00000007b6200000| Updating 
|2839|0x00000007b6300000, 0x00000007b6400000, 0x00000007b6400000|100%| O|  |TAMS 0x00000007b6400000, 0x00000007b6300000| Updating 
|2840|0x00000007b6400000, 0x00000007b6500000, 0x00000007b6500000|100%| O|  |TAMS 0x00000007b6500000, 0x00000007b6400000| Updating 
|2841|0x00000007b6500000, 0x00000007b6600000, 0x00000007b6600000|100%| O|  |TAMS 0x00000007b6600000, 0x00000007b6500000| Updating 
|2842|0x00000007b6600000, 0x00000007b6700000, 0x00000007b6700000|100%| O|  |TAMS 0x00000007b6700000, 0x00000007b6600000| Updating 
|2843|0x00000007b6700000, 0x00000007b6800000, 0x00000007b6800000|100%| O|  |TAMS 0x00000007b6800000, 0x00000007b6700000| Updating 
|2844|0x00000007b6800000, 0x00000007b6800000, 0x00000007b6900000|  0%| F|  |TAMS 0x00000007b6800000, 0x00000007b6800000| Untracked 
|2845|0x00000007b6900000, 0x00000007b6a00000, 0x00000007b6a00000|100%| O|  |TAMS 0x00000007b6a00000, 0x00000007b6900000| Updating 
|2846|0x00000007b6a00000, 0x00000007b6b00000, 0x00000007b6b00000|100%| O|  |TAMS 0x00000007b6b00000, 0x00000007b6a00000| Updating 
|2847|0x00000007b6b00000, 0x00000007b6c00000, 0x00000007b6c00000|100%| O|  |TAMS 0x00000007b6c00000, 0x00000007b6b00000| Updating 
|2848|0x00000007b6c00000, 0x00000007b6d00000, 0x00000007b6d00000|100%| O|  |TAMS 0x00000007b6d00000, 0x00000007b6c00000| Updating 
|2849|0x00000007b6d00000, 0x00000007b6e00000, 0x00000007b6e00000|100%| O|  |TAMS 0x00000007b6e00000, 0x00000007b6d00000| Updating 
|2850|0x00000007b6e00000, 0x00000007b6e00000, 0x00000007b6f00000|  0%| F|  |TAMS 0x00000007b6e00000, 0x00000007b6e00000| Untracked 
|2851|0x00000007b6f00000, 0x00000007b6f00000, 0x00000007b7000000|  0%| F|  |TAMS 0x00000007b6f00000, 0x00000007b6f00000| Untracked 
|2852|0x00000007b7000000, 0x00000007b7100000, 0x00000007b7100000|100%| O|  |TAMS 0x00000007b7100000, 0x00000007b7000000| Updating 
|2853|0x00000007b7100000, 0x00000007b7200000, 0x00000007b7200000|100%| O|  |TAMS 0x00000007b7200000, 0x00000007b7100000| Updating 
|2854|0x00000007b7200000, 0x00000007b7300000, 0x00000007b7300000|100%| O|  |TAMS 0x00000007b7300000, 0x00000007b7200000| Updating 
|2855|0x00000007b7300000, 0x00000007b7400000, 0x00000007b7400000|100%| O|  |TAMS 0x00000007b7400000, 0x00000007b7300000| Updating 
|2856|0x00000007b7400000, 0x00000007b7400000, 0x00000007b7500000|  0%| F|  |TAMS 0x00000007b7400000, 0x00000007b7400000| Untracked 
|2857|0x00000007b7500000, 0x00000007b7600000, 0x00000007b7600000|100%| O|  |TAMS 0x00000007b7600000, 0x00000007b7500000| Updating 
|2858|0x00000007b7600000, 0x00000007b7700000, 0x00000007b7700000|100%| O|  |TAMS 0x00000007b7700000, 0x00000007b7600000| Updating 
|2859|0x00000007b7700000, 0x00000007b7800000, 0x00000007b7800000|100%| O|  |TAMS 0x00000007b7800000, 0x00000007b7700000| Updating 
|2860|0x00000007b7800000, 0x00000007b7900000, 0x00000007b7900000|100%| O|  |TAMS 0x00000007b7900000, 0x00000007b7800000| Updating 
|2861|0x00000007b7900000, 0x00000007b7a00000, 0x00000007b7a00000|100%| O|  |TAMS 0x00000007b7a00000, 0x00000007b7900000| Updating 
|2862|0x00000007b7a00000, 0x00000007b7b00000, 0x00000007b7b00000|100%| O|  |TAMS 0x00000007b7b00000, 0x00000007b7a00000| Updating 
|2863|0x00000007b7b00000, 0x00000007b7b00000, 0x00000007b7c00000|  0%| F|  |TAMS 0x00000007b7b00000, 0x00000007b7b00000| Untracked 
|2864|0x00000007b7c00000, 0x00000007b7d00000, 0x00000007b7d00000|100%| O|  |TAMS 0x00000007b7d00000, 0x00000007b7c00000| Updating 
|2865|0x00000007b7d00000, 0x00000007b7e00000, 0x00000007b7e00000|100%| O|  |TAMS 0x00000007b7e00000, 0x00000007b7d00000| Updating 
|2866|0x00000007b7e00000, 0x00000007b7f00000, 0x00000007b7f00000|100%| O|  |TAMS 0x00000007b7f00000, 0x00000007b7e00000| Updating 
|2867|0x00000007b7f00000, 0x00000007b7f00000, 0x00000007b8000000|  0%| F|  |TAMS 0x00000007b7f00000, 0x00000007b7f00000| Untracked 
|2868|0x00000007b8000000, 0x00000007b8100000, 0x00000007b8100000|100%| O|  |TAMS 0x00000007b8100000, 0x00000007b8000000| Updating 
|2869|0x00000007b8100000, 0x00000007b8200000, 0x00000007b8200000|100%| O|  |TAMS 0x00000007b8200000, 0x00000007b8100000| Updating 
|2870|0x00000007b8200000, 0x00000007b8300000, 0x00000007b8300000|100%| O|  |TAMS 0x00000007b8300000, 0x00000007b8200000| Updating 
|2871|0x00000007b8300000, 0x00000007b8400000, 0x00000007b8400000|100%| O|  |TAMS 0x00000007b8400000, 0x00000007b8300000| Updating 
|2872|0x00000007b8400000, 0x00000007b8500000, 0x00000007b8500000|100%| O|  |TAMS 0x00000007b8500000, 0x00000007b8400000| Updating 
|2873|0x00000007b8500000, 0x00000007b8600000, 0x00000007b8600000|100%| O|  |TAMS 0x00000007b8600000, 0x00000007b8500000| Updating 
|2874|0x00000007b8600000, 0x00000007b8700000, 0x00000007b8700000|100%| O|  |TAMS 0x00000007b8700000, 0x00000007b8600000| Updating 
|2875|0x00000007b8700000, 0x00000007b8800000, 0x00000007b8800000|100%| O|  |TAMS 0x00000007b8800000, 0x00000007b8700000| Updating 
|2876|0x00000007b8800000, 0x00000007b8900000, 0x00000007b8900000|100%| O|  |TAMS 0x00000007b8900000, 0x00000007b8800000| Updating 
|2877|0x00000007b8900000, 0x00000007b8a00000, 0x00000007b8a00000|100%| O|  |TAMS 0x00000007b8a00000, 0x00000007b8900000| Updating 
|2878|0x00000007b8a00000, 0x00000007b8b00000, 0x00000007b8b00000|100%| O|  |TAMS 0x00000007b8b00000, 0x00000007b8a00000| Updating 
|2879|0x00000007b8b00000, 0x00000007b8c00000, 0x00000007b8c00000|100%| O|  |TAMS 0x00000007b8c00000, 0x00000007b8b00000| Updating 
|2880|0x00000007b8c00000, 0x00000007b8d00000, 0x00000007b8d00000|100%| O|  |TAMS 0x00000007b8d00000, 0x00000007b8c00000| Updating 
|2881|0x00000007b8d00000, 0x00000007b8e00000, 0x00000007b8e00000|100%| O|  |TAMS 0x00000007b8e00000, 0x00000007b8d00000| Updating 
|2882|0x00000007b8e00000, 0x00000007b8f00000, 0x00000007b8f00000|100%| O|  |TAMS 0x00000007b8f00000, 0x00000007b8e00000| Updating 
|2883|0x00000007b8f00000, 0x00000007b9000000, 0x00000007b9000000|100%| O|  |TAMS 0x00000007b9000000, 0x00000007b8f00000| Updating 
|2884|0x00000007b9000000, 0x00000007b9100000, 0x00000007b9100000|100%| O|  |TAMS 0x00000007b9100000, 0x00000007b9000000| Updating 
|2885|0x00000007b9100000, 0x00000007b9200000, 0x00000007b9200000|100%| O|  |TAMS 0x00000007b9200000, 0x00000007b9100000| Updating 
|2886|0x00000007b9200000, 0x00000007b9300000, 0x00000007b9300000|100%| O|  |TAMS 0x00000007b9300000, 0x00000007b9200000| Updating 
|2887|0x00000007b9300000, 0x00000007b9400000, 0x00000007b9400000|100%| O|  |TAMS 0x00000007b9400000, 0x00000007b9300000| Updating 
|2888|0x00000007b9400000, 0x00000007b9500000, 0x00000007b9500000|100%| O|  |TAMS 0x00000007b9500000, 0x00000007b9400000| Updating 
|2889|0x00000007b9500000, 0x00000007b9600000, 0x00000007b9600000|100%| O|  |TAMS 0x00000007b9600000, 0x00000007b9500000| Updating 
|2890|0x00000007b9600000, 0x00000007b9700000, 0x00000007b9700000|100%| O|  |TAMS 0x00000007b9700000, 0x00000007b9600000| Updating 
|2891|0x00000007b9700000, 0x00000007b9800000, 0x00000007b9800000|100%| O|  |TAMS 0x00000007b9800000, 0x00000007b9700000| Updating 
|2892|0x00000007b9800000, 0x00000007b9900000, 0x00000007b9900000|100%| O|  |TAMS 0x00000007b9900000, 0x00000007b9800000| Updating 
|2893|0x00000007b9900000, 0x00000007b9a00000, 0x00000007b9a00000|100%| O|  |TAMS 0x00000007b9a00000, 0x00000007b9900000| Updating 
|2894|0x00000007b9a00000, 0x00000007b9b00000, 0x00000007b9b00000|100%| O|  |TAMS 0x00000007b9b00000, 0x00000007b9a00000| Updating 
|2895|0x00000007b9b00000, 0x00000007b9c00000, 0x00000007b9c00000|100%| O|  |TAMS 0x00000007b9c00000, 0x00000007b9b00000| Updating 
|2896|0x00000007b9c00000, 0x00000007b9d00000, 0x00000007b9d00000|100%| O|  |TAMS 0x00000007b9d00000, 0x00000007b9c00000| Updating 
|2897|0x00000007b9d00000, 0x00000007b9e00000, 0x00000007b9e00000|100%| O|  |TAMS 0x00000007b9e00000, 0x00000007b9d00000| Updating 
|2898|0x00000007b9e00000, 0x00000007b9f00000, 0x00000007b9f00000|100%| O|  |TAMS 0x00000007b9f00000, 0x00000007b9e00000| Updating 
|2899|0x00000007b9f00000, 0x00000007ba000000, 0x00000007ba000000|100%| O|  |TAMS 0x00000007ba000000, 0x00000007b9f00000| Updating 
|2900|0x00000007ba000000, 0x00000007ba100000, 0x00000007ba100000|100%| O|  |TAMS 0x00000007ba100000, 0x00000007ba000000| Updating 
|2901|0x00000007ba100000, 0x00000007ba100000, 0x00000007ba200000|  0%| F|  |TAMS 0x00000007ba100000, 0x00000007ba100000| Untracked 
|2902|0x00000007ba200000, 0x00000007ba300000, 0x00000007ba300000|100%| O|  |TAMS 0x00000007ba300000, 0x00000007ba200000| Updating 
|2903|0x00000007ba300000, 0x00000007ba400000, 0x00000007ba400000|100%| O|  |TAMS 0x00000007ba400000, 0x00000007ba300000| Updating 
|2904|0x00000007ba400000, 0x00000007ba500000, 0x00000007ba500000|100%| O|  |TAMS 0x00000007ba500000, 0x00000007ba400000| Updating 
|2905|0x00000007ba500000, 0x00000007ba600000, 0x00000007ba600000|100%| O|  |TAMS 0x00000007ba600000, 0x00000007ba500000| Updating 
|2906|0x00000007ba600000, 0x00000007ba700000, 0x00000007ba700000|100%| O|  |TAMS 0x00000007ba700000, 0x00000007ba600000| Updating 
|2907|0x00000007ba700000, 0x00000007ba800000, 0x00000007ba800000|100%| O|  |TAMS 0x00000007ba800000, 0x00000007ba700000| Updating 
|2908|0x00000007ba800000, 0x00000007ba900000, 0x00000007ba900000|100%| O|  |TAMS 0x00000007ba900000, 0x00000007ba800000| Updating 
|2909|0x00000007ba900000, 0x00000007baa00000, 0x00000007baa00000|100%| O|  |TAMS 0x00000007baa00000, 0x00000007ba900000| Updating 
|2910|0x00000007baa00000, 0x00000007bab00000, 0x00000007bab00000|100%| O|  |TAMS 0x00000007bab00000, 0x00000007baa00000| Updating 
|2911|0x00000007bab00000, 0x00000007bac00000, 0x00000007bac00000|100%| O|  |TAMS 0x00000007bac00000, 0x00000007bab00000| Updating 
|2912|0x00000007bac00000, 0x00000007bad00000, 0x00000007bad00000|100%| O|  |TAMS 0x00000007bad00000, 0x00000007bac00000| Updating 
|2913|0x00000007bad00000, 0x00000007bae00000, 0x00000007bae00000|100%| O|  |TAMS 0x00000007bae00000, 0x00000007bad00000| Updating 
|2914|0x00000007bae00000, 0x00000007baf00000, 0x00000007baf00000|100%| O|  |TAMS 0x00000007baf00000, 0x00000007bae00000| Updating 
|2915|0x00000007baf00000, 0x00000007bb000000, 0x00000007bb000000|100%| O|  |TAMS 0x00000007bb000000, 0x00000007baf00000| Updating 
|2916|0x00000007bb000000, 0x00000007bb100000, 0x00000007bb100000|100%| O|  |TAMS 0x00000007bb100000, 0x00000007bb000000| Updating 
|2917|0x00000007bb100000, 0x00000007bb200000, 0x00000007bb200000|100%| O|  |TAMS 0x00000007bb200000, 0x00000007bb100000| Updating 
|2918|0x00000007bb200000, 0x00000007bb300000, 0x00000007bb300000|100%| O|  |TAMS 0x00000007bb300000, 0x00000007bb200000| Updating 
|2919|0x00000007bb300000, 0x00000007bb400000, 0x00000007bb400000|100%| O|  |TAMS 0x00000007bb400000, 0x00000007bb300000| Updating 
|2920|0x00000007bb400000, 0x00000007bb500000, 0x00000007bb500000|100%| O|  |TAMS 0x00000007bb500000, 0x00000007bb400000| Updating 
|2921|0x00000007bb500000, 0x00000007bb600000, 0x00000007bb600000|100%| O|  |TAMS 0x00000007bb600000, 0x00000007bb500000| Updating 
|2922|0x00000007bb600000, 0x00000007bb700000, 0x00000007bb700000|100%| O|  |TAMS 0x00000007bb700000, 0x00000007bb600000| Updating 
|2923|0x00000007bb700000, 0x00000007bb800000, 0x00000007bb800000|100%| O|  |TAMS 0x00000007bb800000, 0x00000007bb700000| Updating 
|2924|0x00000007bb800000, 0x00000007bb900000, 0x00000007bb900000|100%| O|  |TAMS 0x00000007bb900000, 0x00000007bb800000| Updating 
|2925|0x00000007bb900000, 0x00000007bba00000, 0x00000007bba00000|100%| O|  |TAMS 0x00000007bba00000, 0x00000007bb900000| Updating 
|2926|0x00000007bba00000, 0x00000007bbb00000, 0x00000007bbb00000|100%| O|  |TAMS 0x00000007bbb00000, 0x00000007bba00000| Updating 
|2927|0x00000007bbb00000, 0x00000007bbc00000, 0x00000007bbc00000|100%| O|  |TAMS 0x00000007bbc00000, 0x00000007bbb00000| Updating 
|2928|0x00000007bbc00000, 0x00000007bbd00000, 0x00000007bbd00000|100%| O|  |TAMS 0x00000007bbd00000, 0x00000007bbc00000| Updating 
|2929|0x00000007bbd00000, 0x00000007bbe00000, 0x00000007bbe00000|100%| O|  |TAMS 0x00000007bbe00000, 0x00000007bbd00000| Updating 
|2930|0x00000007bbe00000, 0x00000007bbf00000, 0x00000007bbf00000|100%| O|  |TAMS 0x00000007bbf00000, 0x00000007bbe00000| Updating 
|2931|0x00000007bbf00000, 0x00000007bc000000, 0x00000007bc000000|100%| O|  |TAMS 0x00000007bc000000, 0x00000007bbf00000| Updating 
|2932|0x00000007bc000000, 0x00000007bc100000, 0x00000007bc100000|100%| O|  |TAMS 0x00000007bc100000, 0x00000007bc000000| Updating 
|2933|0x00000007bc100000, 0x00000007bc200000, 0x00000007bc200000|100%| O|  |TAMS 0x00000007bc200000, 0x00000007bc100000| Updating 
|2934|0x00000007bc200000, 0x00000007bc300000, 0x00000007bc300000|100%| O|  |TAMS 0x00000007bc300000, 0x00000007bc200000| Updating 
|2935|0x00000007bc300000, 0x00000007bc400000, 0x00000007bc400000|100%| O|  |TAMS 0x00000007bc400000, 0x00000007bc300000| Updating 
|2936|0x00000007bc400000, 0x00000007bc500000, 0x00000007bc500000|100%| O|  |TAMS 0x00000007bc500000, 0x00000007bc400000| Updating 
|2937|0x00000007bc500000, 0x00000007bc600000, 0x00000007bc600000|100%| O|  |TAMS 0x00000007bc600000, 0x00000007bc500000| Updating 
|2938|0x00000007bc600000, 0x00000007bc700000, 0x00000007bc700000|100%| O|  |TAMS 0x00000007bc700000, 0x00000007bc600000| Updating 
|2939|0x00000007bc700000, 0x00000007bc800000, 0x00000007bc800000|100%| O|  |TAMS 0x00000007bc800000, 0x00000007bc700000| Updating 
|2940|0x00000007bc800000, 0x00000007bc900000, 0x00000007bc900000|100%| O|  |TAMS 0x00000007bc900000, 0x00000007bc800000| Updating 
|2941|0x00000007bc900000, 0x00000007bca00000, 0x00000007bca00000|100%| O|  |TAMS 0x00000007bca00000, 0x00000007bc900000| Updating 
|2942|0x00000007bca00000, 0x00000007bcb00000, 0x00000007bcb00000|100%| O|  |TAMS 0x00000007bcb00000, 0x00000007bca00000| Updating 
|2943|0x00000007bcb00000, 0x00000007bcc00000, 0x00000007bcc00000|100%| O|  |TAMS 0x00000007bcc00000, 0x00000007bcb00000| Updating 
|2944|0x00000007bcc00000, 0x00000007bcd00000, 0x00000007bcd00000|100%| O|  |TAMS 0x00000007bcd00000, 0x00000007bcc00000| Updating 
|2945|0x00000007bcd00000, 0x00000007bce00000, 0x00000007bce00000|100%| O|  |TAMS 0x00000007bce00000, 0x00000007bcd00000| Updating 
|2946|0x00000007bce00000, 0x00000007bcf00000, 0x00000007bcf00000|100%| O|  |TAMS 0x00000007bcf00000, 0x00000007bce00000| Updating 
|2947|0x00000007bcf00000, 0x00000007bd000000, 0x00000007bd000000|100%| O|  |TAMS 0x00000007bd000000, 0x00000007bcf00000| Updating 
|2948|0x00000007bd000000, 0x00000007bd100000, 0x00000007bd100000|100%| O|  |TAMS 0x00000007bd100000, 0x00000007bd000000| Updating 
|2949|0x00000007bd100000, 0x00000007bd200000, 0x00000007bd200000|100%| O|  |TAMS 0x00000007bd200000, 0x00000007bd100000| Updating 
|2950|0x00000007bd200000, 0x00000007bd300000, 0x00000007bd300000|100%| O|  |TAMS 0x00000007bd300000, 0x00000007bd200000| Updating 
|2951|0x00000007bd300000, 0x00000007bd400000, 0x00000007bd400000|100%| O|  |TAMS 0x00000007bd400000, 0x00000007bd300000| Updating 
|2952|0x00000007bd400000, 0x00000007bd500000, 0x00000007bd500000|100%| O|  |TAMS 0x00000007bd500000, 0x00000007bd400000| Updating 
|2953|0x00000007bd500000, 0x00000007bd600000, 0x00000007bd600000|100%| O|  |TAMS 0x00000007bd600000, 0x00000007bd500000| Updating 
|2954|0x00000007bd600000, 0x00000007bd700000, 0x00000007bd700000|100%| O|  |TAMS 0x00000007bd700000, 0x00000007bd600000| Updating 
|2955|0x00000007bd700000, 0x00000007bd800000, 0x00000007bd800000|100%| O|  |TAMS 0x00000007bd800000, 0x00000007bd700000| Updating 
|2956|0x00000007bd800000, 0x00000007bd900000, 0x00000007bd900000|100%| O|  |TAMS 0x00000007bd900000, 0x00000007bd800000| Updating 
|2957|0x00000007bd900000, 0x00000007bda00000, 0x00000007bda00000|100%| O|  |TAMS 0x00000007bda00000, 0x00000007bd900000| Updating 
|2958|0x00000007bda00000, 0x00000007bdb00000, 0x00000007bdb00000|100%| O|  |TAMS 0x00000007bdb00000, 0x00000007bda00000| Updating 
|2959|0x00000007bdb00000, 0x00000007bdc00000, 0x00000007bdc00000|100%| O|  |TAMS 0x00000007bdc00000, 0x00000007bdb00000| Updating 
|2960|0x00000007bdc00000, 0x00000007bdd00000, 0x00000007bdd00000|100%| O|  |TAMS 0x00000007bdd00000, 0x00000007bdc00000| Updating 
|2961|0x00000007bdd00000, 0x00000007bde00000, 0x00000007bde00000|100%| O|  |TAMS 0x00000007bde00000, 0x00000007bdd00000| Updating 
|2962|0x00000007bde00000, 0x00000007bdf00000, 0x00000007bdf00000|100%| O|  |TAMS 0x00000007bdf00000, 0x00000007bde00000| Updating 
|2963|0x00000007bdf00000, 0x00000007be000000, 0x00000007be000000|100%| O|  |TAMS 0x00000007be000000, 0x00000007bdf00000| Updating 
|2964|0x00000007be000000, 0x00000007be100000, 0x00000007be100000|100%| O|  |TAMS 0x00000007be100000, 0x00000007be000000| Updating 
|2965|0x00000007be100000, 0x00000007be200000, 0x00000007be200000|100%| O|  |TAMS 0x00000007be200000, 0x00000007be100000| Updating 
|2966|0x00000007be200000, 0x00000007be300000, 0x00000007be300000|100%| O|  |TAMS 0x00000007be300000, 0x00000007be200000| Updating 
|2967|0x00000007be300000, 0x00000007be400000, 0x00000007be400000|100%| O|  |TAMS 0x00000007be400000, 0x00000007be300000| Updating 
|2968|0x00000007be400000, 0x00000007be500000, 0x00000007be500000|100%| O|  |TAMS 0x00000007be500000, 0x00000007be400000| Updating 
|2969|0x00000007be500000, 0x00000007be600000, 0x00000007be600000|100%| O|  |TAMS 0x00000007be600000, 0x00000007be500000| Updating 
|2970|0x00000007be600000, 0x00000007be700000, 0x00000007be700000|100%| O|  |TAMS 0x00000007be700000, 0x00000007be600000| Updating 
|2971|0x00000007be700000, 0x00000007be800000, 0x00000007be800000|100%| O|  |TAMS 0x00000007be800000, 0x00000007be700000| Updating 
|2972|0x00000007be800000, 0x00000007be900000, 0x00000007be900000|100%| O|  |TAMS 0x00000007be900000, 0x00000007be800000| Updating 
|2973|0x00000007be900000, 0x00000007bea00000, 0x00000007bea00000|100%| O|  |TAMS 0x00000007bea00000, 0x00000007be900000| Updating 
|2974|0x00000007bea00000, 0x00000007beb00000, 0x00000007beb00000|100%| O|  |TAMS 0x00000007beb00000, 0x00000007bea00000| Updating 
|2975|0x00000007beb00000, 0x00000007bec00000, 0x00000007bec00000|100%| O|  |TAMS 0x00000007bec00000, 0x00000007beb00000| Updating 
|2976|0x00000007bec00000, 0x00000007bed00000, 0x00000007bed00000|100%| O|  |TAMS 0x00000007bed00000, 0x00000007bec00000| Updating 
|2977|0x00000007bed00000, 0x00000007bee00000, 0x00000007bee00000|100%| O|  |TAMS 0x00000007bee00000, 0x00000007bed00000| Updating 
|2978|0x00000007bee00000, 0x00000007bef00000, 0x00000007bef00000|100%| O|  |TAMS 0x00000007bef00000, 0x00000007bee00000| Updating 
|2979|0x00000007bef00000, 0x00000007bf000000, 0x00000007bf000000|100%| O|  |TAMS 0x00000007bf000000, 0x00000007bef00000| Updating 
|2980|0x00000007bf000000, 0x00000007bf100000, 0x00000007bf100000|100%| O|  |TAMS 0x00000007bf100000, 0x00000007bf000000| Updating 
|2981|0x00000007bf100000, 0x00000007bf200000, 0x00000007bf200000|100%| O|  |TAMS 0x00000007bf200000, 0x00000007bf100000| Updating 
|2982|0x00000007bf200000, 0x00000007bf300000, 0x00000007bf300000|100%| O|  |TAMS 0x00000007bf300000, 0x00000007bf200000| Updating 
|2983|0x00000007bf300000, 0x00000007bf400000, 0x00000007bf400000|100%| O|  |TAMS 0x00000007bf400000, 0x00000007bf300000| Updating 
|2984|0x00000007bf400000, 0x00000007bf500000, 0x00000007bf500000|100%| O|  |TAMS 0x00000007bf500000, 0x00000007bf400000| Updating 
|2985|0x00000007bf500000, 0x00000007bf600000, 0x00000007bf600000|100%| O|  |TAMS 0x00000007bf600000, 0x00000007bf500000| Updating 
|2986|0x00000007bf600000, 0x00000007bf700000, 0x00000007bf700000|100%| O|  |TAMS 0x00000007bf700000, 0x00000007bf600000| Updating 
|2987|0x00000007bf700000, 0x00000007bf800000, 0x00000007bf800000|100%| O|  |TAMS 0x00000007bf800000, 0x00000007bf700000| Updating 
|2988|0x00000007bf800000, 0x00000007bf900000, 0x00000007bf900000|100%| O|  |TAMS 0x00000007bf900000, 0x00000007bf800000| Updating 
|2989|0x00000007bf900000, 0x00000007bfa00000, 0x00000007bfa00000|100%| O|  |TAMS 0x00000007bfa00000, 0x00000007bf900000| Updating 
|2990|0x00000007bfa00000, 0x00000007bfb00000, 0x00000007bfb00000|100%| O|  |TAMS 0x00000007bfb00000, 0x00000007bfa00000| Updating 
|2991|0x00000007bfb00000, 0x00000007bfc00000, 0x00000007bfc00000|100%| O|  |TAMS 0x00000007bfc00000, 0x00000007bfb00000| Updating 
|2992|0x00000007bfc00000, 0x00000007bfd00000, 0x00000007bfd00000|100%| O|  |TAMS 0x00000007bfd00000, 0x00000007bfc00000| Updating 
|2993|0x00000007bfd00000, 0x00000007bfe00000, 0x00000007bfe00000|100%| O|  |TAMS 0x00000007bfe00000, 0x00000007bfd00000| Updating 
|2994|0x00000007bfe00000, 0x00000007bff00000, 0x00000007bff00000|100%| O|  |TAMS 0x00000007bff00000, 0x00000007bfe00000| Updating 
|2995|0x00000007bff00000, 0x00000007c0000000, 0x00000007c0000000|100%| O|  |TAMS 0x00000007c0000000, 0x00000007bff00000| Updating 
|2996|0x00000007c0000000, 0x00000007c0100000, 0x00000007c0100000|100%| O|  |TAMS 0x00000007c0100000, 0x00000007c0000000| Updating 
|2997|0x00000007c0100000, 0x00000007c0200000, 0x00000007c0200000|100%| O|  |TAMS 0x00000007c0200000, 0x00000007c0100000| Updating 
|2998|0x00000007c0200000, 0x00000007c0300000, 0x00000007c0300000|100%| O|  |TAMS 0x00000007c0300000, 0x00000007c0200000| Updating 
|2999|0x00000007c0300000, 0x00000007c0400000, 0x00000007c0400000|100%| O|  |TAMS 0x00000007c0400000, 0x00000007c0300000| Updating 
|3000|0x00000007c0400000, 0x00000007c0500000, 0x00000007c0500000|100%| O|  |TAMS 0x00000007c0500000, 0x00000007c0400000| Updating 
|3001|0x00000007c0500000, 0x00000007c0600000, 0x00000007c0600000|100%| O|  |TAMS 0x00000007c0600000, 0x00000007c0500000| Updating 
|3002|0x00000007c0600000, 0x00000007c0700000, 0x00000007c0700000|100%| O|  |TAMS 0x00000007c0700000, 0x00000007c0600000| Updating 
|3003|0x00000007c0700000, 0x00000007c0800000, 0x00000007c0800000|100%| O|  |TAMS 0x00000007c0800000, 0x00000007c0700000| Updating 
|3004|0x00000007c0800000, 0x00000007c0900000, 0x00000007c0900000|100%| O|  |TAMS 0x00000007c0900000, 0x00000007c0800000| Updating 
|3005|0x00000007c0900000, 0x00000007c0a00000, 0x00000007c0a00000|100%| O|  |TAMS 0x00000007c0a00000, 0x00000007c0900000| Updating 
|3006|0x00000007c0a00000, 0x00000007c0b00000, 0x00000007c0b00000|100%| O|  |TAMS 0x00000007c0b00000, 0x00000007c0a00000| Updating 
|3007|0x00000007c0b00000, 0x00000007c0c00000, 0x00000007c0c00000|100%| O|  |TAMS 0x00000007c0c00000, 0x00000007c0b00000| Updating 
|3008|0x00000007c0c00000, 0x00000007c0d00000, 0x00000007c0d00000|100%| O|  |TAMS 0x00000007c0d00000, 0x00000007c0c00000| Updating 
|3009|0x00000007c0d00000, 0x00000007c0e00000, 0x00000007c0e00000|100%| O|  |TAMS 0x00000007c0e00000, 0x00000007c0d00000| Updating 
|3010|0x00000007c0e00000, 0x00000007c0f00000, 0x00000007c0f00000|100%| O|  |TAMS 0x00000007c0f00000, 0x00000007c0e00000| Updating 
|3011|0x00000007c0f00000, 0x00000007c1000000, 0x00000007c1000000|100%| O|  |TAMS 0x00000007c1000000, 0x00000007c0f00000| Updating 
|3012|0x00000007c1000000, 0x00000007c1100000, 0x00000007c1100000|100%| O|  |TAMS 0x00000007c1100000, 0x00000007c1000000| Updating 
|3013|0x00000007c1100000, 0x00000007c1200000, 0x00000007c1200000|100%| O|  |TAMS 0x00000007c1200000, 0x00000007c1100000| Updating 
|3014|0x00000007c1200000, 0x00000007c1300000, 0x00000007c1300000|100%| O|  |TAMS 0x00000007c1300000, 0x00000007c1200000| Updating 
|3015|0x00000007c1300000, 0x00000007c1400000, 0x00000007c1400000|100%| O|  |TAMS 0x00000007c1400000, 0x00000007c1300000| Updating 
|3016|0x00000007c1400000, 0x00000007c1500000, 0x00000007c1500000|100%| O|  |TAMS 0x00000007c1500000, 0x00000007c1400000| Updating 
|3017|0x00000007c1500000, 0x00000007c1600000, 0x00000007c1600000|100%| O|  |TAMS 0x00000007c1600000, 0x00000007c1500000| Updating 
|3018|0x00000007c1600000, 0x00000007c1700000, 0x00000007c1700000|100%| O|  |TAMS 0x00000007c1700000, 0x00000007c1600000| Updating 
|3019|0x00000007c1700000, 0x00000007c1800000, 0x00000007c1800000|100%| O|  |TAMS 0x00000007c1800000, 0x00000007c1700000| Updating 
|3020|0x00000007c1800000, 0x00000007c1900000, 0x00000007c1900000|100%| O|  |TAMS 0x00000007c1900000, 0x00000007c1800000| Updating 
|3021|0x00000007c1900000, 0x00000007c1900000, 0x00000007c1a00000|  0%| F|  |TAMS 0x00000007c1900000, 0x00000007c1900000| Untracked 
|3022|0x00000007c1a00000, 0x00000007c1a00000, 0x00000007c1b00000|  0%| F|  |TAMS 0x00000007c1a00000, 0x00000007c1a00000| Untracked 
|3023|0x00000007c1b00000, 0x00000007c1b00000, 0x00000007c1c00000|  0%| F|  |TAMS 0x00000007c1b00000, 0x00000007c1b00000| Untracked 
|3024|0x00000007c1c00000, 0x00000007c1d00000, 0x00000007c1d00000|100%| O|  |TAMS 0x00000007c1d00000, 0x00000007c1c00000| Updating 
|3025|0x00000007c1d00000, 0x00000007c1e00000, 0x00000007c1e00000|100%| O|  |TAMS 0x00000007c1e00000, 0x00000007c1d00000| Updating 
|3026|0x00000007c1e00000, 0x00000007c1f00000, 0x00000007c1f00000|100%| O|  |TAMS 0x00000007c1f00000, 0x00000007c1e00000| Updating 
|3027|0x00000007c1f00000, 0x00000007c2000000, 0x00000007c2000000|100%| O|  |TAMS 0x00000007c2000000, 0x00000007c1f00000| Updating 
|3028|0x00000007c2000000, 0x00000007c2100000, 0x00000007c2100000|100%| O|  |TAMS 0x00000007c2100000, 0x00000007c2000000| Updating 
|3029|0x00000007c2100000, 0x00000007c2200000, 0x00000007c2200000|100%| O|  |TAMS 0x00000007c2200000, 0x00000007c2100000| Updating 
|3030|0x00000007c2200000, 0x00000007c2300000, 0x00000007c2300000|100%| O|  |TAMS 0x00000007c2300000, 0x00000007c2200000| Updating 
|3031|0x00000007c2300000, 0x00000007c2400000, 0x00000007c2400000|100%| O|  |TAMS 0x00000007c2400000, 0x00000007c2300000| Updating 
|3032|0x00000007c2400000, 0x00000007c2500000, 0x00000007c2500000|100%| O|  |TAMS 0x00000007c2500000, 0x00000007c2400000| Updating 
|3033|0x00000007c2500000, 0x00000007c2600000, 0x00000007c2600000|100%| O|  |TAMS 0x00000007c2600000, 0x00000007c2500000| Updating 
|3034|0x00000007c2600000, 0x00000007c2700000, 0x00000007c2700000|100%| O|  |TAMS 0x00000007c2700000, 0x00000007c2600000| Updating 
|3035|0x00000007c2700000, 0x00000007c2800000, 0x00000007c2800000|100%| O|  |TAMS 0x00000007c2800000, 0x00000007c2700000| Updating 
|3036|0x00000007c2800000, 0x00000007c2900000, 0x00000007c2900000|100%| O|  |TAMS 0x00000007c2900000, 0x00000007c2800000| Updating 
|3037|0x00000007c2900000, 0x00000007c2a00000, 0x00000007c2a00000|100%| O|  |TAMS 0x00000007c2a00000, 0x00000007c2900000| Updating 
|3038|0x00000007c2a00000, 0x00000007c2b00000, 0x00000007c2b00000|100%| O|  |TAMS 0x00000007c2b00000, 0x00000007c2a00000| Updating 
|3039|0x00000007c2b00000, 0x00000007c2c00000, 0x00000007c2c00000|100%| O|  |TAMS 0x00000007c2c00000, 0x00000007c2b00000| Updating 
|3040|0x00000007c2c00000, 0x00000007c2d00000, 0x00000007c2d00000|100%| O|  |TAMS 0x00000007c2d00000, 0x00000007c2c00000| Updating 
|3041|0x00000007c2d00000, 0x00000007c2e00000, 0x00000007c2e00000|100%| O|  |TAMS 0x00000007c2e00000, 0x00000007c2d00000| Updating 
|3042|0x00000007c2e00000, 0x00000007c2f00000, 0x00000007c2f00000|100%| O|  |TAMS 0x00000007c2f00000, 0x00000007c2e00000| Updating 
|3043|0x00000007c2f00000, 0x00000007c3000000, 0x00000007c3000000|100%| O|  |TAMS 0x00000007c3000000, 0x00000007c2f00000| Updating 
|3044|0x00000007c3000000, 0x00000007c3100000, 0x00000007c3100000|100%| O|  |TAMS 0x00000007c3100000, 0x00000007c3000000| Updating 
|3045|0x00000007c3100000, 0x00000007c3200000, 0x00000007c3200000|100%| O|  |TAMS 0x00000007c3200000, 0x00000007c3100000| Updating 
|3046|0x00000007c3200000, 0x00000007c3300000, 0x00000007c3300000|100%| O|  |TAMS 0x00000007c3300000, 0x00000007c3200000| Updating 
|3047|0x00000007c3300000, 0x00000007c3400000, 0x00000007c3400000|100%| O|  |TAMS 0x00000007c3400000, 0x00000007c3300000| Updating 
|3048|0x00000007c3400000, 0x00000007c3500000, 0x00000007c3500000|100%| O|  |TAMS 0x00000007c3500000, 0x00000007c3400000| Updating 
|3049|0x00000007c3500000, 0x00000007c3600000, 0x00000007c3600000|100%| O|  |TAMS 0x00000007c3600000, 0x00000007c3500000| Updating 
|3050|0x00000007c3600000, 0x00000007c3700000, 0x00000007c3700000|100%| O|  |TAMS 0x00000007c3700000, 0x00000007c3600000| Updating 
|3051|0x00000007c3700000, 0x00000007c3800000, 0x00000007c3800000|100%| O|  |TAMS 0x00000007c3800000, 0x00000007c3700000| Updating 
|3052|0x00000007c3800000, 0x00000007c3900000, 0x00000007c3900000|100%| O|  |TAMS 0x00000007c3900000, 0x00000007c3800000| Updating 
|3053|0x00000007c3900000, 0x00000007c3a00000, 0x00000007c3a00000|100%| O|  |TAMS 0x00000007c3a00000, 0x00000007c3900000| Updating 
|3054|0x00000007c3a00000, 0x00000007c3b00000, 0x00000007c3b00000|100%| O|  |TAMS 0x00000007c3b00000, 0x00000007c3a00000| Updating 
|3055|0x00000007c3b00000, 0x00000007c3c00000, 0x00000007c3c00000|100%| O|  |TAMS 0x00000007c3c00000, 0x00000007c3b00000| Updating 
|3056|0x00000007c3c00000, 0x00000007c3d00000, 0x00000007c3d00000|100%| O|  |TAMS 0x00000007c3d00000, 0x00000007c3c00000| Updating 
|3057|0x00000007c3d00000, 0x00000007c3e00000, 0x00000007c3e00000|100%| O|  |TAMS 0x00000007c3e00000, 0x00000007c3d00000| Updating 
|3058|0x00000007c3e00000, 0x00000007c3f00000, 0x00000007c3f00000|100%| O|  |TAMS 0x00000007c3f00000, 0x00000007c3e00000| Updating 
|3059|0x00000007c3f00000, 0x00000007c4000000, 0x00000007c4000000|100%| O|  |TAMS 0x00000007c4000000, 0x00000007c3f00000| Updating 
|3060|0x00000007c4000000, 0x00000007c4100000, 0x00000007c4100000|100%| O|  |TAMS 0x00000007c4100000, 0x00000007c4000000| Updating 
|3061|0x00000007c4100000, 0x00000007c4200000, 0x00000007c4200000|100%| O|  |TAMS 0x00000007c4200000, 0x00000007c4100000| Updating 
|3062|0x00000007c4200000, 0x00000007c4300000, 0x00000007c4300000|100%| O|  |TAMS 0x00000007c4300000, 0x00000007c4200000| Updating 
|3063|0x00000007c4300000, 0x00000007c4400000, 0x00000007c4400000|100%| O|  |TAMS 0x00000007c4400000, 0x00000007c4300000| Updating 
|3064|0x00000007c4400000, 0x00000007c4500000, 0x00000007c4500000|100%| O|  |TAMS 0x00000007c4500000, 0x00000007c4400000| Updating 
|3065|0x00000007c4500000, 0x00000007c4600000, 0x00000007c4600000|100%| O|  |TAMS 0x00000007c4600000, 0x00000007c4500000| Updating 
|3066|0x00000007c4600000, 0x00000007c4600000, 0x00000007c4700000|  0%| F|  |TAMS 0x00000007c4600000, 0x00000007c4600000| Untracked 
|3067|0x00000007c4700000, 0x00000007c4800000, 0x00000007c4800000|100%| O|  |TAMS 0x00000007c4800000, 0x00000007c4700000| Updating 
|3068|0x00000007c4800000, 0x00000007c4900000, 0x00000007c4900000|100%| O|  |TAMS 0x00000007c4900000, 0x00000007c4800000| Updating 
|3069|0x00000007c4900000, 0x00000007c4a00000, 0x00000007c4a00000|100%| O|  |TAMS 0x00000007c4a00000, 0x00000007c4900000| Updating 
|3070|0x00000007c4a00000, 0x00000007c4b00000, 0x00000007c4b00000|100%| O|  |TAMS 0x00000007c4b00000, 0x00000007c4a00000| Updating 
|3071|0x00000007c4b00000, 0x00000007c4c00000, 0x00000007c4c00000|100%| O|  |TAMS 0x00000007c4c00000, 0x00000007c4b00000| Updating 
|3072|0x00000007c4c00000, 0x00000007c4c00000, 0x00000007c4d00000|  0%| F|  |TAMS 0x00000007c4c00000, 0x00000007c4c00000| Untracked 
|3073|0x00000007c4d00000, 0x00000007c4e00000, 0x00000007c4e00000|100%| O|  |TAMS 0x00000007c4e00000, 0x00000007c4d00000| Updating 
|3074|0x00000007c4e00000, 0x00000007c4f00000, 0x00000007c4f00000|100%| O|  |TAMS 0x00000007c4f00000, 0x00000007c4e00000| Updating 
|3075|0x00000007c4f00000, 0x00000007c5000000, 0x00000007c5000000|100%| O|  |TAMS 0x00000007c5000000, 0x00000007c4f00000| Updating 
|3076|0x00000007c5000000, 0x00000007c5100000, 0x00000007c5100000|100%| O|  |TAMS 0x00000007c5100000, 0x00000007c5000000| Updating 
|3077|0x00000007c5100000, 0x00000007c5100000, 0x00000007c5200000|  0%| F|  |TAMS 0x00000007c5100000, 0x00000007c5100000| Untracked 
|3078|0x00000007c5200000, 0x00000007c5300000, 0x00000007c5300000|100%| O|  |TAMS 0x00000007c5300000, 0x00000007c5200000| Updating 
|3079|0x00000007c5300000, 0x00000007c5400000, 0x00000007c5400000|100%| O|  |TAMS 0x00000007c5400000, 0x00000007c5300000| Updating 
|3080|0x00000007c5400000, 0x00000007c5500000, 0x00000007c5500000|100%| O|  |TAMS 0x00000007c5500000, 0x00000007c5400000| Updating 
|3081|0x00000007c5500000, 0x00000007c5600000, 0x00000007c5600000|100%| O|  |TAMS 0x00000007c5600000, 0x00000007c5500000| Updating 
|3082|0x00000007c5600000, 0x00000007c5700000, 0x00000007c5700000|100%| O|  |TAMS 0x00000007c5700000, 0x00000007c5600000| Updating 
|3083|0x00000007c5700000, 0x00000007c5800000, 0x00000007c5800000|100%| O|  |TAMS 0x00000007c5800000, 0x00000007c5700000| Updating 
|3084|0x00000007c5800000, 0x00000007c5900000, 0x00000007c5900000|100%| O|  |TAMS 0x00000007c5900000, 0x00000007c5800000| Updating 
|3085|0x00000007c5900000, 0x00000007c5a00000, 0x00000007c5a00000|100%| O|  |TAMS 0x00000007c5a00000, 0x00000007c5900000| Updating 
|3086|0x00000007c5a00000, 0x00000007c5b00000, 0x00000007c5b00000|100%| O|  |TAMS 0x00000007c5b00000, 0x00000007c5a00000| Updating 
|3087|0x00000007c5b00000, 0x00000007c5b00000, 0x00000007c5c00000|  0%| F|  |TAMS 0x00000007c5b00000, 0x00000007c5b00000| Untracked 
|3088|0x00000007c5c00000, 0x00000007c5d00000, 0x00000007c5d00000|100%| O|  |TAMS 0x00000007c5d00000, 0x00000007c5c00000| Updating 
|3089|0x00000007c5d00000, 0x00000007c5d00000, 0x00000007c5e00000|  0%| F|  |TAMS 0x00000007c5d00000, 0x00000007c5d00000| Untracked 
|3090|0x00000007c5e00000, 0x00000007c5f00000, 0x00000007c5f00000|100%| O|  |TAMS 0x00000007c5f00000, 0x00000007c5e00000| Updating 
|3091|0x00000007c5f00000, 0x00000007c6000000, 0x00000007c6000000|100%| O|  |TAMS 0x00000007c6000000, 0x00000007c5f00000| Updating 
|3092|0x00000007c6000000, 0x00000007c6100000, 0x00000007c6100000|100%| O|  |TAMS 0x00000007c6100000, 0x00000007c6000000| Updating 
|3093|0x00000007c6100000, 0x00000007c6200000, 0x00000007c6200000|100%| O|  |TAMS 0x00000007c6200000, 0x00000007c6100000| Updating 
|3094|0x00000007c6200000, 0x00000007c6300000, 0x00000007c6300000|100%| O|  |TAMS 0x00000007c6300000, 0x00000007c6200000| Updating 
|3095|0x00000007c6300000, 0x00000007c6400000, 0x00000007c6400000|100%| O|  |TAMS 0x00000007c6400000, 0x00000007c6300000| Updating 
|3096|0x00000007c6400000, 0x00000007c6500000, 0x00000007c6500000|100%| O|  |TAMS 0x00000007c6500000, 0x00000007c6400000| Updating 
|3097|0x00000007c6500000, 0x00000007c6600000, 0x00000007c6600000|100%| O|  |TAMS 0x00000007c6600000, 0x00000007c6500000| Updating 
|3098|0x00000007c6600000, 0x00000007c6700000, 0x00000007c6700000|100%| O|  |TAMS 0x00000007c6700000, 0x00000007c6600000| Updating 
|3099|0x00000007c6700000, 0x00000007c6800000, 0x00000007c6800000|100%| O|  |TAMS 0x00000007c6800000, 0x00000007c6700000| Updating 
|3100|0x00000007c6800000, 0x00000007c6900000, 0x00000007c6900000|100%| O|  |TAMS 0x00000007c6900000, 0x00000007c6800000| Updating 
|3101|0x00000007c6900000, 0x00000007c6900000, 0x00000007c6a00000|  0%| F|  |TAMS 0x00000007c6900000, 0x00000007c6900000| Untracked 
|3102|0x00000007c6a00000, 0x00000007c6a00000, 0x00000007c6b00000|  0%| F|  |TAMS 0x00000007c6a00000, 0x00000007c6a00000| Untracked 
|3103|0x00000007c6b00000, 0x00000007c6b00000, 0x00000007c6c00000|  0%| F|  |TAMS 0x00000007c6b00000, 0x00000007c6b00000| Untracked 
|3104|0x00000007c6c00000, 0x00000007c6d00000, 0x00000007c6d00000|100%| O|  |TAMS 0x00000007c6d00000, 0x00000007c6c00000| Updating 
|3105|0x00000007c6d00000, 0x00000007c6e00000, 0x00000007c6e00000|100%| O|  |TAMS 0x00000007c6e00000, 0x00000007c6d00000| Updating 
|3106|0x00000007c6e00000, 0x00000007c6f00000, 0x00000007c6f00000|100%| O|  |TAMS 0x00000007c6f00000, 0x00000007c6e00000| Updating 
|3107|0x00000007c6f00000, 0x00000007c7000000, 0x00000007c7000000|100%| O|  |TAMS 0x00000007c7000000, 0x00000007c6f00000| Updating 
|3108|0x00000007c7000000, 0x00000007c7100000, 0x00000007c7100000|100%| O|  |TAMS 0x00000007c7100000, 0x00000007c7000000| Updating 
|3109|0x00000007c7100000, 0x00000007c7200000, 0x00000007c7200000|100%| O|  |TAMS 0x00000007c7200000, 0x00000007c7100000| Updating 
|3110|0x00000007c7200000, 0x00000007c7300000, 0x00000007c7300000|100%| O|  |TAMS 0x00000007c7300000, 0x00000007c7200000| Updating 
|3111|0x00000007c7300000, 0x00000007c7400000, 0x00000007c7400000|100%| O|  |TAMS 0x00000007c7400000, 0x00000007c7300000| Updating 
|3112|0x00000007c7400000, 0x00000007c7500000, 0x00000007c7500000|100%| O|  |TAMS 0x00000007c7500000, 0x00000007c7400000| Updating 
|3113|0x00000007c7500000, 0x00000007c7600000, 0x00000007c7600000|100%| O|  |TAMS 0x00000007c7600000, 0x00000007c7500000| Updating 
|3114|0x00000007c7600000, 0x00000007c7700000, 0x00000007c7700000|100%| O|  |TAMS 0x00000007c7700000, 0x00000007c7600000| Updating 
|3115|0x00000007c7700000, 0x00000007c7800000, 0x00000007c7800000|100%| O|  |TAMS 0x00000007c7800000, 0x00000007c7700000| Updating 
|3116|0x00000007c7800000, 0x00000007c7900000, 0x00000007c7900000|100%| O|  |TAMS 0x00000007c7900000, 0x00000007c7800000| Updating 
|3117|0x00000007c7900000, 0x00000007c7a00000, 0x00000007c7a00000|100%| O|  |TAMS 0x00000007c7a00000, 0x00000007c7900000| Updating 
|3118|0x00000007c7a00000, 0x00000007c7b00000, 0x00000007c7b00000|100%| O|  |TAMS 0x00000007c7b00000, 0x00000007c7a00000| Updating 
|3119|0x00000007c7b00000, 0x00000007c7c00000, 0x00000007c7c00000|100%| O|  |TAMS 0x00000007c7c00000, 0x00000007c7b00000| Updating 
|3120|0x00000007c7c00000, 0x00000007c7d00000, 0x00000007c7d00000|100%| O|  |TAMS 0x00000007c7d00000, 0x00000007c7c00000| Updating 
|3121|0x00000007c7d00000, 0x00000007c7e00000, 0x00000007c7e00000|100%| O|  |TAMS 0x00000007c7e00000, 0x00000007c7d00000| Updating 
|3122|0x00000007c7e00000, 0x00000007c7f00000, 0x00000007c7f00000|100%| O|  |TAMS 0x00000007c7f00000, 0x00000007c7e00000| Updating 
|3123|0x00000007c7f00000, 0x00000007c8000000, 0x00000007c8000000|100%| O|  |TAMS 0x00000007c8000000, 0x00000007c7f00000| Updating 
|3124|0x00000007c8000000, 0x00000007c8100000, 0x00000007c8100000|100%| O|  |TAMS 0x00000007c8100000, 0x00000007c8000000| Updating 
|3125|0x00000007c8100000, 0x00000007c8200000, 0x00000007c8200000|100%| O|  |TAMS 0x00000007c8200000, 0x00000007c8100000| Updating 
|3126|0x00000007c8200000, 0x00000007c8300000, 0x00000007c8300000|100%| O|  |TAMS 0x00000007c8300000, 0x00000007c8200000| Updating 
|3127|0x00000007c8300000, 0x00000007c8400000, 0x00000007c8400000|100%| O|  |TAMS 0x00000007c8400000, 0x00000007c8300000| Updating 
|3128|0x00000007c8400000, 0x00000007c8500000, 0x00000007c8500000|100%| O|  |TAMS 0x00000007c8500000, 0x00000007c8400000| Updating 
|3129|0x00000007c8500000, 0x00000007c8600000, 0x00000007c8600000|100%| O|  |TAMS 0x00000007c8600000, 0x00000007c8500000| Updating 
|3130|0x00000007c8600000, 0x00000007c8700000, 0x00000007c8700000|100%| O|  |TAMS 0x00000007c8700000, 0x00000007c8600000| Updating 
|3131|0x00000007c8700000, 0x00000007c8800000, 0x00000007c8800000|100%| O|  |TAMS 0x00000007c8800000, 0x00000007c8700000| Updating 
|3132|0x00000007c8800000, 0x00000007c8900000, 0x00000007c8900000|100%| O|  |TAMS 0x00000007c8900000, 0x00000007c8800000| Updating 
|3133|0x00000007c8900000, 0x00000007c8a00000, 0x00000007c8a00000|100%| O|  |TAMS 0x00000007c8a00000, 0x00000007c8900000| Updating 
|3134|0x00000007c8a00000, 0x00000007c8b00000, 0x00000007c8b00000|100%| O|  |TAMS 0x00000007c8b00000, 0x00000007c8a00000| Updating 
|3135|0x00000007c8b00000, 0x00000007c8c00000, 0x00000007c8c00000|100%| O|  |TAMS 0x00000007c8c00000, 0x00000007c8b00000| Updating 
|3136|0x00000007c8c00000, 0x00000007c8d00000, 0x00000007c8d00000|100%| O|  |TAMS 0x00000007c8d00000, 0x00000007c8c00000| Updating 
|3137|0x00000007c8d00000, 0x00000007c8e00000, 0x00000007c8e00000|100%| O|  |TAMS 0x00000007c8e00000, 0x00000007c8d00000| Updating 
|3138|0x00000007c8e00000, 0x00000007c8f00000, 0x00000007c8f00000|100%| O|  |TAMS 0x00000007c8f00000, 0x00000007c8e00000| Updating 
|3139|0x00000007c8f00000, 0x00000007c9000000, 0x00000007c9000000|100%| O|  |TAMS 0x00000007c9000000, 0x00000007c8f00000| Updating 
|3140|0x00000007c9000000, 0x00000007c9100000, 0x00000007c9100000|100%| O|  |TAMS 0x00000007c9100000, 0x00000007c9000000| Updating 
|3141|0x00000007c9100000, 0x00000007c9200000, 0x00000007c9200000|100%| O|  |TAMS 0x00000007c9200000, 0x00000007c9100000| Updating 
|3142|0x00000007c9200000, 0x00000007c9300000, 0x00000007c9300000|100%| O|  |TAMS 0x00000007c9300000, 0x00000007c9200000| Updating 
|3143|0x00000007c9300000, 0x00000007c9400000, 0x00000007c9400000|100%| O|  |TAMS 0x00000007c9400000, 0x00000007c9300000| Updating 
|3144|0x00000007c9400000, 0x00000007c9500000, 0x00000007c9500000|100%| O|  |TAMS 0x00000007c9500000, 0x00000007c9400000| Updating 
|3145|0x00000007c9500000, 0x00000007c9600000, 0x00000007c9600000|100%| O|  |TAMS 0x00000007c9600000, 0x00000007c9500000| Updating 
|3146|0x00000007c9600000, 0x00000007c9700000, 0x00000007c9700000|100%| O|  |TAMS 0x00000007c9700000, 0x00000007c9600000| Updating 
|3147|0x00000007c9700000, 0x00000007c9800000, 0x00000007c9800000|100%| O|  |TAMS 0x00000007c9800000, 0x00000007c9700000| Updating 
|3148|0x00000007c9800000, 0x00000007c9900000, 0x00000007c9900000|100%| O|  |TAMS 0x00000007c9900000, 0x00000007c9800000| Updating 
|3149|0x00000007c9900000, 0x00000007c9a00000, 0x00000007c9a00000|100%| O|  |TAMS 0x00000007c9a00000, 0x00000007c9900000| Updating 
|3150|0x00000007c9a00000, 0x00000007c9b00000, 0x00000007c9b00000|100%| O|  |TAMS 0x00000007c9b00000, 0x00000007c9a00000| Updating 
|3151|0x00000007c9b00000, 0x00000007c9c00000, 0x00000007c9c00000|100%| O|  |TAMS 0x00000007c9c00000, 0x00000007c9b00000| Updating 
|3152|0x00000007c9c00000, 0x00000007c9d00000, 0x00000007c9d00000|100%| O|  |TAMS 0x00000007c9d00000, 0x00000007c9c00000| Updating 
|3153|0x00000007c9d00000, 0x00000007c9e00000, 0x00000007c9e00000|100%| O|  |TAMS 0x00000007c9e00000, 0x00000007c9d00000| Updating 
|3154|0x00000007c9e00000, 0x00000007c9f00000, 0x00000007c9f00000|100%| O|  |TAMS 0x00000007c9f00000, 0x00000007c9e00000| Updating 
|3155|0x00000007c9f00000, 0x00000007ca000000, 0x00000007ca000000|100%| O|  |TAMS 0x00000007ca000000, 0x00000007c9f00000| Updating 
|3156|0x00000007ca000000, 0x00000007ca100000, 0x00000007ca100000|100%| O|  |TAMS 0x00000007ca100000, 0x00000007ca000000| Updating 
|3157|0x00000007ca100000, 0x00000007ca200000, 0x00000007ca200000|100%| O|  |TAMS 0x00000007ca200000, 0x00000007ca100000| Updating 
|3158|0x00000007ca200000, 0x00000007ca300000, 0x00000007ca300000|100%| O|  |TAMS 0x00000007ca300000, 0x00000007ca200000| Updating 
|3159|0x00000007ca300000, 0x00000007ca400000, 0x00000007ca400000|100%| O|  |TAMS 0x00000007ca400000, 0x00000007ca300000| Updating 
|3160|0x00000007ca400000, 0x00000007ca500000, 0x00000007ca500000|100%| O|  |TAMS 0x00000007ca500000, 0x00000007ca400000| Updating 
|3161|0x00000007ca500000, 0x00000007ca600000, 0x00000007ca600000|100%| O|  |TAMS 0x00000007ca600000, 0x00000007ca500000| Updating 
|3162|0x00000007ca600000, 0x00000007ca700000, 0x00000007ca700000|100%| O|  |TAMS 0x00000007ca700000, 0x00000007ca600000| Updating 
|3163|0x00000007ca700000, 0x00000007ca800000, 0x00000007ca800000|100%| O|  |TAMS 0x00000007ca800000, 0x00000007ca700000| Updating 
|3164|0x00000007ca800000, 0x00000007ca900000, 0x00000007ca900000|100%| O|  |TAMS 0x00000007ca900000, 0x00000007ca800000| Updating 
|3165|0x00000007ca900000, 0x00000007caa00000, 0x00000007caa00000|100%| O|  |TAMS 0x00000007caa00000, 0x00000007ca900000| Updating 
|3166|0x00000007caa00000, 0x00000007cab00000, 0x00000007cab00000|100%| O|  |TAMS 0x00000007cab00000, 0x00000007caa00000| Updating 
|3167|0x00000007cab00000, 0x00000007cac00000, 0x00000007cac00000|100%| O|  |TAMS 0x00000007cac00000, 0x00000007cab00000| Updating 
|3168|0x00000007cac00000, 0x00000007cad00000, 0x00000007cad00000|100%| O|  |TAMS 0x00000007cad00000, 0x00000007cac00000| Updating 
|3169|0x00000007cad00000, 0x00000007cae00000, 0x00000007cae00000|100%| O|  |TAMS 0x00000007cae00000, 0x00000007cad00000| Updating 
|3170|0x00000007cae00000, 0x00000007caf00000, 0x00000007caf00000|100%| O|  |TAMS 0x00000007caf00000, 0x00000007cae00000| Updating 
|3171|0x00000007caf00000, 0x00000007cb000000, 0x00000007cb000000|100%| O|  |TAMS 0x00000007cb000000, 0x00000007caf00000| Updating 
|3172|0x00000007cb000000, 0x00000007cb100000, 0x00000007cb100000|100%| O|  |TAMS 0x00000007cb100000, 0x00000007cb000000| Updating 
|3173|0x00000007cb100000, 0x00000007cb200000, 0x00000007cb200000|100%| O|  |TAMS 0x00000007cb200000, 0x00000007cb100000| Updating 
|3174|0x00000007cb200000, 0x00000007cb300000, 0x00000007cb300000|100%| O|  |TAMS 0x00000007cb300000, 0x00000007cb200000| Updating 
|3175|0x00000007cb300000, 0x00000007cb400000, 0x00000007cb400000|100%| O|  |TAMS 0x00000007cb400000, 0x00000007cb300000| Updating 
|3176|0x00000007cb400000, 0x00000007cb500000, 0x00000007cb500000|100%| O|  |TAMS 0x00000007cb500000, 0x00000007cb400000| Updating 
|3177|0x00000007cb500000, 0x00000007cb600000, 0x00000007cb600000|100%| O|  |TAMS 0x00000007cb600000, 0x00000007cb500000| Updating 
|3178|0x00000007cb600000, 0x00000007cb700000, 0x00000007cb700000|100%| O|  |TAMS 0x00000007cb700000, 0x00000007cb600000| Updating 
|3179|0x00000007cb700000, 0x00000007cb800000, 0x00000007cb800000|100%| O|  |TAMS 0x00000007cb800000, 0x00000007cb700000| Updating 
|3180|0x00000007cb800000, 0x00000007cb900000, 0x00000007cb900000|100%| O|  |TAMS 0x00000007cb900000, 0x00000007cb800000| Updating 
|3181|0x00000007cb900000, 0x00000007cba00000, 0x00000007cba00000|100%| O|  |TAMS 0x00000007cba00000, 0x00000007cb900000| Updating 
|3182|0x00000007cba00000, 0x00000007cbaffff8, 0x00000007cbb00000| 99%| O|  |TAMS 0x00000007cbaffff8, 0x00000007cba00000| Updating 
|3183|0x00000007cbb00000, 0x00000007cbc00000, 0x00000007cbc00000|100%| O|  |TAMS 0x00000007cbc00000, 0x00000007cbb00000| Updating 
|3184|0x00000007cbc00000, 0x00000007cbd00000, 0x00000007cbd00000|100%| O|  |TAMS 0x00000007cbd00000, 0x00000007cbc00000| Updating 
|3185|0x00000007cbd00000, 0x00000007cbe00000, 0x00000007cbe00000|100%| O|  |TAMS 0x00000007cbe00000, 0x00000007cbd00000| Updating 
|3186|0x00000007cbe00000, 0x00000007cbf00000, 0x00000007cbf00000|100%| O|  |TAMS 0x00000007cbf00000, 0x00000007cbe00000| Updating 
|3187|0x00000007cbf00000, 0x00000007cc000000, 0x00000007cc000000|100%| O|  |TAMS 0x00000007cc000000, 0x00000007cbf00000| Updating 
|3188|0x00000007cc000000, 0x00000007cc100000, 0x00000007cc100000|100%| O|  |TAMS 0x00000007cc100000, 0x00000007cc000000| Updating 
|3189|0x00000007cc100000, 0x00000007cc200000, 0x00000007cc200000|100%| O|  |TAMS 0x00000007cc200000, 0x00000007cc100000| Updating 
|3190|0x00000007cc200000, 0x00000007cc300000, 0x00000007cc300000|100%| O|  |TAMS 0x00000007cc300000, 0x00000007cc200000| Updating 
|3191|0x00000007cc300000, 0x00000007cc400000, 0x00000007cc400000|100%| O|  |TAMS 0x00000007cc400000, 0x00000007cc300000| Updating 
|3192|0x00000007cc400000, 0x00000007cc500000, 0x00000007cc500000|100%| O|  |TAMS 0x00000007cc500000, 0x00000007cc400000| Updating 
|3193|0x00000007cc500000, 0x00000007cc600000, 0x00000007cc600000|100%| O|  |TAMS 0x00000007cc600000, 0x00000007cc500000| Updating 
|3194|0x00000007cc600000, 0x00000007cc700000, 0x00000007cc700000|100%| O|  |TAMS 0x00000007cc700000, 0x00000007cc600000| Updating 
|3195|0x00000007cc700000, 0x00000007cc800000, 0x00000007cc800000|100%| O|  |TAMS 0x00000007cc800000, 0x00000007cc700000| Updating 
|3196|0x00000007cc800000, 0x00000007cc900000, 0x00000007cc900000|100%| O|  |TAMS 0x00000007cc900000, 0x00000007cc800000| Updating 
|3197|0x00000007cc900000, 0x00000007cca00000, 0x00000007cca00000|100%| O|  |TAMS 0x00000007cca00000, 0x00000007cc900000| Updating 
|3198|0x00000007cca00000, 0x00000007ccb00000, 0x00000007ccb00000|100%| O|  |TAMS 0x00000007ccb00000, 0x00000007cca00000| Updating 
|3199|0x00000007ccb00000, 0x00000007ccc00000, 0x00000007ccc00000|100%| O|  |TAMS 0x00000007ccc00000, 0x00000007ccb00000| Updating 
|3200|0x00000007ccc00000, 0x00000007ccd00000, 0x00000007ccd00000|100%| O|  |TAMS 0x00000007ccd00000, 0x00000007ccc00000| Updating 
|3201|0x00000007ccd00000, 0x00000007cce00000, 0x00000007cce00000|100%| O|  |TAMS 0x00000007cce00000, 0x00000007ccd00000| Updating 
|3202|0x00000007cce00000, 0x00000007ccf00000, 0x00000007ccf00000|100%| O|  |TAMS 0x00000007ccf00000, 0x00000007cce00000| Updating 
|3203|0x00000007ccf00000, 0x00000007cd000000, 0x00000007cd000000|100%| O|  |TAMS 0x00000007cd000000, 0x00000007ccf00000| Updating 
|3204|0x00000007cd000000, 0x00000007cd100000, 0x00000007cd100000|100%| O|  |TAMS 0x00000007cd100000, 0x00000007cd000000| Updating 
|3205|0x00000007cd100000, 0x00000007cd200000, 0x00000007cd200000|100%| O|  |TAMS 0x00000007cd200000, 0x00000007cd100000| Updating 
|3206|0x00000007cd200000, 0x00000007cd300000, 0x00000007cd300000|100%| O|  |TAMS 0x00000007cd300000, 0x00000007cd200000| Updating 
|3207|0x00000007cd300000, 0x00000007cd400000, 0x00000007cd400000|100%| O|  |TAMS 0x00000007cd400000, 0x00000007cd300000| Updating 
|3208|0x00000007cd400000, 0x00000007cd500000, 0x00000007cd500000|100%| O|  |TAMS 0x00000007cd500000, 0x00000007cd400000| Updating 
|3209|0x00000007cd500000, 0x00000007cd600000, 0x00000007cd600000|100%| O|  |TAMS 0x00000007cd600000, 0x00000007cd500000| Updating 
|3210|0x00000007cd600000, 0x00000007cd700000, 0x00000007cd700000|100%| O|  |TAMS 0x00000007cd700000, 0x00000007cd600000| Updating 
|3211|0x00000007cd700000, 0x00000007cd800000, 0x00000007cd800000|100%| O|  |TAMS 0x00000007cd800000, 0x00000007cd700000| Updating 
|3212|0x00000007cd800000, 0x00000007cd900000, 0x00000007cd900000|100%| O|  |TAMS 0x00000007cd900000, 0x00000007cd800000| Updating 
|3213|0x00000007cd900000, 0x00000007cda00000, 0x00000007cda00000|100%| O|  |TAMS 0x00000007cda00000, 0x00000007cd900000| Updating 
|3214|0x00000007cda00000, 0x00000007cdb00000, 0x00000007cdb00000|100%| O|  |TAMS 0x00000007cdb00000, 0x00000007cda00000| Updating 
|3215|0x00000007cdb00000, 0x00000007cdc00000, 0x00000007cdc00000|100%| O|  |TAMS 0x00000007cdc00000, 0x00000007cdb00000| Updating 
|3216|0x00000007cdc00000, 0x00000007cdd00000, 0x00000007cdd00000|100%| O|  |TAMS 0x00000007cdd00000, 0x00000007cdc00000| Updating 
|3217|0x00000007cdd00000, 0x00000007cde00000, 0x00000007cde00000|100%| O|  |TAMS 0x00000007cde00000, 0x00000007cdd00000| Updating 
|3218|0x00000007cde00000, 0x00000007cdf00000, 0x00000007cdf00000|100%| O|  |TAMS 0x00000007cdf00000, 0x00000007cde00000| Updating 
|3219|0x00000007cdf00000, 0x00000007ce000000, 0x00000007ce000000|100%| O|  |TAMS 0x00000007ce000000, 0x00000007cdf00000| Updating 
|3220|0x00000007ce000000, 0x00000007ce100000, 0x00000007ce100000|100%| O|  |TAMS 0x00000007ce100000, 0x00000007ce000000| Updating 
|3221|0x00000007ce100000, 0x00000007ce200000, 0x00000007ce200000|100%| O|  |TAMS 0x00000007ce200000, 0x00000007ce100000| Updating 
|3222|0x00000007ce200000, 0x00000007ce300000, 0x00000007ce300000|100%| O|  |TAMS 0x00000007ce300000, 0x00000007ce200000| Updating 
|3223|0x00000007ce300000, 0x00000007ce400000, 0x00000007ce400000|100%| O|  |TAMS 0x00000007ce400000, 0x00000007ce300000| Updating 
|3224|0x00000007ce400000, 0x00000007ce500000, 0x00000007ce500000|100%| O|  |TAMS 0x00000007ce500000, 0x00000007ce400000| Updating 
|3225|0x00000007ce500000, 0x00000007ce600000, 0x00000007ce600000|100%| O|  |TAMS 0x00000007ce600000, 0x00000007ce500000| Updating 
|3226|0x00000007ce600000, 0x00000007ce700000, 0x00000007ce700000|100%| O|  |TAMS 0x00000007ce700000, 0x00000007ce600000| Updating 
|3227|0x00000007ce700000, 0x00000007ce800000, 0x00000007ce800000|100%| O|  |TAMS 0x00000007ce800000, 0x00000007ce700000| Updating 
|3228|0x00000007ce800000, 0x00000007ce900000, 0x00000007ce900000|100%| O|  |TAMS 0x00000007ce900000, 0x00000007ce800000| Updating 
|3229|0x00000007ce900000, 0x00000007cea00000, 0x00000007cea00000|100%| O|  |TAMS 0x00000007cea00000, 0x00000007ce900000| Updating 
|3230|0x00000007cea00000, 0x00000007ceb00000, 0x00000007ceb00000|100%| O|  |TAMS 0x00000007ceb00000, 0x00000007cea00000| Updating 
|3231|0x00000007ceb00000, 0x00000007cec00000, 0x00000007cec00000|100%| O|  |TAMS 0x00000007cec00000, 0x00000007ceb00000| Updating 
|3232|0x00000007cec00000, 0x00000007ced00000, 0x00000007ced00000|100%| O|  |TAMS 0x00000007ced00000, 0x00000007cec00000| Updating 
|3233|0x00000007ced00000, 0x00000007cee00000, 0x00000007cee00000|100%| O|  |TAMS 0x00000007cee00000, 0x00000007ced00000| Updating 
|3234|0x00000007cee00000, 0x00000007cef00000, 0x00000007cef00000|100%| O|  |TAMS 0x00000007cef00000, 0x00000007cee00000| Updating 
|3235|0x00000007cef00000, 0x00000007cf000000, 0x00000007cf000000|100%| O|  |TAMS 0x00000007cf000000, 0x00000007cef00000| Updating 
|3236|0x00000007cf000000, 0x00000007cf100000, 0x00000007cf100000|100%| O|  |TAMS 0x00000007cf100000, 0x00000007cf000000| Updating 
|3237|0x00000007cf100000, 0x00000007cf200000, 0x00000007cf200000|100%| O|  |TAMS 0x00000007cf200000, 0x00000007cf100000| Updating 
|3238|0x00000007cf200000, 0x00000007cf300000, 0x00000007cf300000|100%| O|  |TAMS 0x00000007cf300000, 0x00000007cf200000| Updating 
|3239|0x00000007cf300000, 0x00000007cf400000, 0x00000007cf400000|100%| O|  |TAMS 0x00000007cf400000, 0x00000007cf300000| Updating 
|3240|0x00000007cf400000, 0x00000007cf500000, 0x00000007cf500000|100%| O|  |TAMS 0x00000007cf500000, 0x00000007cf400000| Updating 
|3241|0x00000007cf500000, 0x00000007cf600000, 0x00000007cf600000|100%| O|  |TAMS 0x00000007cf600000, 0x00000007cf500000| Updating 
|3242|0x00000007cf600000, 0x00000007cf700000, 0x00000007cf700000|100%| O|  |TAMS 0x00000007cf700000, 0x00000007cf600000| Updating 
|3243|0x00000007cf700000, 0x00000007cf800000, 0x00000007cf800000|100%| O|  |TAMS 0x00000007cf800000, 0x00000007cf700000| Updating 
|3244|0x00000007cf800000, 0x00000007cf900000, 0x00000007cf900000|100%| O|  |TAMS 0x00000007cf900000, 0x00000007cf800000| Updating 
|3245|0x00000007cf900000, 0x00000007cfa00000, 0x00000007cfa00000|100%| O|  |TAMS 0x00000007cfa00000, 0x00000007cf900000| Updating 
|3246|0x00000007cfa00000, 0x00000007cfb00000, 0x00000007cfb00000|100%| O|  |TAMS 0x00000007cfb00000, 0x00000007cfa00000| Updating 
|3247|0x00000007cfb00000, 0x00000007cfc00000, 0x00000007cfc00000|100%| O|  |TAMS 0x00000007cfc00000, 0x00000007cfb00000| Updating 
|3248|0x00000007cfc00000, 0x00000007cfd00000, 0x00000007cfd00000|100%| O|  |TAMS 0x00000007cfd00000, 0x00000007cfc00000| Updating 
|3249|0x00000007cfd00000, 0x00000007cfe00000, 0x00000007cfe00000|100%| O|  |TAMS 0x00000007cfe00000, 0x00000007cfd00000| Updating 
|3250|0x00000007cfe00000, 0x00000007cff00000, 0x00000007cff00000|100%| O|  |TAMS 0x00000007cff00000, 0x00000007cfe00000| Updating 
|3251|0x00000007cff00000, 0x00000007cff00000, 0x00000007d0000000|  0%| F|  |TAMS 0x00000007cff00000, 0x00000007cff00000| Untracked 
|3252|0x00000007d0000000, 0x00000007d0000000, 0x00000007d0100000|  0%| F|  |TAMS 0x00000007d0000000, 0x00000007d0000000| Untracked 
|3253|0x00000007d0100000, 0x00000007d0100000, 0x00000007d0200000|  0%| F|  |TAMS 0x00000007d0100000, 0x00000007d0100000| Untracked 
|3254|0x00000007d0200000, 0x00000007d0200000, 0x00000007d0300000|  0%| F|  |TAMS 0x00000007d0200000, 0x00000007d0200000| Untracked 
|3255|0x00000007d0300000, 0x00000007d0300000, 0x00000007d0400000|  0%| F|  |TAMS 0x00000007d0300000, 0x00000007d0300000| Untracked 
|3256|0x00000007d0400000, 0x00000007d0400000, 0x00000007d0500000|  0%| F|  |TAMS 0x00000007d0400000, 0x00000007d0400000| Untracked 
|3257|0x00000007d0500000, 0x00000007d0500000, 0x00000007d0600000|  0%| F|  |TAMS 0x00000007d0500000, 0x00000007d0500000| Untracked 
|3258|0x00000007d0600000, 0x00000007d0600000, 0x00000007d0700000|  0%| F|  |TAMS 0x00000007d0600000, 0x00000007d0600000| Untracked 
|3259|0x00000007d0700000, 0x00000007d0700000, 0x00000007d0800000|  0%| F|  |TAMS 0x00000007d0700000, 0x00000007d0700000| Untracked 
|3260|0x00000007d0800000, 0x00000007d0800000, 0x00000007d0900000|  0%| F|  |TAMS 0x00000007d0800000, 0x00000007d0800000| Untracked 
|3261|0x00000007d0900000, 0x00000007d0900000, 0x00000007d0a00000|  0%| F|  |TAMS 0x00000007d0900000, 0x00000007d0900000| Untracked 
|3262|0x00000007d0a00000, 0x00000007d0a00000, 0x00000007d0b00000|  0%| F|  |TAMS 0x00000007d0a00000, 0x00000007d0a00000| Untracked 
|3263|0x00000007d0b00000, 0x00000007d0b00000, 0x00000007d0c00000|  0%| F|  |TAMS 0x00000007d0b00000, 0x00000007d0b00000| Untracked 
|3264|0x00000007d0c00000, 0x00000007d0c00000, 0x00000007d0d00000|  0%| F|  |TAMS 0x00000007d0c00000, 0x00000007d0c00000| Untracked 
|3265|0x00000007d0d00000, 0x00000007d0d00000, 0x00000007d0e00000|  0%| F|  |TAMS 0x00000007d0d00000, 0x00000007d0d00000| Untracked 
|3266|0x00000007d0e00000, 0x00000007d0e00000, 0x00000007d0f00000|  0%| F|  |TAMS 0x00000007d0e00000, 0x00000007d0e00000| Untracked 
|3267|0x00000007d0f00000, 0x00000007d0f00000, 0x00000007d1000000|  0%| F|  |TAMS 0x00000007d0f00000, 0x00000007d0f00000| Untracked 
|3268|0x00000007d1000000, 0x00000007d1000000, 0x00000007d1100000|  0%| F|  |TAMS 0x00000007d1000000, 0x00000007d1000000| Untracked 
|3269|0x00000007d1100000, 0x00000007d1100000, 0x00000007d1200000|  0%| F|  |TAMS 0x00000007d1100000, 0x00000007d1100000| Untracked 
|3270|0x00000007d1200000, 0x00000007d1200000, 0x00000007d1300000|  0%| F|  |TAMS 0x00000007d1200000, 0x00000007d1200000| Untracked 
|3271|0x00000007d1300000, 0x00000007d1300000, 0x00000007d1400000|  0%| F|  |TAMS 0x00000007d1300000, 0x00000007d1300000| Untracked 
|3272|0x00000007d1400000, 0x00000007d1400000, 0x00000007d1500000|  0%| F|  |TAMS 0x00000007d1400000, 0x00000007d1400000| Untracked 
|3273|0x00000007d1500000, 0x00000007d1500000, 0x00000007d1600000|  0%| F|  |TAMS 0x00000007d1500000, 0x00000007d1500000| Untracked 
|3274|0x00000007d1600000, 0x00000007d1600000, 0x00000007d1700000|  0%| F|  |TAMS 0x00000007d1600000, 0x00000007d1600000| Untracked 
|3275|0x00000007d1700000, 0x00000007d1700000, 0x00000007d1800000|  0%| F|  |TAMS 0x00000007d1700000, 0x00000007d1700000| Untracked 
|3276|0x00000007d1800000, 0x00000007d1800000, 0x00000007d1900000|  0%| F|  |TAMS 0x00000007d1800000, 0x00000007d1800000| Untracked 
|3277|0x00000007d1900000, 0x00000007d1900000, 0x00000007d1a00000|  0%| F|  |TAMS 0x00000007d1900000, 0x00000007d1900000| Untracked 
|3278|0x00000007d1a00000, 0x00000007d1a00000, 0x00000007d1b00000|  0%| F|  |TAMS 0x00000007d1a00000, 0x00000007d1a00000| Untracked 
|3279|0x00000007d1b00000, 0x00000007d1b00000, 0x00000007d1c00000|  0%| F|  |TAMS 0x00000007d1b00000, 0x00000007d1b00000| Untracked 
|3280|0x00000007d1c00000, 0x00000007d1c00000, 0x00000007d1d00000|  0%| F|  |TAMS 0x00000007d1c00000, 0x00000007d1c00000| Untracked 
|3281|0x00000007d1d00000, 0x00000007d1d00000, 0x00000007d1e00000|  0%| F|  |TAMS 0x00000007d1d00000, 0x00000007d1d00000| Untracked 
|3282|0x00000007d1e00000, 0x00000007d1e00000, 0x00000007d1f00000|  0%| F|  |TAMS 0x00000007d1e00000, 0x00000007d1e00000| Untracked 
|3283|0x00000007d1f00000, 0x00000007d1f00000, 0x00000007d2000000|  0%| F|  |TAMS 0x00000007d1f00000, 0x00000007d1f00000| Untracked 
|3284|0x00000007d2000000, 0x00000007d2000000, 0x00000007d2100000|  0%| F|  |TAMS 0x00000007d2000000, 0x00000007d2000000| Untracked 
|3285|0x00000007d2100000, 0x00000007d2100000, 0x00000007d2200000|  0%| F|  |TAMS 0x00000007d2100000, 0x00000007d2100000| Untracked 
|3286|0x00000007d2200000, 0x00000007d2200000, 0x00000007d2300000|  0%| F|  |TAMS 0x00000007d2200000, 0x00000007d2200000| Untracked 
|3287|0x00000007d2300000, 0x00000007d2300000, 0x00000007d2400000|  0%| F|  |TAMS 0x00000007d2300000, 0x00000007d2300000| Untracked 
|3288|0x00000007d2400000, 0x00000007d2400000, 0x00000007d2500000|  0%| F|  |TAMS 0x00000007d2400000, 0x00000007d2400000| Untracked 
|3289|0x00000007d2500000, 0x00000007d2500000, 0x00000007d2600000|  0%| F|  |TAMS 0x00000007d2500000, 0x00000007d2500000| Untracked 
|3290|0x00000007d2600000, 0x00000007d2600000, 0x00000007d2700000|  0%| F|  |TAMS 0x00000007d2600000, 0x00000007d2600000| Untracked 
|3291|0x00000007d2700000, 0x00000007d2700000, 0x00000007d2800000|  0%| F|  |TAMS 0x00000007d2700000, 0x00000007d2700000| Untracked 
|3292|0x00000007d2800000, 0x00000007d2800000, 0x00000007d2900000|  0%| F|  |TAMS 0x00000007d2800000, 0x00000007d2800000| Untracked 
|3293|0x00000007d2900000, 0x00000007d2900000, 0x00000007d2a00000|  0%| F|  |TAMS 0x00000007d2900000, 0x00000007d2900000| Untracked 
|3294|0x00000007d2a00000, 0x00000007d2a00000, 0x00000007d2b00000|  0%| F|  |TAMS 0x00000007d2a00000, 0x00000007d2a00000| Untracked 
|3295|0x00000007d2b00000, 0x00000007d2b00000, 0x00000007d2c00000|  0%| F|  |TAMS 0x00000007d2b00000, 0x00000007d2b00000| Untracked 
|3296|0x00000007d2c00000, 0x00000007d2c00000, 0x00000007d2d00000|  0%| F|  |TAMS 0x00000007d2c00000, 0x00000007d2c00000| Untracked 
|3297|0x00000007d2d00000, 0x00000007d2d00000, 0x00000007d2e00000|  0%| F|  |TAMS 0x00000007d2d00000, 0x00000007d2d00000| Untracked 
|3298|0x00000007d2e00000, 0x00000007d2e00000, 0x00000007d2f00000|  0%| F|  |TAMS 0x00000007d2e00000, 0x00000007d2e00000| Untracked 
|3299|0x00000007d2f00000, 0x00000007d2f00000, 0x00000007d3000000|  0%| F|  |TAMS 0x00000007d2f00000, 0x00000007d2f00000| Untracked 
|3300|0x00000007d3000000, 0x00000007d3000000, 0x00000007d3100000|  0%| F|  |TAMS 0x00000007d3000000, 0x00000007d3000000| Untracked 
|3301|0x00000007d3100000, 0x00000007d3100000, 0x00000007d3200000|  0%| F|  |TAMS 0x00000007d3100000, 0x00000007d3100000| Untracked 
|3302|0x00000007d3200000, 0x00000007d3200000, 0x00000007d3300000|  0%| F|  |TAMS 0x00000007d3200000, 0x00000007d3200000| Untracked 
|3303|0x00000007d3300000, 0x00000007d3300000, 0x00000007d3400000|  0%| F|  |TAMS 0x00000007d3300000, 0x00000007d3300000| Untracked 
|3304|0x00000007d3400000, 0x00000007d3400000, 0x00000007d3500000|  0%| F|  |TAMS 0x00000007d3400000, 0x00000007d3400000| Untracked 
|3305|0x00000007d3500000, 0x00000007d3500000, 0x00000007d3600000|  0%| F|  |TAMS 0x00000007d3500000, 0x00000007d3500000| Untracked 
|3306|0x00000007d3600000, 0x00000007d3600000, 0x00000007d3700000|  0%| F|  |TAMS 0x00000007d3600000, 0x00000007d3600000| Untracked 
|3307|0x00000007d3700000, 0x00000007d3700000, 0x00000007d3800000|  0%| F|  |TAMS 0x00000007d3700000, 0x00000007d3700000| Untracked 
|3308|0x00000007d3800000, 0x00000007d3800000, 0x00000007d3900000|  0%| F|  |TAMS 0x00000007d3800000, 0x00000007d3800000| Untracked 
|3309|0x00000007d3900000, 0x00000007d3900000, 0x00000007d3a00000|  0%| F|  |TAMS 0x00000007d3900000, 0x00000007d3900000| Untracked 
|3310|0x00000007d3a00000, 0x00000007d3a00000, 0x00000007d3b00000|  0%| F|  |TAMS 0x00000007d3a00000, 0x00000007d3a00000| Untracked 
|3311|0x00000007d3b00000, 0x00000007d3b00000, 0x00000007d3c00000|  0%| F|  |TAMS 0x00000007d3b00000, 0x00000007d3b00000| Untracked 
|3312|0x00000007d3c00000, 0x00000007d3c00000, 0x00000007d3d00000|  0%| F|  |TAMS 0x00000007d3c00000, 0x00000007d3c00000| Untracked 
|3313|0x00000007d3d00000, 0x00000007d3d00000, 0x00000007d3e00000|  0%| F|  |TAMS 0x00000007d3d00000, 0x00000007d3d00000| Untracked 
|3314|0x00000007d3e00000, 0x00000007d3e00000, 0x00000007d3f00000|  0%| F|  |TAMS 0x00000007d3e00000, 0x00000007d3e00000| Untracked 
|3315|0x00000007d3f00000, 0x00000007d3f00000, 0x00000007d4000000|  0%| F|  |TAMS 0x00000007d3f00000, 0x00000007d3f00000| Untracked 
|3316|0x00000007d4000000, 0x00000007d4000000, 0x00000007d4100000|  0%| F|  |TAMS 0x00000007d4000000, 0x00000007d4000000| Untracked 
|3317|0x00000007d4100000, 0x00000007d4100000, 0x00000007d4200000|  0%| F|  |TAMS 0x00000007d4100000, 0x00000007d4100000| Untracked 
|3318|0x00000007d4200000, 0x00000007d4200000, 0x00000007d4300000|  0%| F|  |TAMS 0x00000007d4200000, 0x00000007d4200000| Untracked 
|3319|0x00000007d4300000, 0x00000007d4300000, 0x00000007d4400000|  0%| F|  |TAMS 0x00000007d4300000, 0x00000007d4300000| Untracked 
|3320|0x00000007d4400000, 0x00000007d4400000, 0x00000007d4500000|  0%| F|  |TAMS 0x00000007d4400000, 0x00000007d4400000| Untracked 
|3321|0x00000007d4500000, 0x00000007d4500000, 0x00000007d4600000|  0%| F|  |TAMS 0x00000007d4500000, 0x00000007d4500000| Untracked 
|3322|0x00000007d4600000, 0x00000007d4600000, 0x00000007d4700000|  0%| F|  |TAMS 0x00000007d4600000, 0x00000007d4600000| Untracked 
|3323|0x00000007d4700000, 0x00000007d4700000, 0x00000007d4800000|  0%| F|  |TAMS 0x00000007d4700000, 0x00000007d4700000| Untracked 
|3324|0x00000007d4800000, 0x00000007d4800000, 0x00000007d4900000|  0%| F|  |TAMS 0x00000007d4800000, 0x00000007d4800000| Untracked 
|3325|0x00000007d4900000, 0x00000007d4900000, 0x00000007d4a00000|  0%| F|  |TAMS 0x00000007d4900000, 0x00000007d4900000| Untracked 
|3326|0x00000007d4a00000, 0x00000007d4a00000, 0x00000007d4b00000|  0%| F|  |TAMS 0x00000007d4a00000, 0x00000007d4a00000| Untracked 
|3327|0x00000007d4b00000, 0x00000007d4b00000, 0x00000007d4c00000|  0%| F|  |TAMS 0x00000007d4b00000, 0x00000007d4b00000| Untracked 
|3328|0x00000007d4c00000, 0x00000007d4c00000, 0x00000007d4d00000|  0%| F|  |TAMS 0x00000007d4c00000, 0x00000007d4c00000| Untracked 
|3329|0x00000007d4d00000, 0x00000007d4d00000, 0x00000007d4e00000|  0%| F|  |TAMS 0x00000007d4d00000, 0x00000007d4d00000| Untracked 
|3330|0x00000007d4e00000, 0x00000007d4e00000, 0x00000007d4f00000|  0%| F|  |TAMS 0x00000007d4e00000, 0x00000007d4e00000| Untracked 
|3331|0x00000007d4f00000, 0x00000007d4f00000, 0x00000007d5000000|  0%| F|  |TAMS 0x00000007d4f00000, 0x00000007d4f00000| Untracked 
|3332|0x00000007d5000000, 0x00000007d5000000, 0x00000007d5100000|  0%| F|  |TAMS 0x00000007d5000000, 0x00000007d5000000| Untracked 
|3333|0x00000007d5100000, 0x00000007d5100000, 0x00000007d5200000|  0%| F|  |TAMS 0x00000007d5100000, 0x00000007d5100000| Untracked 
|3334|0x00000007d5200000, 0x00000007d5200000, 0x00000007d5300000|  0%| F|  |TAMS 0x00000007d5200000, 0x00000007d5200000| Untracked 
|3335|0x00000007d5300000, 0x00000007d5300000, 0x00000007d5400000|  0%| F|  |TAMS 0x00000007d5300000, 0x00000007d5300000| Untracked 
|3336|0x00000007d5400000, 0x00000007d5400000, 0x00000007d5500000|  0%| F|  |TAMS 0x00000007d5400000, 0x00000007d5400000| Untracked 
|3337|0x00000007d5500000, 0x00000007d5500000, 0x00000007d5600000|  0%| F|  |TAMS 0x00000007d5500000, 0x00000007d5500000| Untracked 
|3338|0x00000007d5600000, 0x00000007d5600000, 0x00000007d5700000|  0%| F|  |TAMS 0x00000007d5600000, 0x00000007d5600000| Untracked 
|3339|0x00000007d5700000, 0x00000007d5700000, 0x00000007d5800000|  0%| F|  |TAMS 0x00000007d5700000, 0x00000007d5700000| Untracked 
|3340|0x00000007d5800000, 0x00000007d5800000, 0x00000007d5900000|  0%| F|  |TAMS 0x00000007d5800000, 0x00000007d5800000| Untracked 
|3341|0x00000007d5900000, 0x00000007d5900000, 0x00000007d5a00000|  0%| F|  |TAMS 0x00000007d5900000, 0x00000007d5900000| Untracked 
|3342|0x00000007d5a00000, 0x00000007d5a00000, 0x00000007d5b00000|  0%| F|  |TAMS 0x00000007d5a00000, 0x00000007d5a00000| Untracked 
|3343|0x00000007d5b00000, 0x00000007d5b00000, 0x00000007d5c00000|  0%| F|  |TAMS 0x00000007d5b00000, 0x00000007d5b00000| Untracked 
|3344|0x00000007d5c00000, 0x00000007d5c00000, 0x00000007d5d00000|  0%| F|  |TAMS 0x00000007d5c00000, 0x00000007d5c00000| Untracked 
|3345|0x00000007d5d00000, 0x00000007d5d00000, 0x00000007d5e00000|  0%| F|  |TAMS 0x00000007d5d00000, 0x00000007d5d00000| Untracked 
|3346|0x00000007d5e00000, 0x00000007d5e00000, 0x00000007d5f00000|  0%| F|  |TAMS 0x00000007d5e00000, 0x00000007d5e00000| Untracked 
|3347|0x00000007d5f00000, 0x00000007d5f00000, 0x00000007d6000000|  0%| F|  |TAMS 0x00000007d5f00000, 0x00000007d5f00000| Untracked 
|3348|0x00000007d6000000, 0x00000007d6000000, 0x00000007d6100000|  0%| F|  |TAMS 0x00000007d6000000, 0x00000007d6000000| Untracked 
|3349|0x00000007d6100000, 0x00000007d6100000, 0x00000007d6200000|  0%| F|  |TAMS 0x00000007d6100000, 0x00000007d6100000| Untracked 
|3350|0x00000007d6200000, 0x00000007d6200000, 0x00000007d6300000|  0%| F|  |TAMS 0x00000007d6200000, 0x00000007d6200000| Untracked 
|3351|0x00000007d6300000, 0x00000007d6300000, 0x00000007d6400000|  0%| F|  |TAMS 0x00000007d6300000, 0x00000007d6300000| Untracked 
|3352|0x00000007d6400000, 0x00000007d6400000, 0x00000007d6500000|  0%| F|  |TAMS 0x00000007d6400000, 0x00000007d6400000| Untracked 
|3353|0x00000007d6500000, 0x00000007d6500000, 0x00000007d6600000|  0%| F|  |TAMS 0x00000007d6500000, 0x00000007d6500000| Untracked 
|3354|0x00000007d6600000, 0x00000007d6600000, 0x00000007d6700000|  0%| F|  |TAMS 0x00000007d6600000, 0x00000007d6600000| Untracked 
|3355|0x00000007d6700000, 0x00000007d6700000, 0x00000007d6800000|  0%| F|  |TAMS 0x00000007d6700000, 0x00000007d6700000| Untracked 
|3356|0x00000007d6800000, 0x00000007d6800000, 0x00000007d6900000|  0%| F|  |TAMS 0x00000007d6800000, 0x00000007d6800000| Untracked 
|3357|0x00000007d6900000, 0x00000007d6900000, 0x00000007d6a00000|  0%| F|  |TAMS 0x00000007d6900000, 0x00000007d6900000| Untracked 
|3358|0x00000007d6a00000, 0x00000007d6a00000, 0x00000007d6b00000|  0%| F|  |TAMS 0x00000007d6a00000, 0x00000007d6a00000| Untracked 
|3359|0x00000007d6b00000, 0x00000007d6b00000, 0x00000007d6c00000|  0%| F|  |TAMS 0x00000007d6b00000, 0x00000007d6b00000| Untracked 
|3360|0x00000007d6c00000, 0x00000007d6c00000, 0x00000007d6d00000|  0%| F|  |TAMS 0x00000007d6c00000, 0x00000007d6c00000| Untracked 
|3361|0x00000007d6d00000, 0x00000007d6d00000, 0x00000007d6e00000|  0%| F|  |TAMS 0x00000007d6d00000, 0x00000007d6d00000| Untracked 
|3362|0x00000007d6e00000, 0x00000007d6e00000, 0x00000007d6f00000|  0%| F|  |TAMS 0x00000007d6e00000, 0x00000007d6e00000| Untracked 
|3363|0x00000007d6f00000, 0x00000007d6f00000, 0x00000007d7000000|  0%| F|  |TAMS 0x00000007d6f00000, 0x00000007d6f00000| Untracked 
|3364|0x00000007d7000000, 0x00000007d7000000, 0x00000007d7100000|  0%| F|  |TAMS 0x00000007d7000000, 0x00000007d7000000| Untracked 
|3365|0x00000007d7100000, 0x00000007d7100000, 0x00000007d7200000|  0%| F|  |TAMS 0x00000007d7100000, 0x00000007d7100000| Untracked 
|3366|0x00000007d7200000, 0x00000007d7200000, 0x00000007d7300000|  0%| F|  |TAMS 0x00000007d7200000, 0x00000007d7200000| Untracked 
|3367|0x00000007d7300000, 0x00000007d7300000, 0x00000007d7400000|  0%| F|  |TAMS 0x00000007d7300000, 0x00000007d7300000| Untracked 
|3368|0x00000007d7400000, 0x00000007d7400000, 0x00000007d7500000|  0%| F|  |TAMS 0x00000007d7400000, 0x00000007d7400000| Untracked 
|3369|0x00000007d7500000, 0x00000007d7500000, 0x00000007d7600000|  0%| F|  |TAMS 0x00000007d7500000, 0x00000007d7500000| Untracked 
|3370|0x00000007d7600000, 0x00000007d7600000, 0x00000007d7700000|  0%| F|  |TAMS 0x00000007d7600000, 0x00000007d7600000| Untracked 
|3371|0x00000007d7700000, 0x00000007d7700000, 0x00000007d7800000|  0%| F|  |TAMS 0x00000007d7700000, 0x00000007d7700000| Untracked 
|3372|0x00000007d7800000, 0x00000007d7800000, 0x00000007d7900000|  0%| F|  |TAMS 0x00000007d7800000, 0x00000007d7800000| Untracked 
|3373|0x00000007d7900000, 0x00000007d7900000, 0x00000007d7a00000|  0%| F|  |TAMS 0x00000007d7900000, 0x00000007d7900000| Untracked 
|3374|0x00000007d7a00000, 0x00000007d7a00000, 0x00000007d7b00000|  0%| F|  |TAMS 0x00000007d7a00000, 0x00000007d7a00000| Untracked 
|3375|0x00000007d7b00000, 0x00000007d7b00000, 0x00000007d7c00000|  0%| F|  |TAMS 0x00000007d7b00000, 0x00000007d7b00000| Untracked 
|3376|0x00000007d7c00000, 0x00000007d7c00000, 0x00000007d7d00000|  0%| F|  |TAMS 0x00000007d7c00000, 0x00000007d7c00000| Untracked 
|3377|0x00000007d7d00000, 0x00000007d7d00000, 0x00000007d7e00000|  0%| F|  |TAMS 0x00000007d7d00000, 0x00000007d7d00000| Untracked 
|3378|0x00000007d7e00000, 0x00000007d7e00000, 0x00000007d7f00000|  0%| F|  |TAMS 0x00000007d7e00000, 0x00000007d7e00000| Untracked 
|3379|0x00000007d7f00000, 0x00000007d7f00000, 0x00000007d8000000|  0%| F|  |TAMS 0x00000007d7f00000, 0x00000007d7f00000| Untracked 
|3380|0x00000007d8000000, 0x00000007d8000000, 0x00000007d8100000|  0%| F|  |TAMS 0x00000007d8000000, 0x00000007d8000000| Untracked 
|3381|0x00000007d8100000, 0x00000007d8100000, 0x00000007d8200000|  0%| F|  |TAMS 0x00000007d8100000, 0x00000007d8100000| Untracked 
|3382|0x00000007d8200000, 0x00000007d8200000, 0x00000007d8300000|  0%| F|  |TAMS 0x00000007d8200000, 0x00000007d8200000| Untracked 
|3383|0x00000007d8300000, 0x00000007d8300000, 0x00000007d8400000|  0%| F|  |TAMS 0x00000007d8300000, 0x00000007d8300000| Untracked 
|3384|0x00000007d8400000, 0x00000007d8400000, 0x00000007d8500000|  0%| F|  |TAMS 0x00000007d8400000, 0x00000007d8400000| Untracked 
|3385|0x00000007d8500000, 0x00000007d8500000, 0x00000007d8600000|  0%| F|  |TAMS 0x00000007d8500000, 0x00000007d8500000| Untracked 
|3386|0x00000007d8600000, 0x00000007d8600000, 0x00000007d8700000|  0%| F|  |TAMS 0x00000007d8600000, 0x00000007d8600000| Untracked 
|3387|0x00000007d8700000, 0x00000007d8700000, 0x00000007d8800000|  0%| F|  |TAMS 0x00000007d8700000, 0x00000007d8700000| Untracked 
|3388|0x00000007d8800000, 0x00000007d8800000, 0x00000007d8900000|  0%| F|  |TAMS 0x00000007d8800000, 0x00000007d8800000| Untracked 
|3389|0x00000007d8900000, 0x00000007d8900000, 0x00000007d8a00000|  0%| F|  |TAMS 0x00000007d8900000, 0x00000007d8900000| Untracked 
|3390|0x00000007d8a00000, 0x00000007d8a00000, 0x00000007d8b00000|  0%| F|  |TAMS 0x00000007d8a00000, 0x00000007d8a00000| Untracked 
|3391|0x00000007d8b00000, 0x00000007d8b00000, 0x00000007d8c00000|  0%| F|  |TAMS 0x00000007d8b00000, 0x00000007d8b00000| Untracked 
|3392|0x00000007d8c00000, 0x00000007d8c00000, 0x00000007d8d00000|  0%| F|  |TAMS 0x00000007d8c00000, 0x00000007d8c00000| Untracked 
|3393|0x00000007d8d00000, 0x00000007d8d00000, 0x00000007d8e00000|  0%| F|  |TAMS 0x00000007d8d00000, 0x00000007d8d00000| Untracked 
|3394|0x00000007d8e00000, 0x00000007d8e00000, 0x00000007d8f00000|  0%| F|  |TAMS 0x00000007d8e00000, 0x00000007d8e00000| Untracked 
|3395|0x00000007d8f00000, 0x00000007d8f00000, 0x00000007d9000000|  0%| F|  |TAMS 0x00000007d8f00000, 0x00000007d8f00000| Untracked 
|3396|0x00000007d9000000, 0x00000007d9000000, 0x00000007d9100000|  0%| F|  |TAMS 0x00000007d9000000, 0x00000007d9000000| Untracked 
|3397|0x00000007d9100000, 0x00000007d9100000, 0x00000007d9200000|  0%| F|  |TAMS 0x00000007d9100000, 0x00000007d9100000| Untracked 
|3398|0x00000007d9200000, 0x00000007d9200000, 0x00000007d9300000|  0%| F|  |TAMS 0x00000007d9200000, 0x00000007d9200000| Untracked 
|3399|0x00000007d9300000, 0x00000007d9300000, 0x00000007d9400000|  0%| F|  |TAMS 0x00000007d9300000, 0x00000007d9300000| Untracked 
|3400|0x00000007d9400000, 0x00000007d9400000, 0x00000007d9500000|  0%| F|  |TAMS 0x00000007d9400000, 0x00000007d9400000| Untracked 
|3401|0x00000007d9500000, 0x00000007d9500000, 0x00000007d9600000|  0%| F|  |TAMS 0x00000007d9500000, 0x00000007d9500000| Untracked 
|3402|0x00000007d9600000, 0x00000007d9600000, 0x00000007d9700000|  0%| F|  |TAMS 0x00000007d9600000, 0x00000007d9600000| Untracked 
|3403|0x00000007d9700000, 0x00000007d9700000, 0x00000007d9800000|  0%| F|  |TAMS 0x00000007d9700000, 0x00000007d9700000| Untracked 
|3404|0x00000007d9800000, 0x00000007d9800000, 0x00000007d9900000|  0%| F|  |TAMS 0x00000007d9800000, 0x00000007d9800000| Untracked 
|3405|0x00000007d9900000, 0x00000007d9900000, 0x00000007d9a00000|  0%| F|  |TAMS 0x00000007d9900000, 0x00000007d9900000| Untracked 
|3406|0x00000007d9a00000, 0x00000007d9a00000, 0x00000007d9b00000|  0%| F|  |TAMS 0x00000007d9a00000, 0x00000007d9a00000| Untracked 
|3407|0x00000007d9b00000, 0x00000007d9b00000, 0x00000007d9c00000|  0%| F|  |TAMS 0x00000007d9b00000, 0x00000007d9b00000| Untracked 
|3408|0x00000007d9c00000, 0x00000007d9c00000, 0x00000007d9d00000|  0%| F|  |TAMS 0x00000007d9c00000, 0x00000007d9c00000| Untracked 
|3409|0x00000007d9d00000, 0x00000007d9d00000, 0x00000007d9e00000|  0%| F|  |TAMS 0x00000007d9d00000, 0x00000007d9d00000| Untracked 
|3410|0x00000007d9e00000, 0x00000007d9e30fc0, 0x00000007d9f00000| 19%| S|CS|TAMS 0x00000007d9e00000, 0x00000007d9e00000| Complete 
|3411|0x00000007d9f00000, 0x00000007d9f00000, 0x00000007da000000|  0%| F|  |TAMS 0x00000007d9f00000, 0x00000007d9f00000| Untracked 
|3412|0x00000007da000000, 0x00000007da000000, 0x00000007da100000|  0%| F|  |TAMS 0x00000007da000000, 0x00000007da000000| Untracked 
|3413|0x00000007da100000, 0x00000007da100000, 0x00000007da200000|  0%| F|  |TAMS 0x00000007da100000, 0x00000007da100000| Untracked 
|3414|0x00000007da200000, 0x00000007da200000, 0x00000007da300000|  0%| F|  |TAMS 0x00000007da200000, 0x00000007da200000| Untracked 
|3415|0x00000007da300000, 0x00000007da300000, 0x00000007da400000|  0%| F|  |TAMS 0x00000007da300000, 0x00000007da300000| Untracked 
|3416|0x00000007da400000, 0x00000007da400000, 0x00000007da500000|  0%| F|  |TAMS 0x00000007da400000, 0x00000007da400000| Untracked 
|3417|0x00000007da500000, 0x00000007da500000, 0x00000007da600000|  0%| F|  |TAMS 0x00000007da500000, 0x00000007da500000| Untracked 
|3418|0x00000007da600000, 0x00000007da600000, 0x00000007da700000|  0%| F|  |TAMS 0x00000007da600000, 0x00000007da600000| Untracked 
|3419|0x00000007da700000, 0x00000007da700000, 0x00000007da800000|  0%| F|  |TAMS 0x00000007da700000, 0x00000007da700000| Untracked 
|3420|0x00000007da800000, 0x00000007da800000, 0x00000007da900000|  0%| F|  |TAMS 0x00000007da800000, 0x00000007da800000| Untracked 
|3421|0x00000007da900000, 0x00000007da900000, 0x00000007daa00000|  0%| F|  |TAMS 0x00000007da900000, 0x00000007da900000| Untracked 
|3422|0x00000007daa00000, 0x00000007daa00000, 0x00000007dab00000|  0%| F|  |TAMS 0x00000007daa00000, 0x00000007daa00000| Untracked 
|3423|0x00000007dab00000, 0x00000007dab00000, 0x00000007dac00000|  0%| F|  |TAMS 0x00000007dab00000, 0x00000007dab00000| Untracked 
|3424|0x00000007dac00000, 0x00000007dac00000, 0x00000007dad00000|  0%| F|  |TAMS 0x00000007dac00000, 0x00000007dac00000| Untracked 
|3425|0x00000007dad00000, 0x00000007dad00000, 0x00000007dae00000|  0%| F|  |TAMS 0x00000007dad00000, 0x00000007dad00000| Untracked 
|3426|0x00000007dae00000, 0x00000007dae00000, 0x00000007daf00000|  0%| F|  |TAMS 0x00000007dae00000, 0x00000007dae00000| Untracked 
|3427|0x00000007daf00000, 0x00000007daf00000, 0x00000007db000000|  0%| F|  |TAMS 0x00000007daf00000, 0x00000007daf00000| Untracked 
|3428|0x00000007db000000, 0x00000007db000000, 0x00000007db100000|  0%| F|  |TAMS 0x00000007db000000, 0x00000007db000000| Untracked 
|3429|0x00000007db100000, 0x00000007db100000, 0x00000007db200000|  0%| F|  |TAMS 0x00000007db100000, 0x00000007db100000| Untracked 
|3430|0x00000007db200000, 0x00000007db200000, 0x00000007db300000|  0%| F|  |TAMS 0x00000007db200000, 0x00000007db200000| Untracked 
|3431|0x00000007db300000, 0x00000007db300000, 0x00000007db400000|  0%| F|  |TAMS 0x00000007db300000, 0x00000007db300000| Untracked 
|3432|0x00000007db400000, 0x00000007db400000, 0x00000007db500000|  0%| F|  |TAMS 0x00000007db400000, 0x00000007db400000| Untracked 
|3433|0x00000007db500000, 0x00000007db500000, 0x00000007db600000|  0%| F|  |TAMS 0x00000007db500000, 0x00000007db500000| Untracked 
|3434|0x00000007db600000, 0x00000007db600000, 0x00000007db700000|  0%| F|  |TAMS 0x00000007db600000, 0x00000007db600000| Untracked 
|3435|0x00000007db700000, 0x00000007db700000, 0x00000007db800000|  0%| F|  |TAMS 0x00000007db700000, 0x00000007db700000| Untracked 
|3436|0x00000007db800000, 0x00000007db800000, 0x00000007db900000|  0%| F|  |TAMS 0x00000007db800000, 0x00000007db800000| Untracked 
|3437|0x00000007db900000, 0x00000007db900000, 0x00000007dba00000|  0%| F|  |TAMS 0x00000007db900000, 0x00000007db900000| Untracked 
|3438|0x00000007dba00000, 0x00000007dba00000, 0x00000007dbb00000|  0%| F|  |TAMS 0x00000007dba00000, 0x00000007dba00000| Untracked 
|3439|0x00000007dbb00000, 0x00000007dbb00000, 0x00000007dbc00000|  0%| F|  |TAMS 0x00000007dbb00000, 0x00000007dbb00000| Untracked 
|3440|0x00000007dbc00000, 0x00000007dbc00000, 0x00000007dbd00000|  0%| F|  |TAMS 0x00000007dbc00000, 0x00000007dbc00000| Untracked 
|3441|0x00000007dbd00000, 0x00000007dbd00000, 0x00000007dbe00000|  0%| F|  |TAMS 0x00000007dbd00000, 0x00000007dbd00000| Untracked 
|3442|0x00000007dbe00000, 0x00000007dbe00000, 0x00000007dbf00000|  0%| F|  |TAMS 0x00000007dbe00000, 0x00000007dbe00000| Untracked 
|3443|0x00000007dbf00000, 0x00000007dbf00000, 0x00000007dc000000|  0%| F|  |TAMS 0x00000007dbf00000, 0x00000007dbf00000| Untracked 
|3444|0x00000007dc000000, 0x00000007dc000000, 0x00000007dc100000|  0%| F|  |TAMS 0x00000007dc000000, 0x00000007dc000000| Untracked 
|3445|0x00000007dc100000, 0x00000007dc100000, 0x00000007dc200000|  0%| F|  |TAMS 0x00000007dc100000, 0x00000007dc100000| Untracked 
|3446|0x00000007dc200000, 0x00000007dc200000, 0x00000007dc300000|  0%| F|  |TAMS 0x00000007dc200000, 0x00000007dc200000| Untracked 
|3447|0x00000007dc300000, 0x00000007dc300000, 0x00000007dc400000|  0%| F|  |TAMS 0x00000007dc300000, 0x00000007dc300000| Untracked 
|3448|0x00000007dc400000, 0x00000007dc400000, 0x00000007dc500000|  0%| F|  |TAMS 0x00000007dc400000, 0x00000007dc400000| Untracked 
|3449|0x00000007dc500000, 0x00000007dc500000, 0x00000007dc600000|  0%| F|  |TAMS 0x00000007dc500000, 0x00000007dc500000| Untracked 
|3450|0x00000007dc600000, 0x00000007dc600000, 0x00000007dc700000|  0%| F|  |TAMS 0x00000007dc600000, 0x00000007dc600000| Untracked 
|3451|0x00000007dc700000, 0x00000007dc700000, 0x00000007dc800000|  0%| F|  |TAMS 0x00000007dc700000, 0x00000007dc700000| Untracked 
|3452|0x00000007dc800000, 0x00000007dc800000, 0x00000007dc900000|  0%| F|  |TAMS 0x00000007dc800000, 0x00000007dc800000| Untracked 
|3453|0x00000007dc900000, 0x00000007dc900000, 0x00000007dca00000|  0%| F|  |TAMS 0x00000007dc900000, 0x00000007dc900000| Untracked 
|3454|0x00000007dca00000, 0x00000007dca00000, 0x00000007dcb00000|  0%| F|  |TAMS 0x00000007dca00000, 0x00000007dca00000| Untracked 
|3455|0x00000007dcb00000, 0x00000007dcb00000, 0x00000007dcc00000|  0%| F|  |TAMS 0x00000007dcb00000, 0x00000007dcb00000| Untracked 
|3456|0x00000007dcc00000, 0x00000007dcc00000, 0x00000007dcd00000|  0%| F|  |TAMS 0x00000007dcc00000, 0x00000007dcc00000| Untracked 
|3457|0x00000007dcd00000, 0x00000007dcd00000, 0x00000007dce00000|  0%| F|  |TAMS 0x00000007dcd00000, 0x00000007dcd00000| Untracked 
|3458|0x00000007dce00000, 0x00000007dce00000, 0x00000007dcf00000|  0%| F|  |TAMS 0x00000007dce00000, 0x00000007dce00000| Untracked 
|3459|0x00000007dcf00000, 0x00000007dcf00000, 0x00000007dd000000|  0%| F|  |TAMS 0x00000007dcf00000, 0x00000007dcf00000| Untracked 
|3460|0x00000007dd000000, 0x00000007dd000000, 0x00000007dd100000|  0%| F|  |TAMS 0x00000007dd000000, 0x00000007dd000000| Untracked 
|3461|0x00000007dd100000, 0x00000007dd100000, 0x00000007dd200000|  0%| F|  |TAMS 0x00000007dd100000, 0x00000007dd100000| Untracked 
|3462|0x00000007dd200000, 0x00000007dd200000, 0x00000007dd300000|  0%| F|  |TAMS 0x00000007dd200000, 0x00000007dd200000| Untracked 
|3463|0x00000007dd300000, 0x00000007dd300000, 0x00000007dd400000|  0%| F|  |TAMS 0x00000007dd300000, 0x00000007dd300000| Untracked 
|3464|0x00000007dd400000, 0x00000007dd400000, 0x00000007dd500000|  0%| F|  |TAMS 0x00000007dd400000, 0x00000007dd400000| Untracked 
|3465|0x00000007dd500000, 0x00000007dd500000, 0x00000007dd600000|  0%| F|  |TAMS 0x00000007dd500000, 0x00000007dd500000| Untracked 
|3466|0x00000007dd600000, 0x00000007dd600000, 0x00000007dd700000|  0%| F|  |TAMS 0x00000007dd600000, 0x00000007dd600000| Untracked 
|3467|0x00000007dd700000, 0x00000007dd700000, 0x00000007dd800000|  0%| F|  |TAMS 0x00000007dd700000, 0x00000007dd700000| Untracked 
|3468|0x00000007dd800000, 0x00000007dd800000, 0x00000007dd900000|  0%| F|  |TAMS 0x00000007dd800000, 0x00000007dd800000| Untracked 
|3469|0x00000007dd900000, 0x00000007dd900000, 0x00000007dda00000|  0%| F|  |TAMS 0x00000007dd900000, 0x00000007dd900000| Untracked 
|3470|0x00000007dda00000, 0x00000007dda00000, 0x00000007ddb00000|  0%| F|  |TAMS 0x00000007dda00000, 0x00000007dda00000| Untracked 
|3471|0x00000007ddb00000, 0x00000007ddb00000, 0x00000007ddc00000|  0%| F|  |TAMS 0x00000007ddb00000, 0x00000007ddb00000| Untracked 
|3472|0x00000007ddc00000, 0x00000007ddc00000, 0x00000007ddd00000|  0%| F|  |TAMS 0x00000007ddc00000, 0x00000007ddc00000| Untracked 
|3473|0x00000007ddd00000, 0x00000007ddd00000, 0x00000007dde00000|  0%| F|  |TAMS 0x00000007ddd00000, 0x00000007ddd00000| Untracked 
|3474|0x00000007dde00000, 0x00000007dde00000, 0x00000007ddf00000|  0%| F|  |TAMS 0x00000007dde00000, 0x00000007dde00000| Untracked 
|3475|0x00000007ddf00000, 0x00000007ddf00000, 0x00000007de000000|  0%| F|  |TAMS 0x00000007ddf00000, 0x00000007ddf00000| Untracked 
|3476|0x00000007de000000, 0x00000007de000000, 0x00000007de100000|  0%| F|  |TAMS 0x00000007de000000, 0x00000007de000000| Untracked 
|3477|0x00000007de100000, 0x00000007de100000, 0x00000007de200000|  0%| F|  |TAMS 0x00000007de100000, 0x00000007de100000| Untracked 
|3478|0x00000007de200000, 0x00000007de200000, 0x00000007de300000|  0%| F|  |TAMS 0x00000007de200000, 0x00000007de200000| Untracked 
|3479|0x00000007de300000, 0x00000007de300000, 0x00000007de400000|  0%| F|  |TAMS 0x00000007de300000, 0x00000007de300000| Untracked 
|3480|0x00000007de400000, 0x00000007de400000, 0x00000007de500000|  0%| F|  |TAMS 0x00000007de400000, 0x00000007de400000| Untracked 
|3481|0x00000007de500000, 0x00000007de500000, 0x00000007de600000|  0%| F|  |TAMS 0x00000007de500000, 0x00000007de500000| Untracked 
|3482|0x00000007de600000, 0x00000007de600000, 0x00000007de700000|  0%| F|  |TAMS 0x00000007de600000, 0x00000007de600000| Untracked 
|3483|0x00000007de700000, 0x00000007de700000, 0x00000007de800000|  0%| F|  |TAMS 0x00000007de700000, 0x00000007de700000| Untracked 
|3484|0x00000007de800000, 0x00000007de800000, 0x00000007de900000|  0%| F|  |TAMS 0x00000007de800000, 0x00000007de800000| Untracked 
|3485|0x00000007de900000, 0x00000007de900000, 0x00000007dea00000|  0%| F|  |TAMS 0x00000007de900000, 0x00000007de900000| Untracked 
|3486|0x00000007dea00000, 0x00000007dea00000, 0x00000007deb00000|  0%| F|  |TAMS 0x00000007dea00000, 0x00000007dea00000| Untracked 
|3487|0x00000007deb00000, 0x00000007deb00000, 0x00000007dec00000|  0%| F|  |TAMS 0x00000007deb00000, 0x00000007deb00000| Untracked 
|3488|0x00000007dec00000, 0x00000007dec00000, 0x00000007ded00000|  0%| F|  |TAMS 0x00000007dec00000, 0x00000007dec00000| Untracked 
|3489|0x00000007ded00000, 0x00000007ded00000, 0x00000007dee00000|  0%| F|  |TAMS 0x00000007ded00000, 0x00000007ded00000| Untracked 
|3490|0x00000007dee00000, 0x00000007dee00000, 0x00000007def00000|  0%| F|  |TAMS 0x00000007dee00000, 0x00000007dee00000| Untracked 
|3491|0x00000007def00000, 0x00000007def00000, 0x00000007df000000|  0%| F|  |TAMS 0x00000007def00000, 0x00000007def00000| Untracked 
|3492|0x00000007df000000, 0x00000007df000000, 0x00000007df100000|  0%| F|  |TAMS 0x00000007df000000, 0x00000007df000000| Untracked 
|3493|0x00000007df100000, 0x00000007df100000, 0x00000007df200000|  0%| F|  |TAMS 0x00000007df100000, 0x00000007df100000| Untracked 
|3494|0x00000007df200000, 0x00000007df200000, 0x00000007df300000|  0%| F|  |TAMS 0x00000007df200000, 0x00000007df200000| Untracked 
|3495|0x00000007df300000, 0x00000007df300000, 0x00000007df400000|  0%| F|  |TAMS 0x00000007df300000, 0x00000007df300000| Untracked 
|3496|0x00000007df400000, 0x00000007df400000, 0x00000007df500000|  0%| F|  |TAMS 0x00000007df400000, 0x00000007df400000| Untracked 
|3497|0x00000007df500000, 0x00000007df500000, 0x00000007df600000|  0%| F|  |TAMS 0x00000007df500000, 0x00000007df500000| Untracked 
|3498|0x00000007df600000, 0x00000007df600000, 0x00000007df700000|  0%| F|  |TAMS 0x00000007df600000, 0x00000007df600000| Untracked 
|3499|0x00000007df700000, 0x00000007df700000, 0x00000007df800000|  0%| F|  |TAMS 0x00000007df700000, 0x00000007df700000| Untracked 
|3500|0x00000007df800000, 0x00000007df800000, 0x00000007df900000|  0%| F|  |TAMS 0x00000007df800000, 0x00000007df800000| Untracked 
|3501|0x00000007df900000, 0x00000007df900000, 0x00000007dfa00000|  0%| F|  |TAMS 0x00000007df900000, 0x00000007df900000| Untracked 
|3502|0x00000007dfa00000, 0x00000007dfa00000, 0x00000007dfb00000|  0%| F|  |TAMS 0x00000007dfa00000, 0x00000007dfa00000| Untracked 
|3503|0x00000007dfb00000, 0x00000007dfb00000, 0x00000007dfc00000|  0%| F|  |TAMS 0x00000007dfb00000, 0x00000007dfb00000| Untracked 
|3504|0x00000007dfc00000, 0x00000007dfc00000, 0x00000007dfd00000|  0%| F|  |TAMS 0x00000007dfc00000, 0x00000007dfc00000| Untracked 
|3505|0x00000007dfd00000, 0x00000007dfd00000, 0x00000007dfe00000|  0%| F|  |TAMS 0x00000007dfd00000, 0x00000007dfd00000| Untracked 
|3506|0x00000007dfe00000, 0x00000007dfe00000, 0x00000007dff00000|  0%| F|  |TAMS 0x00000007dfe00000, 0x00000007dfe00000| Untracked 
|3507|0x00000007dff00000, 0x00000007dff00000, 0x00000007e0000000|  0%| F|  |TAMS 0x00000007dff00000, 0x00000007dff00000| Untracked 
|3508|0x00000007e0000000, 0x00000007e0000000, 0x00000007e0100000|  0%| F|  |TAMS 0x00000007e0000000, 0x00000007e0000000| Untracked 
|3509|0x00000007e0100000, 0x00000007e0100000, 0x00000007e0200000|  0%| F|  |TAMS 0x00000007e0100000, 0x00000007e0100000| Untracked 
|3510|0x00000007e0200000, 0x00000007e0200000, 0x00000007e0300000|  0%| F|  |TAMS 0x00000007e0200000, 0x00000007e0200000| Untracked 
|3511|0x00000007e0300000, 0x00000007e0300000, 0x00000007e0400000|  0%| F|  |TAMS 0x00000007e0300000, 0x00000007e0300000| Untracked 
|3512|0x00000007e0400000, 0x00000007e0400000, 0x00000007e0500000|  0%| F|  |TAMS 0x00000007e0400000, 0x00000007e0400000| Untracked 
|3513|0x00000007e0500000, 0x00000007e0500000, 0x00000007e0600000|  0%| F|  |TAMS 0x00000007e0500000, 0x00000007e0500000| Untracked 
|3514|0x00000007e0600000, 0x00000007e0600000, 0x00000007e0700000|  0%| F|  |TAMS 0x00000007e0600000, 0x00000007e0600000| Untracked 
|3515|0x00000007e0700000, 0x00000007e0700000, 0x00000007e0800000|  0%| F|  |TAMS 0x00000007e0700000, 0x00000007e0700000| Untracked 
|3516|0x00000007e0800000, 0x00000007e0800000, 0x00000007e0900000|  0%| F|  |TAMS 0x00000007e0800000, 0x00000007e0800000| Untracked 
|3517|0x00000007e0900000, 0x00000007e0900000, 0x00000007e0a00000|  0%| F|  |TAMS 0x00000007e0900000, 0x00000007e0900000| Untracked 
|3518|0x00000007e0a00000, 0x00000007e0a00000, 0x00000007e0b00000|  0%| F|  |TAMS 0x00000007e0a00000, 0x00000007e0a00000| Untracked 
|3519|0x00000007e0b00000, 0x00000007e0b00000, 0x00000007e0c00000|  0%| F|  |TAMS 0x00000007e0b00000, 0x00000007e0b00000| Untracked 
|3520|0x00000007e0c00000, 0x00000007e0c00000, 0x00000007e0d00000|  0%| F|  |TAMS 0x00000007e0c00000, 0x00000007e0c00000| Untracked 
|3521|0x00000007e0d00000, 0x00000007e0d00000, 0x00000007e0e00000|  0%| F|  |TAMS 0x00000007e0d00000, 0x00000007e0d00000| Untracked 
|3522|0x00000007e0e00000, 0x00000007e0e00000, 0x00000007e0f00000|  0%| F|  |TAMS 0x00000007e0e00000, 0x00000007e0e00000| Untracked 
|3523|0x00000007e0f00000, 0x00000007e0f00000, 0x00000007e1000000|  0%| F|  |TAMS 0x00000007e0f00000, 0x00000007e0f00000| Untracked 
|3524|0x00000007e1000000, 0x00000007e1000000, 0x00000007e1100000|  0%| F|  |TAMS 0x00000007e1000000, 0x00000007e1000000| Untracked 
|3525|0x00000007e1100000, 0x00000007e1100000, 0x00000007e1200000|  0%| F|  |TAMS 0x00000007e1100000, 0x00000007e1100000| Untracked 
|3526|0x00000007e1200000, 0x00000007e1200000, 0x00000007e1300000|  0%| F|  |TAMS 0x00000007e1200000, 0x00000007e1200000| Untracked 
|3527|0x00000007e1300000, 0x00000007e1300000, 0x00000007e1400000|  0%| F|  |TAMS 0x00000007e1300000, 0x00000007e1300000| Untracked 
|3528|0x00000007e1400000, 0x00000007e1400000, 0x00000007e1500000|  0%| F|  |TAMS 0x00000007e1400000, 0x00000007e1400000| Untracked 
|3529|0x00000007e1500000, 0x00000007e1500000, 0x00000007e1600000|  0%| F|  |TAMS 0x00000007e1500000, 0x00000007e1500000| Untracked 
|3530|0x00000007e1600000, 0x00000007e1600000, 0x00000007e1700000|  0%| F|  |TAMS 0x00000007e1600000, 0x00000007e1600000| Untracked 
|3531|0x00000007e1700000, 0x00000007e1700000, 0x00000007e1800000|  0%| F|  |TAMS 0x00000007e1700000, 0x00000007e1700000| Untracked 
|3532|0x00000007e1800000, 0x00000007e1800000, 0x00000007e1900000|  0%| F|  |TAMS 0x00000007e1800000, 0x00000007e1800000| Untracked 
|3533|0x00000007e1900000, 0x00000007e1900000, 0x00000007e1a00000|  0%| F|  |TAMS 0x00000007e1900000, 0x00000007e1900000| Untracked 
|3534|0x00000007e1a00000, 0x00000007e1a00000, 0x00000007e1b00000|  0%| F|  |TAMS 0x00000007e1a00000, 0x00000007e1a00000| Untracked 
|3535|0x00000007e1b00000, 0x00000007e1b00000, 0x00000007e1c00000|  0%| F|  |TAMS 0x00000007e1b00000, 0x00000007e1b00000| Untracked 
|3536|0x00000007e1c00000, 0x00000007e1c00000, 0x00000007e1d00000|  0%| F|  |TAMS 0x00000007e1c00000, 0x00000007e1c00000| Untracked 
|3537|0x00000007e1d00000, 0x00000007e1d00000, 0x00000007e1e00000|  0%| F|  |TAMS 0x00000007e1d00000, 0x00000007e1d00000| Untracked 
|3538|0x00000007e1e00000, 0x00000007e1e00000, 0x00000007e1f00000|  0%| F|  |TAMS 0x00000007e1e00000, 0x00000007e1e00000| Untracked 
|3539|0x00000007e1f00000, 0x00000007e1f00000, 0x00000007e2000000|  0%| F|  |TAMS 0x00000007e1f00000, 0x00000007e1f00000| Untracked 
|3540|0x00000007e2000000, 0x00000007e2000000, 0x00000007e2100000|  0%| F|  |TAMS 0x00000007e2000000, 0x00000007e2000000| Untracked 
|3541|0x00000007e2100000, 0x00000007e2100000, 0x00000007e2200000|  0%| F|  |TAMS 0x00000007e2100000, 0x00000007e2100000| Untracked 
|3542|0x00000007e2200000, 0x00000007e2200000, 0x00000007e2300000|  0%| F|  |TAMS 0x00000007e2200000, 0x00000007e2200000| Untracked 
|3543|0x00000007e2300000, 0x00000007e2300000, 0x00000007e2400000|  0%| F|  |TAMS 0x00000007e2300000, 0x00000007e2300000| Untracked 
|3544|0x00000007e2400000, 0x00000007e2400000, 0x00000007e2500000|  0%| F|  |TAMS 0x00000007e2400000, 0x00000007e2400000| Untracked 
|3545|0x00000007e2500000, 0x00000007e2500000, 0x00000007e2600000|  0%| F|  |TAMS 0x00000007e2500000, 0x00000007e2500000| Untracked 
|3546|0x00000007e2600000, 0x00000007e2600000, 0x00000007e2700000|  0%| F|  |TAMS 0x00000007e2600000, 0x00000007e2600000| Untracked 
|3547|0x00000007e2700000, 0x00000007e2700000, 0x00000007e2800000|  0%| F|  |TAMS 0x00000007e2700000, 0x00000007e2700000| Untracked 
|3548|0x00000007e2800000, 0x00000007e2800000, 0x00000007e2900000|  0%| F|  |TAMS 0x00000007e2800000, 0x00000007e2800000| Untracked 
|3549|0x00000007e2900000, 0x00000007e2900000, 0x00000007e2a00000|  0%| F|  |TAMS 0x00000007e2900000, 0x00000007e2900000| Untracked 
|3550|0x00000007e2a00000, 0x00000007e2a00000, 0x00000007e2b00000|  0%| F|  |TAMS 0x00000007e2a00000, 0x00000007e2a00000| Untracked 
|3551|0x00000007e2b00000, 0x00000007e2b00000, 0x00000007e2c00000|  0%| F|  |TAMS 0x00000007e2b00000, 0x00000007e2b00000| Untracked 
|3552|0x00000007e2c00000, 0x00000007e2c00000, 0x00000007e2d00000|  0%| F|  |TAMS 0x00000007e2c00000, 0x00000007e2c00000| Untracked 
|3553|0x00000007e2d00000, 0x00000007e2d00000, 0x00000007e2e00000|  0%| F|  |TAMS 0x00000007e2d00000, 0x00000007e2d00000| Untracked 
|3554|0x00000007e2e00000, 0x00000007e2e00000, 0x00000007e2f00000|  0%| F|  |TAMS 0x00000007e2e00000, 0x00000007e2e00000| Untracked 
|3555|0x00000007e2f00000, 0x00000007e2f00000, 0x00000007e3000000|  0%| F|  |TAMS 0x00000007e2f00000, 0x00000007e2f00000| Untracked 
|3556|0x00000007e3000000, 0x00000007e3000000, 0x00000007e3100000|  0%| F|  |TAMS 0x00000007e3000000, 0x00000007e3000000| Untracked 
|3557|0x00000007e3100000, 0x00000007e3100000, 0x00000007e3200000|  0%| F|  |TAMS 0x00000007e3100000, 0x00000007e3100000| Untracked 
|3558|0x00000007e3200000, 0x00000007e3200000, 0x00000007e3300000|  0%| F|  |TAMS 0x00000007e3200000, 0x00000007e3200000| Untracked 
|3559|0x00000007e3300000, 0x00000007e3300000, 0x00000007e3400000|  0%| F|  |TAMS 0x00000007e3300000, 0x00000007e3300000| Untracked 
|3560|0x00000007e3400000, 0x00000007e3400000, 0x00000007e3500000|  0%| F|  |TAMS 0x00000007e3400000, 0x00000007e3400000| Untracked 
|3561|0x00000007e3500000, 0x00000007e3500000, 0x00000007e3600000|  0%| F|  |TAMS 0x00000007e3500000, 0x00000007e3500000| Untracked 
|3562|0x00000007e3600000, 0x00000007e3600000, 0x00000007e3700000|  0%| F|  |TAMS 0x00000007e3600000, 0x00000007e3600000| Untracked 
|3563|0x00000007e3700000, 0x00000007e3700000, 0x00000007e3800000|  0%| F|  |TAMS 0x00000007e3700000, 0x00000007e3700000| Untracked 
|3564|0x00000007e3800000, 0x00000007e3800000, 0x00000007e3900000|  0%| F|  |TAMS 0x00000007e3800000, 0x00000007e3800000| Untracked 
|3565|0x00000007e3900000, 0x00000007e3900000, 0x00000007e3a00000|  0%| F|  |TAMS 0x00000007e3900000, 0x00000007e3900000| Untracked 
|3566|0x00000007e3a00000, 0x00000007e3a00000, 0x00000007e3b00000|  0%| F|  |TAMS 0x00000007e3a00000, 0x00000007e3a00000| Untracked 
|3567|0x00000007e3b00000, 0x00000007e3b00000, 0x00000007e3c00000|  0%| F|  |TAMS 0x00000007e3b00000, 0x00000007e3b00000| Untracked 
|3568|0x00000007e3c00000, 0x00000007e3c00000, 0x00000007e3d00000|  0%| F|  |TAMS 0x00000007e3c00000, 0x00000007e3c00000| Untracked 
|3569|0x00000007e3d00000, 0x00000007e3d00000, 0x00000007e3e00000|  0%| F|  |TAMS 0x00000007e3d00000, 0x00000007e3d00000| Untracked 
|3570|0x00000007e3e00000, 0x00000007e3e00000, 0x00000007e3f00000|  0%| F|  |TAMS 0x00000007e3e00000, 0x00000007e3e00000| Untracked 
|3571|0x00000007e3f00000, 0x00000007e3f00000, 0x00000007e4000000|  0%| F|  |TAMS 0x00000007e3f00000, 0x00000007e3f00000| Untracked 
|3572|0x00000007e4000000, 0x00000007e4000000, 0x00000007e4100000|  0%| F|  |TAMS 0x00000007e4000000, 0x00000007e4000000| Untracked 
|3573|0x00000007e4100000, 0x00000007e4100000, 0x00000007e4200000|  0%| F|  |TAMS 0x00000007e4100000, 0x00000007e4100000| Untracked 
|3574|0x00000007e4200000, 0x00000007e4200000, 0x00000007e4300000|  0%| F|  |TAMS 0x00000007e4200000, 0x00000007e4200000| Untracked 
|3575|0x00000007e4300000, 0x00000007e4300000, 0x00000007e4400000|  0%| F|  |TAMS 0x00000007e4300000, 0x00000007e4300000| Untracked 
|3576|0x00000007e4400000, 0x00000007e4400000, 0x00000007e4500000|  0%| F|  |TAMS 0x00000007e4400000, 0x00000007e4400000| Untracked 
|3577|0x00000007e4500000, 0x00000007e4500000, 0x00000007e4600000|  0%| F|  |TAMS 0x00000007e4500000, 0x00000007e4500000| Untracked 
|3578|0x00000007e4600000, 0x00000007e4600000, 0x00000007e4700000|  0%| F|  |TAMS 0x00000007e4600000, 0x00000007e4600000| Untracked 
|3579|0x00000007e4700000, 0x00000007e4700000, 0x00000007e4800000|  0%| F|  |TAMS 0x00000007e4700000, 0x00000007e4700000| Untracked 
|3580|0x00000007e4800000, 0x00000007e4800000, 0x00000007e4900000|  0%| F|  |TAMS 0x00000007e4800000, 0x00000007e4800000| Untracked 
|3581|0x00000007e4900000, 0x00000007e4900000, 0x00000007e4a00000|  0%| F|  |TAMS 0x00000007e4900000, 0x00000007e4900000| Untracked 
|3582|0x00000007e4a00000, 0x00000007e4a00000, 0x00000007e4b00000|  0%| F|  |TAMS 0x00000007e4a00000, 0x00000007e4a00000| Untracked 
|3583|0x00000007e4b00000, 0x00000007e4b00000, 0x00000007e4c00000|  0%| F|  |TAMS 0x00000007e4b00000, 0x00000007e4b00000| Untracked 
|3584|0x00000007e4c00000, 0x00000007e4c00000, 0x00000007e4d00000|  0%| F|  |TAMS 0x00000007e4c00000, 0x00000007e4c00000| Untracked 
|3585|0x00000007e4d00000, 0x00000007e4d00000, 0x00000007e4e00000|  0%| F|  |TAMS 0x00000007e4d00000, 0x00000007e4d00000| Untracked 
|3586|0x00000007e4e00000, 0x00000007e4e00000, 0x00000007e4f00000|  0%| F|  |TAMS 0x00000007e4e00000, 0x00000007e4e00000| Untracked 
|3587|0x00000007e4f00000, 0x00000007e4f00000, 0x00000007e5000000|  0%| F|  |TAMS 0x00000007e4f00000, 0x00000007e4f00000| Untracked 
|3588|0x00000007e5000000, 0x00000007e5000000, 0x00000007e5100000|  0%| F|  |TAMS 0x00000007e5000000, 0x00000007e5000000| Untracked 
|3589|0x00000007e5100000, 0x00000007e5100000, 0x00000007e5200000|  0%| F|  |TAMS 0x00000007e5100000, 0x00000007e5100000| Untracked 
|3590|0x00000007e5200000, 0x00000007e5200000, 0x00000007e5300000|  0%| F|  |TAMS 0x00000007e5200000, 0x00000007e5200000| Untracked 
|3591|0x00000007e5300000, 0x00000007e5300000, 0x00000007e5400000|  0%| F|  |TAMS 0x00000007e5300000, 0x00000007e5300000| Untracked 
|3592|0x00000007e5400000, 0x00000007e5400000, 0x00000007e5500000|  0%| F|  |TAMS 0x00000007e5400000, 0x00000007e5400000| Untracked 
|3593|0x00000007e5500000, 0x00000007e5500000, 0x00000007e5600000|  0%| F|  |TAMS 0x00000007e5500000, 0x00000007e5500000| Untracked 
|3594|0x00000007e5600000, 0x00000007e5600000, 0x00000007e5700000|  0%| F|  |TAMS 0x00000007e5600000, 0x00000007e5600000| Untracked 
|3595|0x00000007e5700000, 0x00000007e5700000, 0x00000007e5800000|  0%| F|  |TAMS 0x00000007e5700000, 0x00000007e5700000| Untracked 
|3596|0x00000007e5800000, 0x00000007e5800000, 0x00000007e5900000|  0%| F|  |TAMS 0x00000007e5800000, 0x00000007e5800000| Untracked 
|3597|0x00000007e5900000, 0x00000007e5900000, 0x00000007e5a00000|  0%| F|  |TAMS 0x00000007e5900000, 0x00000007e5900000| Untracked 
|3598|0x00000007e5a00000, 0x00000007e5a00000, 0x00000007e5b00000|  0%| F|  |TAMS 0x00000007e5a00000, 0x00000007e5a00000| Untracked 
|3599|0x00000007e5b00000, 0x00000007e5b00000, 0x00000007e5c00000|  0%| F|  |TAMS 0x00000007e5b00000, 0x00000007e5b00000| Untracked 
|3600|0x00000007e5c00000, 0x00000007e5c00000, 0x00000007e5d00000|  0%| F|  |TAMS 0x00000007e5c00000, 0x00000007e5c00000| Untracked 
|3601|0x00000007e5d00000, 0x00000007e5d00000, 0x00000007e5e00000|  0%| F|  |TAMS 0x00000007e5d00000, 0x00000007e5d00000| Untracked 
|3602|0x00000007e5e00000, 0x00000007e5e00000, 0x00000007e5f00000|  0%| F|  |TAMS 0x00000007e5e00000, 0x00000007e5e00000| Untracked 
|3603|0x00000007e5f00000, 0x00000007e5f00000, 0x00000007e6000000|  0%| F|  |TAMS 0x00000007e5f00000, 0x00000007e5f00000| Untracked 
|3604|0x00000007e6000000, 0x00000007e6000000, 0x00000007e6100000|  0%| F|  |TAMS 0x00000007e6000000, 0x00000007e6000000| Untracked 
|3605|0x00000007e6100000, 0x00000007e6100000, 0x00000007e6200000|  0%| F|  |TAMS 0x00000007e6100000, 0x00000007e6100000| Untracked 
|3606|0x00000007e6200000, 0x00000007e6200000, 0x00000007e6300000|  0%| F|  |TAMS 0x00000007e6200000, 0x00000007e6200000| Untracked 
|3607|0x00000007e6300000, 0x00000007e6300000, 0x00000007e6400000|  0%| F|  |TAMS 0x00000007e6300000, 0x00000007e6300000| Untracked 
|3608|0x00000007e6400000, 0x00000007e6400000, 0x00000007e6500000|  0%| F|  |TAMS 0x00000007e6400000, 0x00000007e6400000| Untracked 
|3609|0x00000007e6500000, 0x00000007e6500000, 0x00000007e6600000|  0%| F|  |TAMS 0x00000007e6500000, 0x00000007e6500000| Untracked 
|3610|0x00000007e6600000, 0x00000007e6600000, 0x00000007e6700000|  0%| F|  |TAMS 0x00000007e6600000, 0x00000007e6600000| Untracked 
|3611|0x00000007e6700000, 0x00000007e6700000, 0x00000007e6800000|  0%| F|  |TAMS 0x00000007e6700000, 0x00000007e6700000| Untracked 
|3612|0x00000007e6800000, 0x00000007e6800000, 0x00000007e6900000|  0%| F|  |TAMS 0x00000007e6800000, 0x00000007e6800000| Untracked 
|3613|0x00000007e6900000, 0x00000007e6900000, 0x00000007e6a00000|  0%| F|  |TAMS 0x00000007e6900000, 0x00000007e6900000| Untracked 
|3614|0x00000007e6a00000, 0x00000007e6a00000, 0x00000007e6b00000|  0%| F|  |TAMS 0x00000007e6a00000, 0x00000007e6a00000| Untracked 
|3615|0x00000007e6b00000, 0x00000007e6b00000, 0x00000007e6c00000|  0%| F|  |TAMS 0x00000007e6b00000, 0x00000007e6b00000| Untracked 
|3616|0x00000007e6c00000, 0x00000007e6c00000, 0x00000007e6d00000|  0%| F|  |TAMS 0x00000007e6c00000, 0x00000007e6c00000| Untracked 
|3617|0x00000007e6d00000, 0x00000007e6d00000, 0x00000007e6e00000|  0%| F|  |TAMS 0x00000007e6d00000, 0x00000007e6d00000| Untracked 
|3618|0x00000007e6e00000, 0x00000007e6e00000, 0x00000007e6f00000|  0%| F|  |TAMS 0x00000007e6e00000, 0x00000007e6e00000| Untracked 
|3619|0x00000007e6f00000, 0x00000007e6f00000, 0x00000007e7000000|  0%| F|  |TAMS 0x00000007e6f00000, 0x00000007e6f00000| Untracked 
|3620|0x00000007e7000000, 0x00000007e7000000, 0x00000007e7100000|  0%| F|  |TAMS 0x00000007e7000000, 0x00000007e7000000| Untracked 
|3621|0x00000007e7100000, 0x00000007e7100000, 0x00000007e7200000|  0%| F|  |TAMS 0x00000007e7100000, 0x00000007e7100000| Untracked 
|3622|0x00000007e7200000, 0x00000007e7200000, 0x00000007e7300000|  0%| F|  |TAMS 0x00000007e7200000, 0x00000007e7200000| Untracked 
|3623|0x00000007e7300000, 0x00000007e7300000, 0x00000007e7400000|  0%| F|  |TAMS 0x00000007e7300000, 0x00000007e7300000| Untracked 
|3624|0x00000007e7400000, 0x00000007e7400000, 0x00000007e7500000|  0%| F|  |TAMS 0x00000007e7400000, 0x00000007e7400000| Untracked 
|3625|0x00000007e7500000, 0x00000007e7500000, 0x00000007e7600000|  0%| F|  |TAMS 0x00000007e7500000, 0x00000007e7500000| Untracked 
|3626|0x00000007e7600000, 0x00000007e7680800, 0x00000007e7700000| 50%| E|  |TAMS 0x00000007e7600000, 0x00000007e7600000| Complete 
|3627|0x00000007e7700000, 0x00000007e7800000, 0x00000007e7800000|100%| E|CS|TAMS 0x00000007e7700000, 0x00000007e7700000| Complete 
|3628|0x00000007e7800000, 0x00000007e7900000, 0x00000007e7900000|100%| E|CS|TAMS 0x00000007e7800000, 0x00000007e7800000| Complete 
|3629|0x00000007e7900000, 0x00000007e7a00000, 0x00000007e7a00000|100%| E|CS|TAMS 0x00000007e7900000, 0x00000007e7900000| Complete 
|3630|0x00000007e7a00000, 0x00000007e7b00000, 0x00000007e7b00000|100%| E|CS|TAMS 0x00000007e7a00000, 0x00000007e7a00000| Complete 
|3631|0x00000007e7b00000, 0x00000007e7c00000, 0x00000007e7c00000|100%| E|CS|TAMS 0x00000007e7b00000, 0x00000007e7b00000| Complete 
|3632|0x00000007e7c00000, 0x00000007e7d00000, 0x00000007e7d00000|100%| E|CS|TAMS 0x00000007e7c00000, 0x00000007e7c00000| Complete 
|3633|0x00000007e7d00000, 0x00000007e7e00000, 0x00000007e7e00000|100%| E|CS|TAMS 0x00000007e7d00000, 0x00000007e7d00000| Complete 
|3634|0x00000007e7e00000, 0x00000007e7f00000, 0x00000007e7f00000|100%| E|CS|TAMS 0x00000007e7e00000, 0x00000007e7e00000| Complete 
|3635|0x00000007e7f00000, 0x00000007e8000000, 0x00000007e8000000|100%| E|CS|TAMS 0x00000007e7f00000, 0x00000007e7f00000| Complete 
|3636|0x00000007e8000000, 0x00000007e8100000, 0x00000007e8100000|100%| E|CS|TAMS 0x00000007e8000000, 0x00000007e8000000| Complete 
|3637|0x00000007e8100000, 0x00000007e8200000, 0x00000007e8200000|100%| E|CS|TAMS 0x00000007e8100000, 0x00000007e8100000| Complete 
|3638|0x00000007e8200000, 0x00000007e8300000, 0x00000007e8300000|100%| E|CS|TAMS 0x00000007e8200000, 0x00000007e8200000| Complete 
|3639|0x00000007e8300000, 0x00000007e8400000, 0x00000007e8400000|100%| E|CS|TAMS 0x00000007e8300000, 0x00000007e8300000| Complete 
|3640|0x00000007e8400000, 0x00000007e8500000, 0x00000007e8500000|100%| E|CS|TAMS 0x00000007e8400000, 0x00000007e8400000| Complete 
|3641|0x00000007e8500000, 0x00000007e8600000, 0x00000007e8600000|100%| E|CS|TAMS 0x00000007e8500000, 0x00000007e8500000| Complete 
|3642|0x00000007e8600000, 0x00000007e8700000, 0x00000007e8700000|100%| E|CS|TAMS 0x00000007e8600000, 0x00000007e8600000| Complete 
|3643|0x00000007e8700000, 0x00000007e8800000, 0x00000007e8800000|100%| E|CS|TAMS 0x00000007e8700000, 0x00000007e8700000| Complete 
|3644|0x00000007e8800000, 0x00000007e8900000, 0x00000007e8900000|100%| E|CS|TAMS 0x00000007e8800000, 0x00000007e8800000| Complete 
|3645|0x00000007e8900000, 0x00000007e8a00000, 0x00000007e8a00000|100%| E|CS|TAMS 0x00000007e8900000, 0x00000007e8900000| Complete 
|3646|0x00000007e8a00000, 0x00000007e8b00000, 0x00000007e8b00000|100%| E|CS|TAMS 0x00000007e8a00000, 0x00000007e8a00000| Complete 
|3647|0x00000007e8b00000, 0x00000007e8c00000, 0x00000007e8c00000|100%| E|CS|TAMS 0x00000007e8b00000, 0x00000007e8b00000| Complete 
|3648|0x00000007e8c00000, 0x00000007e8d00000, 0x00000007e8d00000|100%| E|CS|TAMS 0x00000007e8c00000, 0x00000007e8c00000| Complete 
|3649|0x00000007e8d00000, 0x00000007e8e00000, 0x00000007e8e00000|100%| E|CS|TAMS 0x00000007e8d00000, 0x00000007e8d00000| Complete 
|3650|0x00000007e8e00000, 0x00000007e8f00000, 0x00000007e8f00000|100%| E|CS|TAMS 0x00000007e8e00000, 0x00000007e8e00000| Complete 
|3651|0x00000007e8f00000, 0x00000007e9000000, 0x00000007e9000000|100%| E|CS|TAMS 0x00000007e8f00000, 0x00000007e8f00000| Complete 
|3652|0x00000007e9000000, 0x00000007e9100000, 0x00000007e9100000|100%| E|CS|TAMS 0x00000007e9000000, 0x00000007e9000000| Complete 
|3653|0x00000007e9100000, 0x00000007e9200000, 0x00000007e9200000|100%| E|CS|TAMS 0x00000007e9100000, 0x00000007e9100000| Complete 
|3654|0x00000007e9200000, 0x00000007e9300000, 0x00000007e9300000|100%| E|CS|TAMS 0x00000007e9200000, 0x00000007e9200000| Complete 
|3655|0x00000007e9300000, 0x00000007e9400000, 0x00000007e9400000|100%| E|CS|TAMS 0x00000007e9300000, 0x00000007e9300000| Complete 
|3656|0x00000007e9400000, 0x00000007e9500000, 0x00000007e9500000|100%| E|CS|TAMS 0x00000007e9400000, 0x00000007e9400000| Complete 
|3657|0x00000007e9500000, 0x00000007e9600000, 0x00000007e9600000|100%| E|CS|TAMS 0x00000007e9500000, 0x00000007e9500000| Complete 
|3658|0x00000007e9600000, 0x00000007e9700000, 0x00000007e9700000|100%| E|CS|TAMS 0x00000007e9600000, 0x00000007e9600000| Complete 
|3659|0x00000007e9700000, 0x00000007e9800000, 0x00000007e9800000|100%| E|CS|TAMS 0x00000007e9700000, 0x00000007e9700000| Complete 
|3660|0x00000007e9800000, 0x00000007e9900000, 0x00000007e9900000|100%| E|CS|TAMS 0x00000007e9800000, 0x00000007e9800000| Complete 
|3661|0x00000007e9900000, 0x00000007e9a00000, 0x00000007e9a00000|100%| E|CS|TAMS 0x00000007e9900000, 0x00000007e9900000| Complete 
|3662|0x00000007e9a00000, 0x00000007e9b00000, 0x00000007e9b00000|100%| E|CS|TAMS 0x00000007e9a00000, 0x00000007e9a00000| Complete 
|3663|0x00000007e9b00000, 0x00000007e9c00000, 0x00000007e9c00000|100%| E|CS|TAMS 0x00000007e9b00000, 0x00000007e9b00000| Complete 
|3664|0x00000007e9c00000, 0x00000007e9d00000, 0x00000007e9d00000|100%| E|CS|TAMS 0x00000007e9c00000, 0x00000007e9c00000| Complete 
|3665|0x00000007e9d00000, 0x00000007e9e00000, 0x00000007e9e00000|100%| E|CS|TAMS 0x00000007e9d00000, 0x00000007e9d00000| Complete 
|3666|0x00000007e9e00000, 0x00000007e9f00000, 0x00000007e9f00000|100%| E|CS|TAMS 0x00000007e9e00000, 0x00000007e9e00000| Complete 
|3667|0x00000007e9f00000, 0x00000007ea000000, 0x00000007ea000000|100%| E|CS|TAMS 0x00000007e9f00000, 0x00000007e9f00000| Complete 
|3668|0x00000007ea000000, 0x00000007ea100000, 0x00000007ea100000|100%| E|CS|TAMS 0x00000007ea000000, 0x00000007ea000000| Complete 
|3669|0x00000007ea100000, 0x00000007ea200000, 0x00000007ea200000|100%| E|CS|TAMS 0x00000007ea100000, 0x00000007ea100000| Complete 
|3670|0x00000007ea200000, 0x00000007ea300000, 0x00000007ea300000|100%| E|CS|TAMS 0x00000007ea200000, 0x00000007ea200000| Complete 
|3671|0x00000007ea300000, 0x00000007ea400000, 0x00000007ea400000|100%| E|CS|TAMS 0x00000007ea300000, 0x00000007ea300000| Complete 
|3672|0x00000007ea400000, 0x00000007ea500000, 0x00000007ea500000|100%| E|CS|TAMS 0x00000007ea400000, 0x00000007ea400000| Complete 
|3673|0x00000007ea500000, 0x00000007ea600000, 0x00000007ea600000|100%| E|CS|TAMS 0x00000007ea500000, 0x00000007ea500000| Complete 
|3674|0x00000007ea600000, 0x00000007ea700000, 0x00000007ea700000|100%| E|CS|TAMS 0x00000007ea600000, 0x00000007ea600000| Complete 
|3675|0x00000007ea700000, 0x00000007ea800000, 0x00000007ea800000|100%| E|CS|TAMS 0x00000007ea700000, 0x00000007ea700000| Complete 
|3676|0x00000007ea800000, 0x00000007ea900000, 0x00000007ea900000|100%| E|CS|TAMS 0x00000007ea800000, 0x00000007ea800000| Complete 
|3677|0x00000007ea900000, 0x00000007eaa00000, 0x00000007eaa00000|100%| E|CS|TAMS 0x00000007ea900000, 0x00000007ea900000| Complete 
|3678|0x00000007eaa00000, 0x00000007eab00000, 0x00000007eab00000|100%| E|CS|TAMS 0x00000007eaa00000, 0x00000007eaa00000| Complete 
|3679|0x00000007eab00000, 0x00000007eac00000, 0x00000007eac00000|100%| E|CS|TAMS 0x00000007eab00000, 0x00000007eab00000| Complete 
|3680|0x00000007eac00000, 0x00000007ead00000, 0x00000007ead00000|100%| E|CS|TAMS 0x00000007eac00000, 0x00000007eac00000| Complete 
|3681|0x00000007ead00000, 0x00000007eae00000, 0x00000007eae00000|100%| E|CS|TAMS 0x00000007ead00000, 0x00000007ead00000| Complete 
|3682|0x00000007eae00000, 0x00000007eaf00000, 0x00000007eaf00000|100%| E|CS|TAMS 0x00000007eae00000, 0x00000007eae00000| Complete 
|3683|0x00000007eaf00000, 0x00000007eb000000, 0x00000007eb000000|100%| E|CS|TAMS 0x00000007eaf00000, 0x00000007eaf00000| Complete 
|3684|0x00000007eb000000, 0x00000007eb100000, 0x00000007eb100000|100%| E|CS|TAMS 0x00000007eb000000, 0x00000007eb000000| Complete 
|3685|0x00000007eb100000, 0x00000007eb200000, 0x00000007eb200000|100%| E|CS|TAMS 0x00000007eb100000, 0x00000007eb100000| Complete 
|3686|0x00000007eb200000, 0x00000007eb300000, 0x00000007eb300000|100%| E|CS|TAMS 0x00000007eb200000, 0x00000007eb200000| Complete 
|3687|0x00000007eb300000, 0x00000007eb400000, 0x00000007eb400000|100%| E|CS|TAMS 0x00000007eb300000, 0x00000007eb300000| Complete 
|3688|0x00000007eb400000, 0x00000007eb500000, 0x00000007eb500000|100%| E|CS|TAMS 0x00000007eb400000, 0x00000007eb400000| Complete 
|3689|0x00000007eb500000, 0x00000007eb600000, 0x00000007eb600000|100%| E|CS|TAMS 0x00000007eb500000, 0x00000007eb500000| Complete 
|3690|0x00000007eb600000, 0x00000007eb700000, 0x00000007eb700000|100%| E|CS|TAMS 0x00000007eb600000, 0x00000007eb600000| Complete 
|3691|0x00000007eb700000, 0x00000007eb800000, 0x00000007eb800000|100%| E|CS|TAMS 0x00000007eb700000, 0x00000007eb700000| Complete 
|3692|0x00000007eb800000, 0x00000007eb900000, 0x00000007eb900000|100%| E|CS|TAMS 0x00000007eb800000, 0x00000007eb800000| Complete 
|3693|0x00000007eb900000, 0x00000007eba00000, 0x00000007eba00000|100%| E|CS|TAMS 0x00000007eb900000, 0x00000007eb900000| Complete 
|3694|0x00000007eba00000, 0x00000007ebb00000, 0x00000007ebb00000|100%| E|CS|TAMS 0x00000007eba00000, 0x00000007eba00000| Complete 
|3695|0x00000007ebb00000, 0x00000007ebc00000, 0x00000007ebc00000|100%| E|CS|TAMS 0x00000007ebb00000, 0x00000007ebb00000| Complete 
|3696|0x00000007ebc00000, 0x00000007ebd00000, 0x00000007ebd00000|100%| E|CS|TAMS 0x00000007ebc00000, 0x00000007ebc00000| Complete 
|3697|0x00000007ebd00000, 0x00000007ebe00000, 0x00000007ebe00000|100%| E|CS|TAMS 0x00000007ebd00000, 0x00000007ebd00000| Complete 
|3698|0x00000007ebe00000, 0x00000007ebf00000, 0x00000007ebf00000|100%| E|CS|TAMS 0x00000007ebe00000, 0x00000007ebe00000| Complete 
|3699|0x00000007ebf00000, 0x00000007ec000000, 0x00000007ec000000|100%| E|CS|TAMS 0x00000007ebf00000, 0x00000007ebf00000| Complete 
|3700|0x00000007ec000000, 0x00000007ec100000, 0x00000007ec100000|100%| E|CS|TAMS 0x00000007ec000000, 0x00000007ec000000| Complete 
|3701|0x00000007ec100000, 0x00000007ec200000, 0x00000007ec200000|100%| E|CS|TAMS 0x00000007ec100000, 0x00000007ec100000| Complete 
|3702|0x00000007ec200000, 0x00000007ec300000, 0x00000007ec300000|100%| E|CS|TAMS 0x00000007ec200000, 0x00000007ec200000| Complete 
|3703|0x00000007ec300000, 0x00000007ec400000, 0x00000007ec400000|100%| E|CS|TAMS 0x00000007ec300000, 0x00000007ec300000| Complete 
|3704|0x00000007ec400000, 0x00000007ec500000, 0x00000007ec500000|100%| E|CS|TAMS 0x00000007ec400000, 0x00000007ec400000| Complete 
|3705|0x00000007ec500000, 0x00000007ec600000, 0x00000007ec600000|100%| E|CS|TAMS 0x00000007ec500000, 0x00000007ec500000| Complete 
|3706|0x00000007ec600000, 0x00000007ec700000, 0x00000007ec700000|100%| E|CS|TAMS 0x00000007ec600000, 0x00000007ec600000| Complete 
|3707|0x00000007ec700000, 0x00000007ec800000, 0x00000007ec800000|100%| E|CS|TAMS 0x00000007ec700000, 0x00000007ec700000| Complete 
|3708|0x00000007ec800000, 0x00000007ec900000, 0x00000007ec900000|100%| E|CS|TAMS 0x00000007ec800000, 0x00000007ec800000| Complete 
|3709|0x00000007ec900000, 0x00000007eca00000, 0x00000007eca00000|100%| E|CS|TAMS 0x00000007ec900000, 0x00000007ec900000| Complete 
|3710|0x00000007eca00000, 0x00000007ecb00000, 0x00000007ecb00000|100%| E|CS|TAMS 0x00000007eca00000, 0x00000007eca00000| Complete 
|3711|0x00000007ecb00000, 0x00000007ecc00000, 0x00000007ecc00000|100%| E|CS|TAMS 0x00000007ecb00000, 0x00000007ecb00000| Complete 
|3712|0x00000007ecc00000, 0x00000007ecd00000, 0x00000007ecd00000|100%| E|CS|TAMS 0x00000007ecc00000, 0x00000007ecc00000| Complete 
|3713|0x00000007ecd00000, 0x00000007ece00000, 0x00000007ece00000|100%| E|CS|TAMS 0x00000007ecd00000, 0x00000007ecd00000| Complete 
|3714|0x00000007ece00000, 0x00000007ecf00000, 0x00000007ecf00000|100%| E|CS|TAMS 0x00000007ece00000, 0x00000007ece00000| Complete 
|3715|0x00000007ecf00000, 0x00000007ed000000, 0x00000007ed000000|100%| E|CS|TAMS 0x00000007ecf00000, 0x00000007ecf00000| Complete 
|3716|0x00000007ed000000, 0x00000007ed100000, 0x00000007ed100000|100%| E|CS|TAMS 0x00000007ed000000, 0x00000007ed000000| Complete 
|3717|0x00000007ed100000, 0x00000007ed200000, 0x00000007ed200000|100%| E|CS|TAMS 0x00000007ed100000, 0x00000007ed100000| Complete 
|3718|0x00000007ed200000, 0x00000007ed300000, 0x00000007ed300000|100%| E|CS|TAMS 0x00000007ed200000, 0x00000007ed200000| Complete 
|3719|0x00000007ed300000, 0x00000007ed400000, 0x00000007ed400000|100%| E|CS|TAMS 0x00000007ed300000, 0x00000007ed300000| Complete 
|3720|0x00000007ed400000, 0x00000007ed500000, 0x00000007ed500000|100%| E|CS|TAMS 0x00000007ed400000, 0x00000007ed400000| Complete 
|3721|0x00000007ed500000, 0x00000007ed600000, 0x00000007ed600000|100%| E|CS|TAMS 0x00000007ed500000, 0x00000007ed500000| Complete 
|3722|0x00000007ed600000, 0x00000007ed700000, 0x00000007ed700000|100%| E|CS|TAMS 0x00000007ed600000, 0x00000007ed600000| Complete 
|3723|0x00000007ed700000, 0x00000007ed800000, 0x00000007ed800000|100%| E|CS|TAMS 0x00000007ed700000, 0x00000007ed700000| Complete 
|3724|0x00000007ed800000, 0x00000007ed900000, 0x00000007ed900000|100%| E|CS|TAMS 0x00000007ed800000, 0x00000007ed800000| Complete 
|3725|0x00000007ed900000, 0x00000007eda00000, 0x00000007eda00000|100%| E|CS|TAMS 0x00000007ed900000, 0x00000007ed900000| Complete 
|3726|0x00000007eda00000, 0x00000007edb00000, 0x00000007edb00000|100%| E|CS|TAMS 0x00000007eda00000, 0x00000007eda00000| Complete 
|3727|0x00000007edb00000, 0x00000007edc00000, 0x00000007edc00000|100%| E|CS|TAMS 0x00000007edb00000, 0x00000007edb00000| Complete 
|3728|0x00000007edc00000, 0x00000007edd00000, 0x00000007edd00000|100%| E|CS|TAMS 0x00000007edc00000, 0x00000007edc00000| Complete 
|3729|0x00000007edd00000, 0x00000007ede00000, 0x00000007ede00000|100%| E|CS|TAMS 0x00000007edd00000, 0x00000007edd00000| Complete 
|3730|0x00000007ede00000, 0x00000007edf00000, 0x00000007edf00000|100%| E|CS|TAMS 0x00000007ede00000, 0x00000007ede00000| Complete 
|3731|0x00000007edf00000, 0x00000007ee000000, 0x00000007ee000000|100%| E|CS|TAMS 0x00000007edf00000, 0x00000007edf00000| Complete 
|3732|0x00000007ee000000, 0x00000007ee100000, 0x00000007ee100000|100%| E|CS|TAMS 0x00000007ee000000, 0x00000007ee000000| Complete 
|3733|0x00000007ee100000, 0x00000007ee200000, 0x00000007ee200000|100%| E|CS|TAMS 0x00000007ee100000, 0x00000007ee100000| Complete 
|3734|0x00000007ee200000, 0x00000007ee300000, 0x00000007ee300000|100%| E|CS|TAMS 0x00000007ee200000, 0x00000007ee200000| Complete 
|3735|0x00000007ee300000, 0x00000007ee400000, 0x00000007ee400000|100%| E|CS|TAMS 0x00000007ee300000, 0x00000007ee300000| Complete 
|3736|0x00000007ee400000, 0x00000007ee500000, 0x00000007ee500000|100%| E|CS|TAMS 0x00000007ee400000, 0x00000007ee400000| Complete 
|3737|0x00000007ee500000, 0x00000007ee600000, 0x00000007ee600000|100%| E|CS|TAMS 0x00000007ee500000, 0x00000007ee500000| Complete 
|3738|0x00000007ee600000, 0x00000007ee700000, 0x00000007ee700000|100%| E|CS|TAMS 0x00000007ee600000, 0x00000007ee600000| Complete 
|3739|0x00000007ee700000, 0x00000007ee800000, 0x00000007ee800000|100%| E|CS|TAMS 0x00000007ee700000, 0x00000007ee700000| Complete 
|3740|0x00000007ee800000, 0x00000007ee900000, 0x00000007ee900000|100%| E|CS|TAMS 0x00000007ee800000, 0x00000007ee800000| Complete 
|3741|0x00000007ee900000, 0x00000007eea00000, 0x00000007eea00000|100%| E|CS|TAMS 0x00000007ee900000, 0x00000007ee900000| Complete 
|3742|0x00000007eea00000, 0x00000007eeb00000, 0x00000007eeb00000|100%| E|CS|TAMS 0x00000007eea00000, 0x00000007eea00000| Complete 
|3743|0x00000007eeb00000, 0x00000007eec00000, 0x00000007eec00000|100%| E|CS|TAMS 0x00000007eeb00000, 0x00000007eeb00000| Complete 
|3744|0x00000007eec00000, 0x00000007eed00000, 0x00000007eed00000|100%| E|CS|TAMS 0x00000007eec00000, 0x00000007eec00000| Complete 
|3745|0x00000007eed00000, 0x00000007eee00000, 0x00000007eee00000|100%| E|CS|TAMS 0x00000007eed00000, 0x00000007eed00000| Complete 
|3746|0x00000007eee00000, 0x00000007eef00000, 0x00000007eef00000|100%| E|CS|TAMS 0x00000007eee00000, 0x00000007eee00000| Complete 
|3747|0x00000007eef00000, 0x00000007ef000000, 0x00000007ef000000|100%| E|CS|TAMS 0x00000007eef00000, 0x00000007eef00000| Complete 
|3748|0x00000007ef000000, 0x00000007ef100000, 0x00000007ef100000|100%| E|CS|TAMS 0x00000007ef000000, 0x00000007ef000000| Complete 
|3749|0x00000007ef100000, 0x00000007ef200000, 0x00000007ef200000|100%| E|CS|TAMS 0x00000007ef100000, 0x00000007ef100000| Complete 
|3750|0x00000007ef200000, 0x00000007ef300000, 0x00000007ef300000|100%| E|CS|TAMS 0x00000007ef200000, 0x00000007ef200000| Complete 
|3751|0x00000007ef300000, 0x00000007ef400000, 0x00000007ef400000|100%| E|CS|TAMS 0x00000007ef300000, 0x00000007ef300000| Complete 
|3752|0x00000007ef400000, 0x00000007ef500000, 0x00000007ef500000|100%| E|CS|TAMS 0x00000007ef400000, 0x00000007ef400000| Complete 
|3753|0x00000007ef500000, 0x00000007ef600000, 0x00000007ef600000|100%| E|CS|TAMS 0x00000007ef500000, 0x00000007ef500000| Complete 
|3754|0x00000007ef600000, 0x00000007ef700000, 0x00000007ef700000|100%| E|CS|TAMS 0x00000007ef600000, 0x00000007ef600000| Complete 
|3755|0x00000007ef700000, 0x00000007ef800000, 0x00000007ef800000|100%| E|CS|TAMS 0x00000007ef700000, 0x00000007ef700000| Complete 
|3756|0x00000007ef800000, 0x00000007ef900000, 0x00000007ef900000|100%| E|CS|TAMS 0x00000007ef800000, 0x00000007ef800000| Complete 
|3757|0x00000007ef900000, 0x00000007efa00000, 0x00000007efa00000|100%| E|CS|TAMS 0x00000007ef900000, 0x00000007ef900000| Complete 
|3758|0x00000007efa00000, 0x00000007efb00000, 0x00000007efb00000|100%| E|CS|TAMS 0x00000007efa00000, 0x00000007efa00000| Complete 
|3759|0x00000007efb00000, 0x00000007efc00000, 0x00000007efc00000|100%| E|CS|TAMS 0x00000007efb00000, 0x00000007efb00000| Complete 
|3760|0x00000007efc00000, 0x00000007efd00000, 0x00000007efd00000|100%| E|CS|TAMS 0x00000007efc00000, 0x00000007efc00000| Complete 
|3761|0x00000007efd00000, 0x00000007efe00000, 0x00000007efe00000|100%| E|CS|TAMS 0x00000007efd00000, 0x00000007efd00000| Complete 
|3762|0x00000007efe00000, 0x00000007eff00000, 0x00000007eff00000|100%| E|CS|TAMS 0x00000007efe00000, 0x00000007efe00000| Complete 
|3763|0x00000007eff00000, 0x00000007f0000000, 0x00000007f0000000|100%| E|CS|TAMS 0x00000007eff00000, 0x00000007eff00000| Complete 
|3764|0x00000007f0000000, 0x00000007f0100000, 0x00000007f0100000|100%| E|CS|TAMS 0x00000007f0000000, 0x00000007f0000000| Complete 
|3765|0x00000007f0100000, 0x00000007f0200000, 0x00000007f0200000|100%| E|CS|TAMS 0x00000007f0100000, 0x00000007f0100000| Complete 
|3766|0x00000007f0200000, 0x00000007f0300000, 0x00000007f0300000|100%| E|CS|TAMS 0x00000007f0200000, 0x00000007f0200000| Complete 
|3767|0x00000007f0300000, 0x00000007f0400000, 0x00000007f0400000|100%| E|CS|TAMS 0x00000007f0300000, 0x00000007f0300000| Complete 
|3768|0x00000007f0400000, 0x00000007f0500000, 0x00000007f0500000|100%| E|CS|TAMS 0x00000007f0400000, 0x00000007f0400000| Complete 
|3769|0x00000007f0500000, 0x00000007f0600000, 0x00000007f0600000|100%| E|CS|TAMS 0x00000007f0500000, 0x00000007f0500000| Complete 
|3770|0x00000007f0600000, 0x00000007f0700000, 0x00000007f0700000|100%| E|CS|TAMS 0x00000007f0600000, 0x00000007f0600000| Complete 
|3771|0x00000007f0700000, 0x00000007f0800000, 0x00000007f0800000|100%| E|CS|TAMS 0x00000007f0700000, 0x00000007f0700000| Complete 
|3772|0x00000007f0800000, 0x00000007f0900000, 0x00000007f0900000|100%| E|CS|TAMS 0x00000007f0800000, 0x00000007f0800000| Complete 
|3773|0x00000007f0900000, 0x00000007f0a00000, 0x00000007f0a00000|100%| E|CS|TAMS 0x00000007f0900000, 0x00000007f0900000| Complete 
|3774|0x00000007f0a00000, 0x00000007f0b00000, 0x00000007f0b00000|100%| E|CS|TAMS 0x00000007f0a00000, 0x00000007f0a00000| Complete 
|3775|0x00000007f0b00000, 0x00000007f0c00000, 0x00000007f0c00000|100%| E|CS|TAMS 0x00000007f0b00000, 0x00000007f0b00000| Complete 
|3776|0x00000007f0c00000, 0x00000007f0d00000, 0x00000007f0d00000|100%| E|CS|TAMS 0x00000007f0c00000, 0x00000007f0c00000| Complete 
|3777|0x00000007f0d00000, 0x00000007f0e00000, 0x00000007f0e00000|100%| E|CS|TAMS 0x00000007f0d00000, 0x00000007f0d00000| Complete 
|3778|0x00000007f0e00000, 0x00000007f0f00000, 0x00000007f0f00000|100%| E|CS|TAMS 0x00000007f0e00000, 0x00000007f0e00000| Complete 
|3779|0x00000007f0f00000, 0x00000007f1000000, 0x00000007f1000000|100%| E|CS|TAMS 0x00000007f0f00000, 0x00000007f0f00000| Complete 
|3780|0x00000007f1000000, 0x00000007f1100000, 0x00000007f1100000|100%| E|CS|TAMS 0x00000007f1000000, 0x00000007f1000000| Complete 
|3781|0x00000007f1100000, 0x00000007f1200000, 0x00000007f1200000|100%| E|CS|TAMS 0x00000007f1100000, 0x00000007f1100000| Complete 
|3782|0x00000007f1200000, 0x00000007f1300000, 0x00000007f1300000|100%| E|CS|TAMS 0x00000007f1200000, 0x00000007f1200000| Complete 
|3783|0x00000007f1300000, 0x00000007f1400000, 0x00000007f1400000|100%| E|CS|TAMS 0x00000007f1300000, 0x00000007f1300000| Complete 
|3784|0x00000007f1400000, 0x00000007f1500000, 0x00000007f1500000|100%| E|CS|TAMS 0x00000007f1400000, 0x00000007f1400000| Complete 
|3785|0x00000007f1500000, 0x00000007f1600000, 0x00000007f1600000|100%| E|CS|TAMS 0x00000007f1500000, 0x00000007f1500000| Complete 
|3786|0x00000007f1600000, 0x00000007f1700000, 0x00000007f1700000|100%| E|CS|TAMS 0x00000007f1600000, 0x00000007f1600000| Complete 
|3787|0x00000007f1700000, 0x00000007f1800000, 0x00000007f1800000|100%| E|CS|TAMS 0x00000007f1700000, 0x00000007f1700000| Complete 
|3788|0x00000007f1800000, 0x00000007f1900000, 0x00000007f1900000|100%| E|CS|TAMS 0x00000007f1800000, 0x00000007f1800000| Complete 
|3789|0x00000007f1900000, 0x00000007f1a00000, 0x00000007f1a00000|100%| E|CS|TAMS 0x00000007f1900000, 0x00000007f1900000| Complete 
|3790|0x00000007f1a00000, 0x00000007f1b00000, 0x00000007f1b00000|100%| E|CS|TAMS 0x00000007f1a00000, 0x00000007f1a00000| Complete 
|3791|0x00000007f1b00000, 0x00000007f1c00000, 0x00000007f1c00000|100%| E|CS|TAMS 0x00000007f1b00000, 0x00000007f1b00000| Complete 
|3792|0x00000007f1c00000, 0x00000007f1d00000, 0x00000007f1d00000|100%| E|CS|TAMS 0x00000007f1c00000, 0x00000007f1c00000| Complete 
|3793|0x00000007f1d00000, 0x00000007f1e00000, 0x00000007f1e00000|100%| E|CS|TAMS 0x00000007f1d00000, 0x00000007f1d00000| Complete 
|3794|0x00000007f1e00000, 0x00000007f1f00000, 0x00000007f1f00000|100%| E|CS|TAMS 0x00000007f1e00000, 0x00000007f1e00000| Complete 
|3795|0x00000007f1f00000, 0x00000007f2000000, 0x00000007f2000000|100%| E|CS|TAMS 0x00000007f1f00000, 0x00000007f1f00000| Complete 
|3796|0x00000007f2000000, 0x00000007f2100000, 0x00000007f2100000|100%| E|CS|TAMS 0x00000007f2000000, 0x00000007f2000000| Complete 
|3797|0x00000007f2100000, 0x00000007f2200000, 0x00000007f2200000|100%| E|CS|TAMS 0x00000007f2100000, 0x00000007f2100000| Complete 
|3798|0x00000007f2200000, 0x00000007f2300000, 0x00000007f2300000|100%| E|CS|TAMS 0x00000007f2200000, 0x00000007f2200000| Complete 
|3799|0x00000007f2300000, 0x00000007f2400000, 0x00000007f2400000|100%| E|CS|TAMS 0x00000007f2300000, 0x00000007f2300000| Complete 
|3800|0x00000007f2400000, 0x00000007f2500000, 0x00000007f2500000|100%| E|CS|TAMS 0x00000007f2400000, 0x00000007f2400000| Complete 
|3801|0x00000007f2500000, 0x00000007f2600000, 0x00000007f2600000|100%| E|CS|TAMS 0x00000007f2500000, 0x00000007f2500000| Complete 
|3802|0x00000007f2600000, 0x00000007f2700000, 0x00000007f2700000|100%| E|CS|TAMS 0x00000007f2600000, 0x00000007f2600000| Complete 
|3803|0x00000007f2700000, 0x00000007f2800000, 0x00000007f2800000|100%| E|CS|TAMS 0x00000007f2700000, 0x00000007f2700000| Complete 
|3804|0x00000007f2800000, 0x00000007f2900000, 0x00000007f2900000|100%| E|CS|TAMS 0x00000007f2800000, 0x00000007f2800000| Complete 
|3805|0x00000007f2900000, 0x00000007f2a00000, 0x00000007f2a00000|100%| E|CS|TAMS 0x00000007f2900000, 0x00000007f2900000| Complete 
|3806|0x00000007f2a00000, 0x00000007f2b00000, 0x00000007f2b00000|100%| E|CS|TAMS 0x00000007f2a00000, 0x00000007f2a00000| Complete 
|3807|0x00000007f2b00000, 0x00000007f2c00000, 0x00000007f2c00000|100%| E|CS|TAMS 0x00000007f2b00000, 0x00000007f2b00000| Complete 
|3808|0x00000007f2c00000, 0x00000007f2d00000, 0x00000007f2d00000|100%| E|CS|TAMS 0x00000007f2c00000, 0x00000007f2c00000| Complete 
|3809|0x00000007f2d00000, 0x00000007f2e00000, 0x00000007f2e00000|100%| E|CS|TAMS 0x00000007f2d00000, 0x00000007f2d00000| Complete 
|3810|0x00000007f2e00000, 0x00000007f2f00000, 0x00000007f2f00000|100%| E|CS|TAMS 0x00000007f2e00000, 0x00000007f2e00000| Complete 
|3811|0x00000007f2f00000, 0x00000007f3000000, 0x00000007f3000000|100%| E|CS|TAMS 0x00000007f2f00000, 0x00000007f2f00000| Complete 
|3812|0x00000007f3000000, 0x00000007f3100000, 0x00000007f3100000|100%| E|CS|TAMS 0x00000007f3000000, 0x00000007f3000000| Complete 
|3813|0x00000007f3100000, 0x00000007f3200000, 0x00000007f3200000|100%| E|CS|TAMS 0x00000007f3100000, 0x00000007f3100000| Complete 
|3814|0x00000007f3200000, 0x00000007f3300000, 0x00000007f3300000|100%| E|CS|TAMS 0x00000007f3200000, 0x00000007f3200000| Complete 
|3815|0x00000007f3300000, 0x00000007f3400000, 0x00000007f3400000|100%| E|CS|TAMS 0x00000007f3300000, 0x00000007f3300000| Complete 
|3816|0x00000007f3400000, 0x00000007f3500000, 0x00000007f3500000|100%| E|CS|TAMS 0x00000007f3400000, 0x00000007f3400000| Complete 
|3817|0x00000007f3500000, 0x00000007f3600000, 0x00000007f3600000|100%| E|CS|TAMS 0x00000007f3500000, 0x00000007f3500000| Complete 
|3818|0x00000007f3600000, 0x00000007f3700000, 0x00000007f3700000|100%| E|CS|TAMS 0x00000007f3600000, 0x00000007f3600000| Complete 
|3819|0x00000007f3700000, 0x00000007f3800000, 0x00000007f3800000|100%| E|CS|TAMS 0x00000007f3700000, 0x00000007f3700000| Complete 
|3820|0x00000007f3800000, 0x00000007f3900000, 0x00000007f3900000|100%| E|CS|TAMS 0x00000007f3800000, 0x00000007f3800000| Complete 
|3821|0x00000007f3900000, 0x00000007f3a00000, 0x00000007f3a00000|100%| E|CS|TAMS 0x00000007f3900000, 0x00000007f3900000| Complete 
|3822|0x00000007f3a00000, 0x00000007f3b00000, 0x00000007f3b00000|100%| E|CS|TAMS 0x00000007f3a00000, 0x00000007f3a00000| Complete 
|3823|0x00000007f3b00000, 0x00000007f3c00000, 0x00000007f3c00000|100%| E|CS|TAMS 0x00000007f3b00000, 0x00000007f3b00000| Complete 
|3824|0x00000007f3c00000, 0x00000007f3d00000, 0x00000007f3d00000|100%| E|CS|TAMS 0x00000007f3c00000, 0x00000007f3c00000| Complete 
|3825|0x00000007f3d00000, 0x00000007f3e00000, 0x00000007f3e00000|100%| E|CS|TAMS 0x00000007f3d00000, 0x00000007f3d00000| Complete 
|3826|0x00000007f3e00000, 0x00000007f3f00000, 0x00000007f3f00000|100%| E|CS|TAMS 0x00000007f3e00000, 0x00000007f3e00000| Complete 
|3827|0x00000007f3f00000, 0x00000007f4000000, 0x00000007f4000000|100%| E|CS|TAMS 0x00000007f3f00000, 0x00000007f3f00000| Complete 
|3828|0x00000007f4000000, 0x00000007f4100000, 0x00000007f4100000|100%| E|CS|TAMS 0x00000007f4000000, 0x00000007f4000000| Complete 
|3829|0x00000007f4100000, 0x00000007f4200000, 0x00000007f4200000|100%| E|CS|TAMS 0x00000007f4100000, 0x00000007f4100000| Complete 
|3830|0x00000007f4200000, 0x00000007f4300000, 0x00000007f4300000|100%| E|CS|TAMS 0x00000007f4200000, 0x00000007f4200000| Complete 
|3831|0x00000007f4300000, 0x00000007f4400000, 0x00000007f4400000|100%| E|CS|TAMS 0x00000007f4300000, 0x00000007f4300000| Complete 
|3832|0x00000007f4400000, 0x00000007f4500000, 0x00000007f4500000|100%| E|CS|TAMS 0x00000007f4400000, 0x00000007f4400000| Complete 
|3833|0x00000007f4500000, 0x00000007f4600000, 0x00000007f4600000|100%| E|CS|TAMS 0x00000007f4500000, 0x00000007f4500000| Complete 
|3834|0x00000007f4600000, 0x00000007f4700000, 0x00000007f4700000|100%| E|CS|TAMS 0x00000007f4600000, 0x00000007f4600000| Complete 
|3835|0x00000007f4700000, 0x00000007f4800000, 0x00000007f4800000|100%| E|CS|TAMS 0x00000007f4700000, 0x00000007f4700000| Complete 
|3836|0x00000007f4800000, 0x00000007f4900000, 0x00000007f4900000|100%| E|CS|TAMS 0x00000007f4800000, 0x00000007f4800000| Complete 
|3837|0x00000007f4900000, 0x00000007f4a00000, 0x00000007f4a00000|100%| E|CS|TAMS 0x00000007f4900000, 0x00000007f4900000| Complete 
|3838|0x00000007f4a00000, 0x00000007f4b00000, 0x00000007f4b00000|100%| E|CS|TAMS 0x00000007f4a00000, 0x00000007f4a00000| Complete 
|3839|0x00000007f4b00000, 0x00000007f4c00000, 0x00000007f4c00000|100%| E|CS|TAMS 0x00000007f4b00000, 0x00000007f4b00000| Complete 
|3840|0x00000007f4c00000, 0x00000007f4d00000, 0x00000007f4d00000|100%| E|CS|TAMS 0x00000007f4c00000, 0x00000007f4c00000| Complete 
|3841|0x00000007f4d00000, 0x00000007f4e00000, 0x00000007f4e00000|100%| E|CS|TAMS 0x00000007f4d00000, 0x00000007f4d00000| Complete 
|3842|0x00000007f4e00000, 0x00000007f4f00000, 0x00000007f4f00000|100%| E|CS|TAMS 0x00000007f4e00000, 0x00000007f4e00000| Complete 
|3843|0x00000007f4f00000, 0x00000007f5000000, 0x00000007f5000000|100%| E|CS|TAMS 0x00000007f4f00000, 0x00000007f4f00000| Complete 
|3844|0x00000007f5000000, 0x00000007f5100000, 0x00000007f5100000|100%| E|CS|TAMS 0x00000007f5000000, 0x00000007f5000000| Complete 
|3845|0x00000007f5100000, 0x00000007f5200000, 0x00000007f5200000|100%| E|CS|TAMS 0x00000007f5100000, 0x00000007f5100000| Complete 
|3846|0x00000007f5200000, 0x00000007f5300000, 0x00000007f5300000|100%| E|CS|TAMS 0x00000007f5200000, 0x00000007f5200000| Complete 
|3847|0x00000007f5300000, 0x00000007f5400000, 0x00000007f5400000|100%| E|CS|TAMS 0x00000007f5300000, 0x00000007f5300000| Complete 
|3848|0x00000007f5400000, 0x00000007f5500000, 0x00000007f5500000|100%| E|CS|TAMS 0x00000007f5400000, 0x00000007f5400000| Complete 
|3849|0x00000007f5500000, 0x00000007f5600000, 0x00000007f5600000|100%| E|CS|TAMS 0x00000007f5500000, 0x00000007f5500000| Complete 
|3850|0x00000007f5600000, 0x00000007f5700000, 0x00000007f5700000|100%| E|CS|TAMS 0x00000007f5600000, 0x00000007f5600000| Complete 
|3851|0x00000007f5700000, 0x00000007f5800000, 0x00000007f5800000|100%| E|CS|TAMS 0x00000007f5700000, 0x00000007f5700000| Complete 
|3852|0x00000007f5800000, 0x00000007f5900000, 0x00000007f5900000|100%| E|CS|TAMS 0x00000007f5800000, 0x00000007f5800000| Complete 
|3853|0x00000007f5900000, 0x00000007f5a00000, 0x00000007f5a00000|100%| E|CS|TAMS 0x00000007f5900000, 0x00000007f5900000| Complete 
|3854|0x00000007f5a00000, 0x00000007f5b00000, 0x00000007f5b00000|100%| E|CS|TAMS 0x00000007f5a00000, 0x00000007f5a00000| Complete 
|3855|0x00000007f5b00000, 0x00000007f5c00000, 0x00000007f5c00000|100%| E|CS|TAMS 0x00000007f5b00000, 0x00000007f5b00000| Complete 
|3856|0x00000007f5c00000, 0x00000007f5d00000, 0x00000007f5d00000|100%| E|CS|TAMS 0x00000007f5c00000, 0x00000007f5c00000| Complete 
|3857|0x00000007f5d00000, 0x00000007f5e00000, 0x00000007f5e00000|100%| E|CS|TAMS 0x00000007f5d00000, 0x00000007f5d00000| Complete 
|3858|0x00000007f5e00000, 0x00000007f5f00000, 0x00000007f5f00000|100%| E|CS|TAMS 0x00000007f5e00000, 0x00000007f5e00000| Complete 
|3859|0x00000007f5f00000, 0x00000007f6000000, 0x00000007f6000000|100%| E|CS|TAMS 0x00000007f5f00000, 0x00000007f5f00000| Complete 
|3860|0x00000007f6000000, 0x00000007f6100000, 0x00000007f6100000|100%| E|CS|TAMS 0x00000007f6000000, 0x00000007f6000000| Complete 
|3861|0x00000007f6100000, 0x00000007f6200000, 0x00000007f6200000|100%| E|CS|TAMS 0x00000007f6100000, 0x00000007f6100000| Complete 
|3862|0x00000007f6200000, 0x00000007f6300000, 0x00000007f6300000|100%| E|CS|TAMS 0x00000007f6200000, 0x00000007f6200000| Complete 
|3863|0x00000007f6300000, 0x00000007f6400000, 0x00000007f6400000|100%| E|CS|TAMS 0x00000007f6300000, 0x00000007f6300000| Complete 
|3864|0x00000007f6400000, 0x00000007f6500000, 0x00000007f6500000|100%| E|CS|TAMS 0x00000007f6400000, 0x00000007f6400000| Complete 
|3865|0x00000007f6500000, 0x00000007f6600000, 0x00000007f6600000|100%| E|CS|TAMS 0x00000007f6500000, 0x00000007f6500000| Complete 
|3866|0x00000007f6600000, 0x00000007f6700000, 0x00000007f6700000|100%| E|CS|TAMS 0x00000007f6600000, 0x00000007f6600000| Complete 
|3867|0x00000007f6700000, 0x00000007f6800000, 0x00000007f6800000|100%| E|CS|TAMS 0x00000007f6700000, 0x00000007f6700000| Complete 
|3868|0x00000007f6800000, 0x00000007f6900000, 0x00000007f6900000|100%| E|CS|TAMS 0x00000007f6800000, 0x00000007f6800000| Complete 
|3869|0x00000007f6900000, 0x00000007f6a00000, 0x00000007f6a00000|100%| E|CS|TAMS 0x00000007f6900000, 0x00000007f6900000| Complete 
|3870|0x00000007f6a00000, 0x00000007f6b00000, 0x00000007f6b00000|100%| E|CS|TAMS 0x00000007f6a00000, 0x00000007f6a00000| Complete 
|3871|0x00000007f6b00000, 0x00000007f6c00000, 0x00000007f6c00000|100%| E|CS|TAMS 0x00000007f6b00000, 0x00000007f6b00000| Complete 
|3872|0x00000007f6c00000, 0x00000007f6d00000, 0x00000007f6d00000|100%| E|CS|TAMS 0x00000007f6c00000, 0x00000007f6c00000| Complete 
|3873|0x00000007f6d00000, 0x00000007f6e00000, 0x00000007f6e00000|100%| E|CS|TAMS 0x00000007f6d00000, 0x00000007f6d00000| Complete 
|3874|0x00000007f6e00000, 0x00000007f6f00000, 0x00000007f6f00000|100%| E|CS|TAMS 0x00000007f6e00000, 0x00000007f6e00000| Complete 
|3875|0x00000007f6f00000, 0x00000007f7000000, 0x00000007f7000000|100%| E|CS|TAMS 0x00000007f6f00000, 0x00000007f6f00000| Complete 
|3876|0x00000007f7000000, 0x00000007f7100000, 0x00000007f7100000|100%| E|CS|TAMS 0x00000007f7000000, 0x00000007f7000000| Complete 
|3877|0x00000007f7100000, 0x00000007f7200000, 0x00000007f7200000|100%| E|CS|TAMS 0x00000007f7100000, 0x00000007f7100000| Complete 
|3878|0x00000007f7200000, 0x00000007f7300000, 0x00000007f7300000|100%| E|CS|TAMS 0x00000007f7200000, 0x00000007f7200000| Complete 
|3879|0x00000007f7300000, 0x00000007f7400000, 0x00000007f7400000|100%| E|CS|TAMS 0x00000007f7300000, 0x00000007f7300000| Complete 
|3880|0x00000007f7400000, 0x00000007f7500000, 0x00000007f7500000|100%| E|CS|TAMS 0x00000007f7400000, 0x00000007f7400000| Complete 
|3881|0x00000007f7500000, 0x00000007f7600000, 0x00000007f7600000|100%| E|CS|TAMS 0x00000007f7500000, 0x00000007f7500000| Complete 
|3882|0x00000007f7600000, 0x00000007f7700000, 0x00000007f7700000|100%| E|CS|TAMS 0x00000007f7600000, 0x00000007f7600000| Complete 
|3883|0x00000007f7700000, 0x00000007f7800000, 0x00000007f7800000|100%| E|CS|TAMS 0x00000007f7700000, 0x00000007f7700000| Complete 
|3884|0x00000007f7800000, 0x00000007f7900000, 0x00000007f7900000|100%| E|CS|TAMS 0x00000007f7800000, 0x00000007f7800000| Complete 
|3885|0x00000007f7900000, 0x00000007f7a00000, 0x00000007f7a00000|100%| E|CS|TAMS 0x00000007f7900000, 0x00000007f7900000| Complete 
|3886|0x00000007f7a00000, 0x00000007f7b00000, 0x00000007f7b00000|100%| E|CS|TAMS 0x00000007f7a00000, 0x00000007f7a00000| Complete 
|3887|0x00000007f7b00000, 0x00000007f7c00000, 0x00000007f7c00000|100%| E|CS|TAMS 0x00000007f7b00000, 0x00000007f7b00000| Complete 
|3888|0x00000007f7c00000, 0x00000007f7d00000, 0x00000007f7d00000|100%| E|CS|TAMS 0x00000007f7c00000, 0x00000007f7c00000| Complete 
|3889|0x00000007f7d00000, 0x00000007f7e00000, 0x00000007f7e00000|100%| E|CS|TAMS 0x00000007f7d00000, 0x00000007f7d00000| Complete 
|3890|0x00000007f7e00000, 0x00000007f7f00000, 0x00000007f7f00000|100%| E|CS|TAMS 0x00000007f7e00000, 0x00000007f7e00000| Complete 
|3891|0x00000007f7f00000, 0x00000007f8000000, 0x00000007f8000000|100%| E|CS|TAMS 0x00000007f7f00000, 0x00000007f7f00000| Complete 
|3892|0x00000007f8000000, 0x00000007f8100000, 0x00000007f8100000|100%| E|CS|TAMS 0x00000007f8000000, 0x00000007f8000000| Complete 
|3893|0x00000007f8100000, 0x00000007f8200000, 0x00000007f8200000|100%| E|CS|TAMS 0x00000007f8100000, 0x00000007f8100000| Complete 
|3894|0x00000007f8200000, 0x00000007f8300000, 0x00000007f8300000|100%| E|CS|TAMS 0x00000007f8200000, 0x00000007f8200000| Complete 
|3895|0x00000007f8300000, 0x00000007f8400000, 0x00000007f8400000|100%| E|CS|TAMS 0x00000007f8300000, 0x00000007f8300000| Complete 
|3896|0x00000007f8400000, 0x00000007f8500000, 0x00000007f8500000|100%| E|CS|TAMS 0x00000007f8400000, 0x00000007f8400000| Complete 
|3897|0x00000007f8500000, 0x00000007f8600000, 0x00000007f8600000|100%| E|CS|TAMS 0x00000007f8500000, 0x00000007f8500000| Complete 
|3898|0x00000007f8600000, 0x00000007f8700000, 0x00000007f8700000|100%| E|CS|TAMS 0x00000007f8600000, 0x00000007f8600000| Complete 
|3899|0x00000007f8700000, 0x00000007f8800000, 0x00000007f8800000|100%| E|CS|TAMS 0x00000007f8700000, 0x00000007f8700000| Complete 
|3900|0x00000007f8800000, 0x00000007f8900000, 0x00000007f8900000|100%| E|CS|TAMS 0x00000007f8800000, 0x00000007f8800000| Complete 
|3901|0x00000007f8900000, 0x00000007f8a00000, 0x00000007f8a00000|100%| E|CS|TAMS 0x00000007f8900000, 0x00000007f8900000| Complete 
|3902|0x00000007f8a00000, 0x00000007f8b00000, 0x00000007f8b00000|100%| E|CS|TAMS 0x00000007f8a00000, 0x00000007f8a00000| Complete 
|3903|0x00000007f8b00000, 0x00000007f8c00000, 0x00000007f8c00000|100%| E|CS|TAMS 0x00000007f8b00000, 0x00000007f8b00000| Complete 
|3904|0x00000007f8c00000, 0x00000007f8d00000, 0x00000007f8d00000|100%| E|CS|TAMS 0x00000007f8c00000, 0x00000007f8c00000| Complete 
|3905|0x00000007f8d00000, 0x00000007f8e00000, 0x00000007f8e00000|100%| E|CS|TAMS 0x00000007f8d00000, 0x00000007f8d00000| Complete 
|3906|0x00000007f8e00000, 0x00000007f8f00000, 0x00000007f8f00000|100%| E|CS|TAMS 0x00000007f8e00000, 0x00000007f8e00000| Complete 
|3907|0x00000007f8f00000, 0x00000007f9000000, 0x00000007f9000000|100%| E|CS|TAMS 0x00000007f8f00000, 0x00000007f8f00000| Complete 
|3908|0x00000007f9000000, 0x00000007f9100000, 0x00000007f9100000|100%| E|CS|TAMS 0x00000007f9000000, 0x00000007f9000000| Complete 
|3909|0x00000007f9100000, 0x00000007f9200000, 0x00000007f9200000|100%| E|CS|TAMS 0x00000007f9100000, 0x00000007f9100000| Complete 
|3910|0x00000007f9200000, 0x00000007f9300000, 0x00000007f9300000|100%| E|CS|TAMS 0x00000007f9200000, 0x00000007f9200000| Complete 
|3911|0x00000007f9300000, 0x00000007f9400000, 0x00000007f9400000|100%| E|CS|TAMS 0x00000007f9300000, 0x00000007f9300000| Complete 
|3912|0x00000007f9400000, 0x00000007f9500000, 0x00000007f9500000|100%| E|CS|TAMS 0x00000007f9400000, 0x00000007f9400000| Complete 
|3913|0x00000007f9500000, 0x00000007f9600000, 0x00000007f9600000|100%| E|CS|TAMS 0x00000007f9500000, 0x00000007f9500000| Complete 
|3914|0x00000007f9600000, 0x00000007f9700000, 0x00000007f9700000|100%| E|CS|TAMS 0x00000007f9600000, 0x00000007f9600000| Complete 
|3915|0x00000007f9700000, 0x00000007f9800000, 0x00000007f9800000|100%| E|CS|TAMS 0x00000007f9700000, 0x00000007f9700000| Complete 
|3916|0x00000007f9800000, 0x00000007f9900000, 0x00000007f9900000|100%| E|CS|TAMS 0x00000007f9800000, 0x00000007f9800000| Complete 
|3917|0x00000007f9900000, 0x00000007f9a00000, 0x00000007f9a00000|100%| E|CS|TAMS 0x00000007f9900000, 0x00000007f9900000| Complete 
|3918|0x00000007f9a00000, 0x00000007f9b00000, 0x00000007f9b00000|100%| E|CS|TAMS 0x00000007f9a00000, 0x00000007f9a00000| Complete 
|3919|0x00000007f9b00000, 0x00000007f9c00000, 0x00000007f9c00000|100%| E|CS|TAMS 0x00000007f9b00000, 0x00000007f9b00000| Complete 
|3920|0x00000007f9c00000, 0x00000007f9d00000, 0x00000007f9d00000|100%| E|CS|TAMS 0x00000007f9c00000, 0x00000007f9c00000| Complete 
|3921|0x00000007f9d00000, 0x00000007f9e00000, 0x00000007f9e00000|100%| E|CS|TAMS 0x00000007f9d00000, 0x00000007f9d00000| Complete 
|3922|0x00000007f9e00000, 0x00000007f9f00000, 0x00000007f9f00000|100%| E|CS|TAMS 0x00000007f9e00000, 0x00000007f9e00000| Complete 
|3923|0x00000007f9f00000, 0x00000007fa000000, 0x00000007fa000000|100%| E|CS|TAMS 0x00000007f9f00000, 0x00000007f9f00000| Complete 
|3924|0x00000007fa000000, 0x00000007fa100000, 0x00000007fa100000|100%| E|CS|TAMS 0x00000007fa000000, 0x00000007fa000000| Complete 
|3925|0x00000007fa100000, 0x00000007fa200000, 0x00000007fa200000|100%| E|CS|TAMS 0x00000007fa100000, 0x00000007fa100000| Complete 
|3926|0x00000007fa200000, 0x00000007fa300000, 0x00000007fa300000|100%| E|CS|TAMS 0x00000007fa200000, 0x00000007fa200000| Complete 
|3927|0x00000007fa300000, 0x00000007fa400000, 0x00000007fa400000|100%| E|CS|TAMS 0x00000007fa300000, 0x00000007fa300000| Complete 
|3928|0x00000007fa400000, 0x00000007fa500000, 0x00000007fa500000|100%| E|CS|TAMS 0x00000007fa400000, 0x00000007fa400000| Complete 
|3929|0x00000007fa500000, 0x00000007fa600000, 0x00000007fa600000|100%| E|CS|TAMS 0x00000007fa500000, 0x00000007fa500000| Complete 
|3930|0x00000007fa600000, 0x00000007fa700000, 0x00000007fa700000|100%| E|CS|TAMS 0x00000007fa600000, 0x00000007fa600000| Complete 
|3931|0x00000007fa700000, 0x00000007fa800000, 0x00000007fa800000|100%| E|CS|TAMS 0x00000007fa700000, 0x00000007fa700000| Complete 
|3932|0x00000007fa800000, 0x00000007fa900000, 0x00000007fa900000|100%| E|CS|TAMS 0x00000007fa800000, 0x00000007fa800000| Complete 
|3933|0x00000007fa900000, 0x00000007faa00000, 0x00000007faa00000|100%| E|CS|TAMS 0x00000007fa900000, 0x00000007fa900000| Complete 
|3934|0x00000007faa00000, 0x00000007fab00000, 0x00000007fab00000|100%| E|CS|TAMS 0x00000007faa00000, 0x00000007faa00000| Complete 
|3935|0x00000007fab00000, 0x00000007fac00000, 0x00000007fac00000|100%| E|CS|TAMS 0x00000007fab00000, 0x00000007fab00000| Complete 
|3936|0x00000007fac00000, 0x00000007fad00000, 0x00000007fad00000|100%| E|CS|TAMS 0x00000007fac00000, 0x00000007fac00000| Complete 
|3937|0x00000007fad00000, 0x00000007fae00000, 0x00000007fae00000|100%| E|CS|TAMS 0x00000007fad00000, 0x00000007fad00000| Complete 
|3938|0x00000007fae00000, 0x00000007faf00000, 0x00000007faf00000|100%| E|CS|TAMS 0x00000007fae00000, 0x00000007fae00000| Complete 
|3939|0x00000007faf00000, 0x00000007fb000000, 0x00000007fb000000|100%| E|CS|TAMS 0x00000007faf00000, 0x00000007faf00000| Complete 
|3940|0x00000007fb000000, 0x00000007fb100000, 0x00000007fb100000|100%| E|CS|TAMS 0x00000007fb000000, 0x00000007fb000000| Complete 
|3941|0x00000007fb100000, 0x00000007fb200000, 0x00000007fb200000|100%| E|CS|TAMS 0x00000007fb100000, 0x00000007fb100000| Complete 
|3942|0x00000007fb200000, 0x00000007fb300000, 0x00000007fb300000|100%| E|CS|TAMS 0x00000007fb200000, 0x00000007fb200000| Complete 
|3943|0x00000007fb300000, 0x00000007fb400000, 0x00000007fb400000|100%| E|CS|TAMS 0x00000007fb300000, 0x00000007fb300000| Complete 
|3944|0x00000007fb400000, 0x00000007fb500000, 0x00000007fb500000|100%| E|CS|TAMS 0x00000007fb400000, 0x00000007fb400000| Complete 
|3945|0x00000007fb500000, 0x00000007fb600000, 0x00000007fb600000|100%| E|CS|TAMS 0x00000007fb500000, 0x00000007fb500000| Complete 
|3946|0x00000007fb600000, 0x00000007fb700000, 0x00000007fb700000|100%| E|CS|TAMS 0x00000007fb600000, 0x00000007fb600000| Complete 
|3947|0x00000007fb700000, 0x00000007fb800000, 0x00000007fb800000|100%| E|CS|TAMS 0x00000007fb700000, 0x00000007fb700000| Complete 
|3948|0x00000007fb800000, 0x00000007fb900000, 0x00000007fb900000|100%| E|CS|TAMS 0x00000007fb800000, 0x00000007fb800000| Complete 
|3949|0x00000007fb900000, 0x00000007fba00000, 0x00000007fba00000|100%| E|CS|TAMS 0x00000007fb900000, 0x00000007fb900000| Complete 
|3950|0x00000007fba00000, 0x00000007fbb00000, 0x00000007fbb00000|100%| E|CS|TAMS 0x00000007fba00000, 0x00000007fba00000| Complete 
|3951|0x00000007fbb00000, 0x00000007fbc00000, 0x00000007fbc00000|100%| E|CS|TAMS 0x00000007fbb00000, 0x00000007fbb00000| Complete 
|3952|0x00000007fbc00000, 0x00000007fbd00000, 0x00000007fbd00000|100%| E|CS|TAMS 0x00000007fbc00000, 0x00000007fbc00000| Complete 
|3953|0x00000007fbd00000, 0x00000007fbe00000, 0x00000007fbe00000|100%| E|CS|TAMS 0x00000007fbd00000, 0x00000007fbd00000| Complete 
|3954|0x00000007fbe00000, 0x00000007fbf00000, 0x00000007fbf00000|100%| E|CS|TAMS 0x00000007fbe00000, 0x00000007fbe00000| Complete 
|3955|0x00000007fbf00000, 0x00000007fc000000, 0x00000007fc000000|100%| E|CS|TAMS 0x00000007fbf00000, 0x00000007fbf00000| Complete 
|3956|0x00000007fc000000, 0x00000007fc100000, 0x00000007fc100000|100%| E|CS|TAMS 0x00000007fc000000, 0x00000007fc000000| Complete 
|3957|0x00000007fc100000, 0x00000007fc200000, 0x00000007fc200000|100%| E|CS|TAMS 0x00000007fc100000, 0x00000007fc100000| Complete 
|3958|0x00000007fc200000, 0x00000007fc300000, 0x00000007fc300000|100%| E|CS|TAMS 0x00000007fc200000, 0x00000007fc200000| Complete 
|3959|0x00000007fc300000, 0x00000007fc400000, 0x00000007fc400000|100%| E|CS|TAMS 0x00000007fc300000, 0x00000007fc300000| Complete 
|3960|0x00000007fc400000, 0x00000007fc500000, 0x00000007fc500000|100%| E|CS|TAMS 0x00000007fc400000, 0x00000007fc400000| Complete 
|3961|0x00000007fc500000, 0x00000007fc600000, 0x00000007fc600000|100%| E|CS|TAMS 0x00000007fc500000, 0x00000007fc500000| Complete 
|3962|0x00000007fc600000, 0x00000007fc700000, 0x00000007fc700000|100%| E|CS|TAMS 0x00000007fc600000, 0x00000007fc600000| Complete 
|3963|0x00000007fc700000, 0x00000007fc800000, 0x00000007fc800000|100%| E|CS|TAMS 0x00000007fc700000, 0x00000007fc700000| Complete 
|3964|0x00000007fc800000, 0x00000007fc900000, 0x00000007fc900000|100%| E|CS|TAMS 0x00000007fc800000, 0x00000007fc800000| Complete 
|3965|0x00000007fc900000, 0x00000007fca00000, 0x00000007fca00000|100%| E|CS|TAMS 0x00000007fc900000, 0x00000007fc900000| Complete 
|3966|0x00000007fca00000, 0x00000007fcb00000, 0x00000007fcb00000|100%| E|CS|TAMS 0x00000007fca00000, 0x00000007fca00000| Complete 
|3967|0x00000007fcb00000, 0x00000007fcc00000, 0x00000007fcc00000|100%| E|CS|TAMS 0x00000007fcb00000, 0x00000007fcb00000| Complete 
|3968|0x00000007fcc00000, 0x00000007fcd00000, 0x00000007fcd00000|100%| E|CS|TAMS 0x00000007fcc00000, 0x00000007fcc00000| Complete 
|3969|0x00000007fcd00000, 0x00000007fce00000, 0x00000007fce00000|100%| E|CS|TAMS 0x00000007fcd00000, 0x00000007fcd00000| Complete 
|3970|0x00000007fce00000, 0x00000007fcf00000, 0x00000007fcf00000|100%| E|CS|TAMS 0x00000007fce00000, 0x00000007fce00000| Complete 
|3971|0x00000007fcf00000, 0x00000007fd000000, 0x00000007fd000000|100%| E|CS|TAMS 0x00000007fcf00000, 0x00000007fcf00000| Complete 
|3972|0x00000007fd000000, 0x00000007fd100000, 0x00000007fd100000|100%| E|CS|TAMS 0x00000007fd000000, 0x00000007fd000000| Complete 
|3973|0x00000007fd100000, 0x00000007fd200000, 0x00000007fd200000|100%| E|CS|TAMS 0x00000007fd100000, 0x00000007fd100000| Complete 
|3974|0x00000007fd200000, 0x00000007fd300000, 0x00000007fd300000|100%| E|CS|TAMS 0x00000007fd200000, 0x00000007fd200000| Complete 
|3975|0x00000007fd300000, 0x00000007fd400000, 0x00000007fd400000|100%| E|CS|TAMS 0x00000007fd300000, 0x00000007fd300000| Complete 
|3976|0x00000007fd400000, 0x00000007fd500000, 0x00000007fd500000|100%| E|CS|TAMS 0x00000007fd400000, 0x00000007fd400000| Complete 
|3977|0x00000007fd500000, 0x00000007fd600000, 0x00000007fd600000|100%| E|CS|TAMS 0x00000007fd500000, 0x00000007fd500000| Complete 
|3978|0x00000007fd600000, 0x00000007fd700000, 0x00000007fd700000|100%| E|CS|TAMS 0x00000007fd600000, 0x00000007fd600000| Complete 
|3979|0x00000007fd700000, 0x00000007fd800000, 0x00000007fd800000|100%| E|CS|TAMS 0x00000007fd700000, 0x00000007fd700000| Complete 
|3980|0x00000007fd800000, 0x00000007fd900000, 0x00000007fd900000|100%| E|CS|TAMS 0x00000007fd800000, 0x00000007fd800000| Complete 
|3981|0x00000007fd900000, 0x00000007fda00000, 0x00000007fda00000|100%| E|CS|TAMS 0x00000007fd900000, 0x00000007fd900000| Complete 
|3982|0x00000007fda00000, 0x00000007fdb00000, 0x00000007fdb00000|100%| E|CS|TAMS 0x00000007fda00000, 0x00000007fda00000| Complete 
|3983|0x00000007fdb00000, 0x00000007fdc00000, 0x00000007fdc00000|100%| E|CS|TAMS 0x00000007fdb00000, 0x00000007fdb00000| Complete 
|3984|0x00000007fdc00000, 0x00000007fdd00000, 0x00000007fdd00000|100%| E|CS|TAMS 0x00000007fdc00000, 0x00000007fdc00000| Complete 
|3985|0x00000007fdd00000, 0x00000007fde00000, 0x00000007fde00000|100%| E|CS|TAMS 0x00000007fdd00000, 0x00000007fdd00000| Complete 
|3986|0x00000007fde00000, 0x00000007fdf00000, 0x00000007fdf00000|100%| E|CS|TAMS 0x00000007fde00000, 0x00000007fde00000| Complete 
|3987|0x00000007fdf00000, 0x00000007fe000000, 0x00000007fe000000|100%| E|CS|TAMS 0x00000007fdf00000, 0x00000007fdf00000| Complete 
|3988|0x00000007fe000000, 0x00000007fe100000, 0x00000007fe100000|100%| E|CS|TAMS 0x00000007fe000000, 0x00000007fe000000| Complete 
|3989|0x00000007fe100000, 0x00000007fe200000, 0x00000007fe200000|100%| E|CS|TAMS 0x00000007fe100000, 0x00000007fe100000| Complete 
|3990|0x00000007fe200000, 0x00000007fe300000, 0x00000007fe300000|100%| E|CS|TAMS 0x00000007fe200000, 0x00000007fe200000| Complete 
|3991|0x00000007fe300000, 0x00000007fe400000, 0x00000007fe400000|100%| E|CS|TAMS 0x00000007fe300000, 0x00000007fe300000| Complete 
|3992|0x00000007fe400000, 0x00000007fe500000, 0x00000007fe500000|100%| E|CS|TAMS 0x00000007fe400000, 0x00000007fe400000| Complete 
|3993|0x00000007fe500000, 0x00000007fe600000, 0x00000007fe600000|100%| E|CS|TAMS 0x00000007fe500000, 0x00000007fe500000| Complete 
|3994|0x00000007fe600000, 0x00000007fe700000, 0x00000007fe700000|100%| E|CS|TAMS 0x00000007fe600000, 0x00000007fe600000| Complete 
|3995|0x00000007fe700000, 0x00000007fe800000, 0x00000007fe800000|100%| E|CS|TAMS 0x00000007fe700000, 0x00000007fe700000| Complete 
|3996|0x00000007fe800000, 0x00000007fe900000, 0x00000007fe900000|100%| E|CS|TAMS 0x00000007fe800000, 0x00000007fe800000| Complete 
|3997|0x00000007fe900000, 0x00000007fea00000, 0x00000007fea00000|100%| E|CS|TAMS 0x00000007fe900000, 0x00000007fe900000| Complete 
|3998|0x00000007fea00000, 0x00000007feb00000, 0x00000007feb00000|100%| E|CS|TAMS 0x00000007fea00000, 0x00000007fea00000| Complete 
|3999|0x00000007feb00000, 0x00000007fec00000, 0x00000007fec00000|100%| E|CS|TAMS 0x00000007feb00000, 0x00000007feb00000| Complete 
|4000|0x00000007fec00000, 0x00000007fed00000, 0x00000007fed00000|100%| E|CS|TAMS 0x00000007fec00000, 0x00000007fec00000| Complete 
|4001|0x00000007fed00000, 0x00000007fee00000, 0x00000007fee00000|100%| E|CS|TAMS 0x00000007fed00000, 0x00000007fed00000| Complete 
|4002|0x00000007fee00000, 0x00000007fef00000, 0x00000007fef00000|100%| E|CS|TAMS 0x00000007fee00000, 0x00000007fee00000| Complete 
|4003|0x00000007fef00000, 0x00000007ff000000, 0x00000007ff000000|100%| E|CS|TAMS 0x00000007fef00000, 0x00000007fef00000| Complete 
|4004|0x00000007ff000000, 0x00000007ff100000, 0x00000007ff100000|100%| E|CS|TAMS 0x00000007ff000000, 0x00000007ff000000| Complete 
|4005|0x00000007ff100000, 0x00000007ff200000, 0x00000007ff200000|100%| E|CS|TAMS 0x00000007ff100000, 0x00000007ff100000| Complete 
|4006|0x00000007ff200000, 0x00000007ff300000, 0x00000007ff300000|100%| E|CS|TAMS 0x00000007ff200000, 0x00000007ff200000| Complete 
|4007|0x00000007ff300000, 0x00000007ff400000, 0x00000007ff400000|100%| E|CS|TAMS 0x00000007ff300000, 0x00000007ff300000| Complete 
|4008|0x00000007ff400000, 0x00000007ff500000, 0x00000007ff500000|100%| E|CS|TAMS 0x00000007ff400000, 0x00000007ff400000| Complete 
|4009|0x00000007ff500000, 0x00000007ff600000, 0x00000007ff600000|100%| E|CS|TAMS 0x00000007ff500000, 0x00000007ff500000| Complete 
|4010|0x00000007ff600000, 0x00000007ff700000, 0x00000007ff700000|100%| E|CS|TAMS 0x00000007ff600000, 0x00000007ff600000| Complete 
|4011|0x00000007ff700000, 0x00000007ff800000, 0x00000007ff800000|100%| E|CS|TAMS 0x00000007ff700000, 0x00000007ff700000| Complete 
|4012|0x00000007ff800000, 0x00000007ff900000, 0x00000007ff900000|100%| E|CS|TAMS 0x00000007ff800000, 0x00000007ff800000| Complete 
|4013|0x00000007ff900000, 0x00000007ffa00000, 0x00000007ffa00000|100%| E|CS|TAMS 0x00000007ff900000, 0x00000007ff900000| Complete 
|4014|0x00000007ffa00000, 0x00000007ffb00000, 0x00000007ffb00000|100%| E|CS|TAMS 0x00000007ffa00000, 0x00000007ffa00000| Complete 
|4015|0x00000007ffb00000, 0x00000007ffc00000, 0x00000007ffc00000|100%| E|CS|TAMS 0x00000007ffb00000, 0x00000007ffb00000| Complete 
|4016|0x00000007ffc00000, 0x00000007ffd00000, 0x00000007ffd00000|100%| E|CS|TAMS 0x00000007ffc00000, 0x00000007ffc00000| Complete 
|4017|0x00000007ffd00000, 0x00000007ffe00000, 0x00000007ffe00000|100%| E|CS|TAMS 0x00000007ffd00000, 0x00000007ffd00000| Complete 
|4018|0x00000007ffe00000, 0x00000007fff00000, 0x00000007fff00000|100%| E|CS|TAMS 0x00000007ffe00000, 0x00000007ffe00000| Complete 
|4019|0x00000007fff00000, 0x0000000800000000, 0x0000000800000000|100%| E|CS|TAMS 0x00000007fff00000, 0x00000007fff00000| Complete 

Card table byte_map: [0x000001f26fc60000,0x000001f270440000] _byte_map_base: 0x000001f26c43a000

Marking Bits (Prev, Next): (CMBitMap*) 0x000001f2555d8d08, (CMBitMap*) 0x000001f2555d8d40
 Prev Bits: [0x000001f270c20000, 0x000001f274af0000)
 Next Bits: [0x000001f274af0000, 0x000001f2789c0000)

Polling page: 0x000001f255220000

Metaspace:

Usage:
  Non-class:     49.36 MB capacity,    48.74 MB ( 99%) used,   493.31 KB ( <1%) free+waste,   140.56 KB ( <1%) overhead. 
      Class:      5.36 MB capacity,     4.95 MB ( 92%) used,   358.14 KB (  7%) free+waste,    54.19 KB ( <1%) overhead. 
       Both:     54.71 MB capacity,    53.69 MB ( 98%) used,   851.45 KB (  2%) free+waste,   194.75 KB ( <1%) overhead. 

Virtual space:
  Non-class space:       58.00 MB reserved,      56.25 MB ( 97%) committed 
      Class space:        1.00 GB reserved,       6.50 MB ( <1%) committed 
             Both:        1.06 GB reserved,      62.75 MB (  6%) committed 

Chunk freelists:
   Non-Class:  6.83 MB
       Class:  1.11 MB
        Both:  7.95 MB

MaxMetaspaceSize: 17179869184.00 GB
CompressedClassSpaceSize: 1.00 GB
Initial GC threshold: 20.80 MB
Current GC threshold: 104.59 MB
CDS: off

CodeHeap 'non-profiled nmethods': size=119168Kb used=37371Kb max_used=37371Kb free=81796Kb
 bounds [0x000001f266e40000, 0x000001f2692c0000, 0x000001f26e2a0000]
CodeHeap 'profiled nmethods': size=119168Kb used=25296Kb max_used=31403Kb free=93871Kb
 bounds [0x000001f25f9e0000, 0x000001f261890000, 0x000001f266e40000]
CodeHeap 'non-nmethods': size=7424Kb used=1550Kb max_used=3264Kb free=5873Kb
 bounds [0x000001f25f2a0000, 0x000001f25f5e0000, 0x000001f25f9e0000]
 total_blobs=14897 nmethods=13980 adapters=828
 compilation: enabled
              stopped_count=0, restarted_count=0
 full_count=0

Compilation events (20 events):
Event: 7477.515 Thread 0x000001f27c6ff800 22839   !   3       com.sun.tools.javac.parser.JavacParser::methodDeclaratorRest (283 bytes)
Event: 7477.516 Thread 0x000001f27c6ff800 nmethod 22839 0x000001f2602e9e10 code [0x000001f2602ea1a0, 0x000001f2602eb9a8]
Event: 7477.845 Thread 0x000001f27c6fe800 22840       4       cn.ios.casegen.expr.define.constant.prim.JUCharConstantExpr::createValue (35 bytes)
Event: 7477.849 Thread 0x000001f27c6fe800 nmethod 22840 0x000001f2689a7290 code [0x000001f2689a74a0, 0x000001f2689a7b18]
Event: 7485.303 Thread 0x000001f27c6fe800 22841       4       com.sun.tools.javac.parser.JavacParser::formalParameters (199 bytes)
Event: 7485.333 Thread 0x000001f27c6fe800 nmethod 22841 0x000001f2692bbf10 code [0x000001f2692bc300, 0x000001f2692be7f0]
Event: 7486.561 Thread 0x000001f27c6ff800 22842       3       com.sun.tools.javac.code.Types::makeIntersectionType (147 bytes)
Event: 7486.564 Thread 0x000001f27c6ff800 nmethod 22842 0x000001f261782710 code [0x000001f261782ae0, 0x000001f261784c38]
Event: 7486.564 Thread 0x000001f27c6ff800 22843       3       com.sun.tools.javac.code.Type$IntersectionClassType::<init> (92 bytes)
Event: 7486.564 Thread 0x000001f27c6ff800 nmethod 22843 0x000001f25fe45390 code [0x000001f25fe45640, 0x000001f25fe463e8]
Event: 7486.935 Thread 0x000001f27c6fe800 22844       4       com.sun.tools.javac.code.Kinds$Kind::absentKind (39 bytes)
Event: 7486.936 Thread 0x000001f27c6fe800 nmethod 22844 0x000001f268164610 code [0x000001f2681647a0, 0x000001f268164818]
Event: 7488.337 Thread 0x000001f27c6fe800 22845       4       com.sun.tools.javac.parser.JavacParser::variableDeclaratorRest (223 bytes)
Event: 7488.358 Thread 0x000001f27c6fe800 nmethod 22845 0x000001f26850a410 code [0x000001f26850a700, 0x000001f26850bde8]
Event: 7488.358 Thread 0x000001f27c6fe800 22846       4       com.sun.tools.javac.parser.UnicodeReader::peekSurrogates (60 bytes)
Event: 7488.358 Thread 0x000001f27c6fe800 nmethod 22846 0x000001f2689a6f90 code [0x000001f2689a7120, 0x000001f2689a71b8]
Event: 7498.323 Thread 0x000001f27c6fe800 22847       4       com.sun.tools.javac.code.Types$4::visitType (10 bytes)
Event: 7498.328 Thread 0x000001f27c6fe800 nmethod 22847 0x000001f267772890 code [0x000001f267772b40, 0x000001f2677733d0]
Event: 7498.328 Thread 0x000001f27c6fe800 22848       4       com.sun.tools.javac.code.Types$4::visitType (269 bytes)
Event: 7498.333 Thread 0x000001f27c6fe800 nmethod 22848 0x000001f267771310 code [0x000001f2677715c0, 0x000001f267771e50]

GC Heap History (20 events):
Event: 7495.701 GC heap before
{Heap before GC invocations=14603 (full 30):
 garbage-first heap   total 4116480K, used 3696290K [0x0000000704c00000, 0x0000000800000000)
  region size 1024K, 609 young (623616K), 2 survivors (2048K)
 Metaspace       used 54884K, capacity 55866K, committed 64256K, reserved 1107968K
  class space    used 5065K, capacity 5476K, committed 6656K, reserved 1048576K
}
Event: 7495.703 GC heap after
{Heap after GC invocations=14604 (full 30):
 garbage-first heap   total 4116480K, used 3073982K [0x0000000704c00000, 0x0000000800000000)
  region size 1024K, 1 young (1024K), 1 survivors (1024K)
 Metaspace       used 54884K, capacity 55866K, committed 64256K, reserved 1107968K
  class space    used 5065K, capacity 5476K, committed 6656K, reserved 1048576K
}
Event: 7496.037 GC heap before
{Heap before GC invocations=14604 (full 30):
 garbage-first heap   total 4116480K, used 3696574K [0x0000000704c00000, 0x0000000800000000)
  region size 1024K, 609 young (623616K), 1 survivors (1024K)
 Metaspace       used 54884K, capacity 55866K, committed 64256K, reserved 1107968K
  class space    used 5065K, capacity 5476K, committed 6656K, reserved 1048576K
}
Event: 7496.039 GC heap after
{Heap after GC invocations=14605 (full 30):
 garbage-first heap   total 4116480K, used 3074145K [0x0000000704c00000, 0x0000000800000000)
  region size 1024K, 2 young (2048K), 2 survivors (2048K)
 Metaspace       used 54884K, capacity 55866K, committed 64256K, reserved 1107968K
  class space    used 5065K, capacity 5476K, committed 6656K, reserved 1048576K
}
Event: 7496.354 GC heap before
{Heap before GC invocations=14606 (full 30):
 garbage-first heap   total 4116480K, used 3696737K [0x0000000704c00000, 0x0000000800000000)
  region size 1024K, 610 young (624640K), 2 survivors (2048K)
 Metaspace       used 54884K, capacity 55866K, committed 64256K, reserved 1107968K
  class space    used 5065K, capacity 5476K, committed 6656K, reserved 1048576K
}
Event: 7496.356 GC heap after
{Heap after GC invocations=14607 (full 30):
 garbage-first heap   total 4116480K, used 3074190K [0x0000000704c00000, 0x0000000800000000)
  region size 1024K, 2 young (2048K), 2 survivors (2048K)
 Metaspace       used 54884K, capacity 55866K, committed 64256K, reserved 1107968K
  class space    used 5065K, capacity 5476K, committed 6656K, reserved 1048576K
}
Event: 7496.446 GC heap before
{Heap before GC invocations=14607 (full 30):
 garbage-first heap   total 4116480K, used 3277966K [0x0000000704c00000, 0x0000000800000000)
  region size 1024K, 201 young (205824K), 2 survivors (2048K)
 Metaspace       used 54884K, capacity 55866K, committed 64256K, reserved 1107968K
  class space    used 5065K, capacity 5476K, committed 6656K, reserved 1048576K
}
Event: 7496.448 GC heap after
{Heap after GC invocations=14608 (full 30):
 garbage-first heap   total 4116480K, used 3073457K [0x0000000704c00000, 0x0000000800000000)
  region size 1024K, 1 young (1024K), 1 survivors (1024K)
 Metaspace       used 54884K, capacity 55866K, committed 64256K, reserved 1107968K
  class space    used 5065K, capacity 5476K, committed 6656K, reserved 1048576K
}
Event: 7496.705 GC heap before
{Heap before GC invocations=14608 (full 30):
 garbage-first heap   total 4116480K, used 3698097K [0x0000000704c00000, 0x0000000800000000)
  region size 1024K, 611 young (625664K), 1 survivors (1024K)
 Metaspace       used 54884K, capacity 55866K, committed 64256K, reserved 1107968K
  class space    used 5065K, capacity 5476K, committed 6656K, reserved 1048576K
}
Event: 7496.706 GC heap after
{Heap after GC invocations=14609 (full 30):
 garbage-first heap   total 4116480K, used 3075574K [0x0000000704c00000, 0x0000000800000000)
  region size 1024K, 3 young (3072K), 3 survivors (3072K)
 Metaspace       used 54884K, capacity 55866K, committed 64256K, reserved 1107968K
  class space    used 5065K, capacity 5476K, committed 6656K, reserved 1048576K
}
Event: 7496.955 GC heap before
{Heap before GC invocations=14609 (full 30):
 garbage-first heap   total 4116480K, used 3696118K [0x0000000704c00000, 0x0000000800000000)
  region size 1024K, 609 young (623616K), 3 survivors (3072K)
 Metaspace       used 54884K, capacity 55866K, committed 64256K, reserved 1107968K
  class space    used 5065K, capacity 5476K, committed 6656K, reserved 1048576K
}
Event: 7496.957 GC heap after
{Heap after GC invocations=14610 (full 30):
 garbage-first heap   total 4116480K, used 3074181K [0x0000000704c00000, 0x0000000800000000)
  region size 1024K, 2 young (2048K), 2 survivors (2048K)
 Metaspace       used 54884K, capacity 55866K, committed 64256K, reserved 1107968K
  class space    used 5065K, capacity 5476K, committed 6656K, reserved 1048576K
}
Event: 7497.215 GC heap before
{Heap before GC invocations=14610 (full 30):
 garbage-first heap   total 4116480K, used 3695749K [0x0000000704c00000, 0x0000000800000000)
  region size 1024K, 609 young (623616K), 2 survivors (2048K)
 Metaspace       used 54884K, capacity 55866K, committed 64256K, reserved 1107968K
  class space    used 5065K, capacity 5476K, committed 6656K, reserved 1048576K
}
Event: 7497.217 GC heap after
{Heap after GC invocations=14611 (full 30):
 garbage-first heap   total 4116480K, used 3074590K [0x0000000704c00000, 0x0000000800000000)
  region size 1024K, 2 young (2048K), 2 survivors (2048K)
 Metaspace       used 54884K, capacity 55866K, committed 64256K, reserved 1107968K
  class space    used 5065K, capacity 5476K, committed 6656K, reserved 1048576K
}
Event: 7497.570 GC heap before
{Heap before GC invocations=14611 (full 30):
 garbage-first heap   total 4116480K, used 3696158K [0x0000000704c00000, 0x0000000800000000)
  region size 1024K, 609 young (623616K), 2 survivors (2048K)
 Metaspace       used 54884K, capacity 55866K, committed 64256K, reserved 1107968K
  class space    used 5065K, capacity 5476K, committed 6656K, reserved 1048576K
}
Event: 7497.572 GC heap after
{Heap after GC invocations=14612 (full 30):
 garbage-first heap   total 4116480K, used 3076221K [0x0000000704c00000, 0x0000000800000000)
  region size 1024K, 4 young (4096K), 4 survivors (4096K)
 Metaspace       used 54884K, capacity 55866K, committed 64256K, reserved 1107968K
  class space    used 5065K, capacity 5476K, committed 6656K, reserved 1048576K
}
Event: 7497.890 GC heap before
{Heap before GC invocations=14612 (full 30):
 garbage-first heap   total 4116480K, used 3694717K [0x0000000704c00000, 0x0000000800000000)
  region size 1024K, 608 young (622592K), 4 survivors (4096K)
 Metaspace       used 54884K, capacity 55866K, committed 64256K, reserved 1107968K
  class space    used 5065K, capacity 5476K, committed 6656K, reserved 1048576K
}
Event: 7497.894 GC heap after
{Heap after GC invocations=14613 (full 30):
 garbage-first heap   total 4116480K, used 3073683K [0x0000000704c00000, 0x0000000800000000)
  region size 1024K, 1 young (1024K), 1 survivors (1024K)
 Metaspace       used 54884K, capacity 55866K, committed 64256K, reserved 1107968K
  class space    used 5065K, capacity 5476K, committed 6656K, reserved 1048576K
}
Event: 7498.238 GC heap before
{Heap before GC invocations=14613 (full 30):
 garbage-first heap   total 4116480K, used 3696275K [0x0000000704c00000, 0x0000000800000000)
  region size 1024K, 609 young (623616K), 1 survivors (1024K)
 Metaspace       used 54884K, capacity 55866K, committed 64256K, reserved 1107968K
  class space    used 5065K, capacity 5476K, committed 6656K, reserved 1048576K
}
Event: 7498.240 GC heap after
{Heap after GC invocations=14614 (full 30):
 garbage-first heap   total 4116480K, used 3073169K [0x0000000704c00000, 0x0000000800000000)
  region size 1024K, 1 young (1024K), 1 survivors (1024K)
 Metaspace       used 54884K, capacity 55866K, committed 64256K, reserved 1107968K
  class space    used 5065K, capacity 5476K, committed 6656K, reserved 1048576K
}

Deoptimization events (20 events):
Event: 7474.765 Thread 0x000001f200087000 Uncommon trap: trap_request=0xffffff4d fr.pc=0x000001f267e094d0 relative=0x0000000000003af0
Event: 7474.765 Thread 0x000001f200087000 Uncommon trap: reason=unstable_if action=reinterpret pc=0x000001f267e094d0 method=com.sun.tools.javac.parser.JavacParser.blockStatements()Lcom/sun/tools/javac/util/List; @ 35 c2
Event: 7474.765 Thread 0x000001f200087000 DEOPT PACKING pc=0x000001f267e094d0 sp=0x00000034adcfec50
Event: 7474.767 Thread 0x000001f200087000 DEOPT UNPACKING pc=0x000001f25f2ea1af sp=0x00000034adcfeab0 mode 2
Event: 7488.491 Thread 0x000001f206c02800 Uncommon trap: trap_request=0xffffffde fr.pc=0x000001f2685f7d20 relative=0x0000000000000080
Event: 7488.492 Thread 0x000001f206c02800 Uncommon trap: reason=class_check action=maybe_recompile pc=0x000001f2685f7d20 method=java.lang.Integer.equals(Ljava/lang/Object;)Z @ 1 c2
Event: 7488.492 Thread 0x000001f206c02800 DEOPT PACKING pc=0x000001f2685f7d20 sp=0x00000034adcfe770
Event: 7488.494 Thread 0x000001f206c02800 DEOPT UNPACKING pc=0x000001f25f2ea1af sp=0x00000034adcfe700 mode 2
Event: 7488.494 Thread 0x000001f206c02800 Uncommon trap: trap_request=0xffffffde fr.pc=0x000001f2685f7d20 relative=0x0000000000000080
Event: 7488.494 Thread 0x000001f206c02800 Uncommon trap: reason=class_check action=maybe_recompile pc=0x000001f2685f7d20 method=java.lang.Integer.equals(Ljava/lang/Object;)Z @ 1 c2
Event: 7488.494 Thread 0x000001f206c02800 DEOPT PACKING pc=0x000001f2685f7d20 sp=0x00000034adcfe6f0
Event: 7488.494 Thread 0x000001f206c02800 DEOPT UNPACKING pc=0x000001f25f2ea1af sp=0x00000034adcfe680 mode 2
Event: 7498.329 Thread 0x000001f206c02800 Uncommon trap: trap_request=0xffffffde fr.pc=0x000001f2685f7d20 relative=0x0000000000000080
Event: 7498.329 Thread 0x000001f206c02800 Uncommon trap: reason=class_check action=maybe_recompile pc=0x000001f2685f7d20 method=java.lang.Integer.equals(Ljava/lang/Object;)Z @ 1 c2
Event: 7498.329 Thread 0x000001f206c02800 DEOPT PACKING pc=0x000001f2685f7d20 sp=0x00000034adcfe550
Event: 7498.329 Thread 0x000001f206c02800 DEOPT UNPACKING pc=0x000001f25f2ea1af sp=0x00000034adcfe4e0 mode 2
Event: 7498.329 Thread 0x000001f206c02800 Uncommon trap: trap_request=0xffffffde fr.pc=0x000001f2685f7d20 relative=0x0000000000000080
Event: 7498.329 Thread 0x000001f206c02800 Uncommon trap: reason=class_check action=maybe_recompile pc=0x000001f2685f7d20 method=java.lang.Integer.equals(Ljava/lang/Object;)Z @ 1 c2
Event: 7498.329 Thread 0x000001f206c02800 DEOPT PACKING pc=0x000001f2685f7d20 sp=0x00000034adcfe4d0
Event: 7498.329 Thread 0x000001f206c02800 DEOPT UNPACKING pc=0x000001f25f2ea1af sp=0x00000034adcfe460 mode 2

Classes redefined (0 events):
No events

Internal exceptions (20 events):
Event: 7498.232 Thread 0x000001f206c02800 Exception <a 'sun/nio/fs/WindowsException'{0x00000007dad3eb48}> (0x00000007dad3eb48) thrown at [s\src\hotspot\share\prims\jni.cpp, line 617]
Event: 7498.232 Thread 0x000001f206c02800 Exception <a 'sun/nio/fs/WindowsException'{0x00000007dad3f078}> (0x00000007dad3f078) thrown at [s\src\hotspot\share\prims\jni.cpp, line 617]
Event: 7498.232 Thread 0x000001f206c02800 Exception <a 'sun/nio/fs/WindowsException'{0x00000007dad3f228}> (0x00000007dad3f228) thrown at [s\src\hotspot\share\prims\jni.cpp, line 617]
Event: 7498.256 Thread 0x000001f206c02800 Exception <a 'sun/nio/fs/WindowsException'{0x00000007fffff7a0}> (0x00000007fffff7a0) thrown at [s\src\hotspot\share\prims\jni.cpp, line 617]
Event: 7498.256 Thread 0x000001f206c02800 Exception <a 'sun/nio/fs/WindowsException'{0x00000007fdd808b0}> (0x00000007fdd808b0) thrown at [s\src\hotspot\share\prims\jni.cpp, line 617]
Event: 7498.256 Thread 0x000001f206c02800 Exception <a 'sun/nio/fs/WindowsException'{0x00000007fdd80de0}> (0x00000007fdd80de0) thrown at [s\src\hotspot\share\prims\jni.cpp, line 617]
Event: 7498.256 Thread 0x000001f206c02800 Exception <a 'sun/nio/fs/WindowsException'{0x00000007fdd80f90}> (0x00000007fdd80f90) thrown at [s\src\hotspot\share\prims\jni.cpp, line 617]
Event: 7498.279 Thread 0x000001f206c02800 Exception <a 'sun/nio/fs/WindowsException'{0x00000007fb9cbfa8}> (0x00000007fb9cbfa8) thrown at [s\src\hotspot\share\prims\jni.cpp, line 617]
Event: 7498.279 Thread 0x000001f206c02800 Exception <a 'sun/nio/fs/WindowsException'{0x00000007fb9cc5f8}> (0x00000007fb9cc5f8) thrown at [s\src\hotspot\share\prims\jni.cpp, line 617]
Event: 7498.279 Thread 0x000001f206c02800 Exception <a 'sun/nio/fs/WindowsException'{0x00000007fb9ccb28}> (0x00000007fb9ccb28) thrown at [s\src\hotspot\share\prims\jni.cpp, line 617]
Event: 7498.279 Thread 0x000001f206c02800 Exception <a 'sun/nio/fs/WindowsException'{0x00000007fb9cccd8}> (0x00000007fb9cccd8) thrown at [s\src\hotspot\share\prims\jni.cpp, line 617]
Event: 7498.296 Thread 0x000001f206c02800 Exception <a 'sun/nio/fs/WindowsException'{0x00000007fb077b10}> (0x00000007fb077b10) thrown at [s\src\hotspot\share\prims\jni.cpp, line 617]
Event: 7498.296 Thread 0x000001f206c02800 Exception <a 'sun/nio/fs/WindowsException'{0x00000007fb078160}> (0x00000007fb078160) thrown at [s\src\hotspot\share\prims\jni.cpp, line 617]
Event: 7498.296 Thread 0x000001f206c02800 Exception <a 'sun/nio/fs/WindowsException'{0x00000007fb078690}> (0x00000007fb078690) thrown at [s\src\hotspot\share\prims\jni.cpp, line 617]
Event: 7498.296 Thread 0x000001f206c02800 Exception <a 'sun/nio/fs/WindowsException'{0x00000007fb078840}> (0x00000007fb078840) thrown at [s\src\hotspot\share\prims\jni.cpp, line 617]
Event: 7498.314 Thread 0x000001f206c02800 Exception <a 'sun/nio/fs/WindowsException'{0x00000007f907c908}> (0x00000007f907c908) thrown at [s\src\hotspot\share\prims\jni.cpp, line 617]
Event: 7498.315 Thread 0x000001f206c02800 Exception <a 'sun/nio/fs/WindowsException'{0x00000007f907cf58}> (0x00000007f907cf58) thrown at [s\src\hotspot\share\prims\jni.cpp, line 617]
Event: 7498.315 Thread 0x000001f206c02800 Exception <a 'sun/nio/fs/WindowsException'{0x00000007f907d488}> (0x00000007f907d488) thrown at [s\src\hotspot\share\prims\jni.cpp, line 617]
Event: 7498.315 Thread 0x000001f206c02800 Exception <a 'sun/nio/fs/WindowsException'{0x00000007f907d638}> (0x00000007f907d638) thrown at [s\src\hotspot\share\prims\jni.cpp, line 617]
Event: 7498.329 Thread 0x000001f206c02800 Exception <a 'sun/nio/fs/WindowsException'{0x00000007f4cb8c90}> (0x00000007f4cb8c90) thrown at [s\src\hotspot\share\prims\jni.cpp, line 617]

Events (20 events):
Event: 7498.352 Thread 0x000001f209607800 Thread added: 0x000001f209607800
Event: 7498.355 Thread 0x000001f200253800 Thread added: 0x000001f200253800
Event: 7498.356 loading class com/alibaba/fastjson2/JSONException
Event: 7498.356 loading class com/alibaba/fastjson2/JSONException done
Event: 7498.356 Executing VM operation: RevokeBias
Event: 7498.357 Executing VM operation: RevokeBias done
Event: 7498.357 Executing VM operation: RevokeBias
Event: 7498.358 Executing VM operation: RevokeBias done
Event: 7498.358 Executing VM operation: RevokeBias
Event: 7498.358 Executing VM operation: RevokeBias done
Event: 7498.358 Executing VM operation: RevokeBias
Event: 7498.358 Executing VM operation: RevokeBias done
Event: 7498.358 Executing VM operation: RevokeBias
Event: 7498.359 Executing VM operation: RevokeBias done
Event: 7498.359 loading class com/alibaba/fastjson2/util/JDKUtils
Event: 7498.359 loading class com/alibaba/fastjson2/util/JDKUtils done
Event: 7498.362 Thread 0x000001f200253800 Thread exited: 0x000001f200253800
Event: 7498.362 Thread 0x000001f200253800 Thread added: 0x000001f200253800
Event: 7498.362 Thread 0x000001f200253800 Thread exited: 0x000001f200253800
Event: 7498.362 Thread 0x000001f200253800 Thread added: 0x000001f200253800


Dynamic libraries:
0x00007ff6f8870000 - 0x00007ff6f887e000 	C:\Users\yyzha\.jdks\corretto-11.0.22\bin\java.exe
0x00007ffe09c20000 - 0x00007ffe09e87000 	C:\WINDOWS\SYSTEM32\ntdll.dll
0x00007ffe090c0000 - 0x00007ffe09189000 	C:\WINDOWS\System32\KERNEL32.DLL
0x00007ffe070f0000 - 0x00007ffe074df000 	C:\WINDOWS\System32\KERNELBASE.dll
0x00007ffe06e30000 - 0x00007ffe06f7b000 	C:\WINDOWS\System32\ucrtbase.dll
0x00007ffdf3fb0000 - 0x00007ffdf3fc7000 	C:\Users\yyzha\.jdks\corretto-11.0.22\bin\jli.dll
0x00007ffdf3f90000 - 0x00007ffdf3fab000 	C:\Users\yyzha\.jdks\corretto-11.0.22\bin\VCRUNTIME140.dll
0x00007ffe09420000 - 0x00007ffe095e5000 	C:\WINDOWS\System32\USER32.dll
0x00007ffe06e00000 - 0x00007ffe06e27000 	C:\WINDOWS\System32\win32u.dll
0x00007ffdebd70000 - 0x00007ffdec003000 	C:\WINDOWS\WinSxS\amd64_microsoft.windows.common-controls_6595b64144ccf1df_6.0.26100.7309_none_3e05feeae336a044\COMCTL32.dll
0x00007ffe07e70000 - 0x00007ffe07f19000 	C:\WINDOWS\System32\msvcrt.dll
0x00007ffe098f0000 - 0x00007ffe0991b000 	C:\WINDOWS\System32\GDI32.dll
0x00007ffe07660000 - 0x00007ffe0778c000 	C:\WINDOWS\System32\gdi32full.dll
0x00007ffe06f80000 - 0x00007ffe07023000 	C:\WINDOWS\System32\msvcp_win.dll
0x00007ffe08ea0000 - 0x00007ffe08ed1000 	C:\WINDOWS\System32\IMM32.DLL
0x00007ffdf3f80000 - 0x00007ffdf3f8c000 	C:\Users\yyzha\.jdks\corretto-11.0.22\bin\vcruntime140_1.dll
0x00007ffdf3010000 - 0x00007ffdf309d000 	C:\Users\yyzha\.jdks\corretto-11.0.22\bin\msvcp140.dll
0x00007ffd3f180000 - 0x00007ffd3fd43000 	C:\Users\yyzha\.jdks\corretto-11.0.22\bin\server\jvm.dll
0x00007ffe097d0000 - 0x00007ffe09884000 	C:\WINDOWS\System32\ADVAPI32.dll
0x00007ffe091a0000 - 0x00007ffe09246000 	C:\WINDOWS\System32\sechost.dll
0x00007ffe08620000 - 0x00007ffe08738000 	C:\WINDOWS\System32\RPCRT4.dll
0x00007ffe09a00000 - 0x00007ffe09a08000 	C:\WINDOWS\System32\PSAPI.DLL
0x00007ffdf5a70000 - 0x00007ffdf5a7a000 	C:\WINDOWS\SYSTEM32\WSOCK32.dll
0x00007ffdff190000 - 0x00007ffdff1c5000 	C:\WINDOWS\SYSTEM32\WINMM.dll
0x00007ffe09250000 - 0x00007ffe092c4000 	C:\WINDOWS\System32\WS2_32.dll
0x00007ffdf7920000 - 0x00007ffdf792b000 	C:\WINDOWS\SYSTEM32\VERSION.dll
0x00007ffe05b20000 - 0x00007ffe05b3b000 	C:\WINDOWS\SYSTEM32\kernel.appcore.dll
0x00007ffdf3f70000 - 0x00007ffdf3f80000 	C:\Users\yyzha\.jdks\corretto-11.0.22\bin\verify.dll
0x00007ffe043a0000 - 0x00007ffe045e2000 	C:\WINDOWS\SYSTEM32\DBGHELP.DLL
0x00007ffe079e0000 - 0x00007ffe07d65000 	C:\WINDOWS\System32\combase.dll
0x00007ffe09920000 - 0x00007ffe099f6000 	C:\WINDOWS\System32\OLEAUT32.dll
0x00007ffdd3040000 - 0x00007ffdd307c000 	C:\WINDOWS\SYSTEM32\dbgcore.DLL
0x00007ffe07790000 - 0x00007ffe07835000 	C:\WINDOWS\System32\bcryptPrimitives.dll
0x00007ffdf3f40000 - 0x00007ffdf3f68000 	C:\Users\yyzha\.jdks\corretto-11.0.22\bin\java.dll
0x00007ffdf3f30000 - 0x00007ffdf3f3a000 	C:\Users\yyzha\.jdks\corretto-11.0.22\bin\jimage.dll
0x00007ffdf3e80000 - 0x00007ffdf3e98000 	C:\Users\yyzha\.jdks\corretto-11.0.22\bin\zip.dll
0x00007ffe08740000 - 0x00007ffe08e93000 	C:\WINDOWS\System32\SHELL32.dll
0x00007ffe074f0000 - 0x00007ffe0765a000 	C:\WINDOWS\System32\wintypes.dll
0x00007ffe04990000 - 0x00007ffe051ee000 	C:\WINDOWS\SYSTEM32\windows.storage.dll
0x00007ffe07d70000 - 0x00007ffe07e65000 	C:\WINDOWS\System32\SHCORE.dll
0x00007ffe083b0000 - 0x00007ffe08416000 	C:\WINDOWS\System32\shlwapi.dll
0x00007ffe06c90000 - 0x00007ffe06cb9000 	C:\WINDOWS\SYSTEM32\profapi.dll
0x00007ffdf3df0000 - 0x00007ffdf3e09000 	C:\Users\yyzha\.jdks\corretto-11.0.22\bin\net.dll
0x00007ffe00b10000 - 0x00007ffe00c38000 	C:\WINDOWS\SYSTEM32\WINHTTP.dll
0x00007ffe06090000 - 0x00007ffe060fb000 	C:\WINDOWS\system32\mswsock.dll
0x00007ffdf3dd0000 - 0x00007ffdf3de2000 	C:\Users\yyzha\.jdks\corretto-11.0.22\bin\nio.dll
0x00007ffe06350000 - 0x00007ffe0636b000 	C:\WINDOWS\SYSTEM32\CRYPTSP.dll
0x00007ffe05a80000 - 0x00007ffe05aba000 	C:\WINDOWS\system32\rsaenh.dll
0x00007ffe06140000 - 0x00007ffe0616b000 	C:\WINDOWS\SYSTEM32\USERENV.dll
0x00007ffe06c60000 - 0x00007ffe06c8a000 	C:\WINDOWS\SYSTEM32\bcrypt.dll
0x00007ffe06370000 - 0x00007ffe0637c000 	C:\WINDOWS\SYSTEM32\CRYPTBASE.dll
0x00007ffe055c0000 - 0x00007ffe055f4000 	C:\WINDOWS\SYSTEM32\IPHLPAPI.DLL
0x00007ffe09390000 - 0x00007ffe0939a000 	C:\WINDOWS\System32\NSI.dll
0x00007ffe00a90000 - 0x00007ffe00aae000 	C:\WINDOWS\SYSTEM32\dhcpcsvc6.DLL
0x00007ffe00a60000 - 0x00007ffe00a83000 	C:\WINDOWS\SYSTEM32\dhcpcsvc.DLL
0x00007ffe05600000 - 0x00007ffe0572c000 	C:\WINDOWS\SYSTEM32\DNSAPI.dll
0x00007ffdcc6a0000 - 0x00007ffdcc789000 	C:\Users\yyzha\AppData\Local\Temp\sqlite-3.41.2.2-468927fd-69d1-457e-b316-80d19f1f7b83-sqlitejdbc.dll
0x00007ffdbfcb0000 - 0x00007ffdbfe32000 	C:\Users\yyzha\.jdks\corretto-11.0.22\bin\awt.dll
0x00007ffe03900000 - 0x00007ffe0399f000 	C:\WINDOWS\SYSTEM32\apphelp.dll
0x00007ffe03b00000 - 0x00007ffe03bab000 	C:\WINDOWS\system32\uxtheme.dll
0x00007ffe08420000 - 0x00007ffe0857e000 	C:\WINDOWS\System32\MSCTF.dll
0x00007ffe09a40000 - 0x00007ffe09bd7000 	C:\WINDOWS\System32\ole32.dll
0x00007ffe03dd0000 - 0x00007ffe03e00000 	C:\WINDOWS\system32\DWMAPI.DLL
0x00007ffdcc5b0000 - 0x00007ffdcc637000 	C:\Users\yyzha\.jdks\corretto-11.0.22\bin\freetype.dll
0x00007ffd8ff10000 - 0x00007ffd8ffe3000 	C:\Users\yyzha\.jdks\corretto-11.0.22\bin\fontmanager.dll
0x00007ffdd5d70000 - 0x00007ffdd5e80000 	C:\WINDOWS\system32\opengl32.dll
0x00007ffdd55e0000 - 0x00007ffdd560d000 	C:\WINDOWS\SYSTEM32\GLU32.dll
0x00007ffe03c20000 - 0x00007ffe03c64000 	C:\WINDOWS\SYSTEM32\dxcore.dll
0x00007ffe068e0000 - 0x00007ffe06937000 	C:\WINDOWS\SYSTEM32\CFGMGR32.dll
0x00007ffdfefb0000 - 0x00007ffdfefbb000 	C:\Windows\System32\rasadhlp.dll
0x00007ffe00a00000 - 0x00007ffe00a0e000 	C:\Users\yyzha\.jdks\corretto-11.0.22\bin\sunmscapi.dll
0x00007ffe07840000 - 0x00007ffe079b7000 	C:\WINDOWS\System32\CRYPT32.dll
0x00007ffe06570000 - 0x00007ffe065a0000 	C:\WINDOWS\SYSTEM32\ncrypt.dll
0x00007ffe06520000 - 0x00007ffe0655f000 	C:\WINDOWS\SYSTEM32\NTASN1.dll
0x00007ffe009a0000 - 0x00007ffe009c7000 	C:\Users\yyzha\.jdks\corretto-11.0.22\bin\sunec.dll
0x00007ffdfeff0000 - 0x00007ffdfeffa000 	C:\Users\yyzha\.jdks\corretto-11.0.22\bin\w2k_lsa_auth.dll
0x00007ffe038c0000 - 0x00007ffe038cd000 	C:\WINDOWS\SYSTEM32\Secur32.dll
0x00007ffe05dc0000 - 0x00007ffe05e09000 	C:\WINDOWS\SYSTEM32\SSPICLI.DLL
0x00007ffe00440000 - 0x00007ffe004c6000 	C:\WINDOWS\System32\fwpuclnt.dll
0x00007ffdf3f10000 - 0x00007ffdf3f19000 	C:\Users\yyzha\.jdks\corretto-11.0.22\bin\management.dll
0x00007ffdf3dc0000 - 0x00007ffdf3dcb000 	C:\Users\yyzha\.jdks\corretto-11.0.22\bin\management_ext.dll

dbghelp: loaded successfully - version: 4.0.5 - missing functions: none
symbol engine: initialized successfully - sym options: 0x614 - pdb path: .;C:\Users\yyzha\.jdks\corretto-11.0.22\bin;C:\WINDOWS\SYSTEM32;C:\WINDOWS\WinSxS\amd64_microsoft.windows.common-controls_6595b64144ccf1df_6.0.26100.7309_none_3e05feeae336a044;C:\Users\yyzha\.jdks\corretto-11.0.22\bin\server;C:\Users\yyzha\AppData\Local\Temp

VM Arguments:
jvm_args: -Dfile.encoding=UTF-8 -Duser.country=CN -Duser.language=zh -Duser.variant 
java_command: JustinWrapperKt
java_class_path (initial): D:\IdeaProjects\test_native_build\build\classes\java\main;D:\IdeaProjects\test_native_build\build\classes\kotlin\main;D:\IdeaProjects\test_native_build\build\resources\main;D:\Programs\Scoop\persist\gradle\.gradle\caches\modules-2\files-2.1\org.jetbrains.kotlin\kotlin-stdlib\1.9.22\d6c44cd08d8f3f9bece8101216dbe6553365c6e3\kotlin-stdlib-1.9.22.jar;D:\Programs\Scoop\persist\gradle\.gradle\caches\modules-2\files-2.1\net.sourceforge.javacsv\javacsv\2.0\8092b1ba2d4929f2ec27e58cd240502afdd6a9a7\javacsv-2.0.jar;D:\Programs\Scoop\persist\gradle\.gradle\caches\modules-2\files-2.1\junit\junit\4.13.1\cdd00374f1fee76b11e2a9d127405aa3f6be5b6a\junit-4.13.1.jar;D:\Programs\Scoop\persist\gradle\.gradle\caches\modules-2\files-2.1\com.github.curious-odd-man\rgxgen\1.4\8d5947bd00bd8e12313c56b5e6f5f9f2f0e34433\rgxgen-1.4.jar;D:\Programs\Scoop\persist\gradle\.gradle\caches\modules-2\files-2.1\org.hamcrest\hamcrest-core\1.3\42a25dc3219429f0e5d060061f71acb49bf010a0\hamcrest-core-1.3.jar;D:\Programs\Scoop\persist\gradle\.gradle\caches\modules-2\files-2.1\org.soot-oss\soot\4.6.0\6272fe7f7710a6880a0b9ce56e231f46978b1e10\soot-4.6.0.jar;D:\Programs\Scoop\persist\gradle\.gradle\caches\modules-2\files-2.1\org.smali\dexlib2\2.5.2\8b664182af455b0757a7f59a42020fa5608c7d0e\dexlib2-2.5.2.jar;D:\Programs\Scoop\persist\gradle\.gradle\caches\modules-2\files-2.1\de.upb.cs.swt\heros\1.2.3\e90d207add1cad2157a68679b587f7770d309867\heros-1.2.3.jar;D:\Programs\Scoop\persist\gradle\.gradle\caches\modules-2\files-2.1\com.google.protobuf\protobuf-java-util\3.25.5\38cc5ce479603e36466feda2a9f1dfdb2210ef00\protobuf-java-util-3.25.5.jar;D:\Programs\Scoop\persist\gradle\.gradle\caches\modules-2\files-2.1\com.google.guava\guava\33.5.0-jre\8699de25f2f979108d6c1b804a7ba38cda1116bc\guava-33.5.0-jre.jar;D:\Programs\Scoop\persist\gradle\.gradle\caches\modules-2\files-2.1\com.alibaba\fastjson\1.2.83\9ee94951bc107d382519975d04bc950b6c6ab297\fastjson-1.2.83.jar;D:\Programs\Scoop\persist\gradle\.gr
Launcher Type: SUN_STANDARD

[Global flags]
     intx CICompilerCount                          = 12                                        {product} {ergonomic}
     uint ConcGCThreads                            = 4                                         {product} {ergonomic}
     uint G1ConcRefinementThreads                  = 15                                        {product} {ergonomic}
   size_t G1HeapRegionSize                         = 1048576                                   {product} {ergonomic}
    uintx GCDrainStackTargetSize                   = 64                                        {product} {ergonomic}
   size_t InitialHeapSize                          = 264241152                                 {product} {ergonomic}
   size_t MarkStackSize                            = 4194304                                   {product} {ergonomic}
   size_t MaxHeapSize                              = 4215275520                                {product} {ergonomic}
   size_t MaxNewSize                               = 2529165312                                {product} {ergonomic}
   size_t MinHeapDeltaBytes                        = 1048576                                   {product} {ergonomic}
    uintx NonNMethodCodeHeapSize                   = 7594288                                {pd product} {ergonomic}
    uintx NonProfiledCodeHeapSize                  = 122031976                              {pd product} {ergonomic}
    uintx ProfiledCodeHeapSize                     = 122031976                              {pd product} {ergonomic}
    uintx ReservedCodeCacheSize                    = 251658240                              {pd product} {ergonomic}
     bool SegmentedCodeCache                       = true                                      {product} {ergonomic}
     bool UseCompressedClassPointers               = true                                 {lp64_product} {ergonomic}
     bool UseCompressedOops                        = true                                 {lp64_product} {ergonomic}
     bool UseG1GC                                  = true                                      {product} {ergonomic}
     bool UseLargePagesIndividualAllocation        = false                                  {pd product} {ergonomic}

Logging:
Log output configuration:
 #0: stdout all=warning uptime,level,tags
 #1: stderr all=off uptime,level,tags

Environment Variables:
JAVA_HOME=D:\Programs\Scoop\apps\openjdk\current
CLASSPATH=D:\Programs\Qoppa Software\PDF Studio 2023\lib\pdfstudio.jar;D:\Programs\Qoppa Software\PDF Studio 2023\lib\cmaps.jar
PATH=C:\Program Files\Quarto\bin;D:\Programs\Python311\Scripts\;D:\Programs\Python311\;C:\Program Files\Eclipse Adoptium\jdk-8.0.345.1-hotspot\bin;C:\Windows\System32;C:\Windows;C:\Windows\System32\wbem;C:\Windows\System32\WindowsPowerShell\v1.0\;C:\Windows\System32\OpenSSH\;C:\Program Files\dotnet\;C:\ProgramData\chocolatey\bin;D:\Programs\CMake\bin;D:\Programs\Gource\cmd;D:\Programs\Scoop\apps\gpg4win\4.1.0\GnuPG\bin;C:\Program Files (x86)\NetSarang\Xshell 7\;D:\Programs\nodejs\;C:\Program Files\Tailscale\;D:\Programs\Qoppa Software\PDF Studio 2023\jre\bin\server;C:\Program Files (x86)\sbt\bin;D:\Programs\Git\cmd;C:\WINDOWS\system32;C:\WINDOWS;C:\WINDOWS\System32\Wbem;C:\WINDOWS\System32\WindowsPowerShell\v1.0\;C:\WINDOWS\System32\OpenSSH\;C:\Program Files\PowerShell\7\;C:\Users\yyzha\.elan\bin;D:\Programs\Scoop\apps\llvm\current\bin;c:\Users\yyzha\AppData\Local\Programs\Trae\bin;D:\Programs\Scoop\apps\vulkan\current\Bin;D:\Programs\Scoop\apps\vulkan\current\Tools;D:\Programs\Scoop\apps\openjdk\current\bin;D:\Programs\Scoop\apps\ghcup\current\ghcup\bin;C:\Users\yyzha\go\bin;C:\Users\yyzha\.moon\bin;D:\Programs\Scoop\apps\maven\current\bin;D:\Programs\Scoop\apps\elixir\current\bin;D:\Programs\Scoop\shims;D:\Programs\Scoop\apps\miniconda3\current\scripts;D:\Programs\Scoop\apps\miniconda3\current\Library\bin;D:\Programs\Scoop\apps\python\current\Scripts;D:\Programs\Scoop\apps\python\current;D:\Programs\Scoop\apps\graalvm\current\bin;D:\Programs\Scoop\apps\gpg4win\current\GnuPG\bin;D:\Programs\Scoop\apps\gpg4win\current\Gpg4win\bin;D:\Programs\Rust\.cargo\bin;C:\Users\yyzha\AppData\Local\Microsoft\WindowsApps;D:\Programs\Microsoft VS Code\bin;C:\Users\yyzha\AppData\Local\GitHubDesktop\bin;C:\Users\yyzha\AppData\Local\JetBrains\Toolbox\scripts;C:\Users\yyzha\AppData\Roaming\npm;C:\Users\yyzha\.dotnet\tools;D:\Programs\Multipass\bin;C:\Users\yyzha\AppData\Local\Coursier\data\bin;C:\Users\yyzha\AppData\Local\Microsoft\WindowsApps;
USERNAME=yyzha
OS=Windows_NT
PROCESSOR_IDENTIFIER=Intel64 Family 6 Model 151 Stepping 2, GenuineIntel
TMP=C:\Users\yyzha\AppData\Local\Temp
TEMP=C:\Users\yyzha\AppData\Local\Temp



---------------  S Y S T E M  ---------------

OS: Windows 11 , 64 bit Build 26100 (10.0.26100.7309)
OS uptime: 3 days 6:10 hours
Hyper-V role detected

CPU:total 20 (initial active 20) (10 cores per cpu, 2 threads per core) family 6 model 151 stepping 2 microcode 0x2c, cmov, cx8, fxsr, mmx, sse, sse2, sse3, ssse3, sse4.1, sse4.2, popcnt, avx, avx2, aes, clmul, erms, 3dnowpref, lzcnt, ht, tsc, tscinvbit, bmi1, bmi2, adx, sha, fma

Memory: 4k page, system-wide physical 16072M (1690M free)
TotalPageFile size 44102M (AvailPageFile size 2847M)
current process WorkingSet (physical memory assigned to process): 4184M, peak: 4782M
current process commit charge ("private bytes"): 4797M, peak: 5025M

vm_info: OpenJDK 64-Bit Server VM (11.0.22+7-LTS) for windows-amd64 JRE (11.0.22+7-LTS), built on Jan 10 2024 19:54:00 by "Administrator" with MS VC++ 16.10 / 16.11 (VS2019)

END.
